ISO-10303-21;
HEADER;
/* Generated by software containing ST-Developer
 * from STEP Tools, Inc. (www.steptools.com) 
 */

FILE_DESCRIPTION(
/* description */ (''),
/* implementation_level */ '2;1');

FILE_NAME(
/* name */ 'Fan Mount.step',
/* time_stamp */ '2026-07-23T12:29:10-07:00',
/* author */ (''),
/* organization */ (''),
/* preprocessor_version */ 'ST-DEVELOPER v20.1',
/* originating_system */ 'Autodesk Translation Framework v15.8.0.0',
/* authorisation */ '');

FILE_SCHEMA (('AUTOMOTIVE_DESIGN { 1 0 10303 214 3 1 1 }'));
ENDSEC;

DATA;
#10=MECHANICAL_DESIGN_GEOMETRIC_PRESENTATION_REPRESENTATION('',(#13),#3559);
#11=SHAPE_REPRESENTATION_RELATIONSHIP('SRR','None',#3565,#12);
#12=ADVANCED_BREP_SHAPE_REPRESENTATION('',(#14),#3558);
#13=STYLED_ITEM('',(#3574),#14);
#14=MANIFOLD_SOLID_BREP('Fan Mount',#2121);
#15=TOROIDAL_SURFACE('',#2238,4.,2.);
#16=TOROIDAL_SURFACE('',#2246,4.,2.);
#17=SPHERICAL_SURFACE('',#2231,5.);
#18=SPHERICAL_SURFACE('',#2233,5.);
#19=SPHERICAL_SURFACE('',#2277,5.);
#20=SPHERICAL_SURFACE('',#2279,5.);
#21=(
BOUNDED_SURFACE()
B_SPLINE_SURFACE(2,2,((#3316,#3317,#3318),(#3319,#3320,#3321),(#3322,#3323,
#3324)),.UNSPECIFIED.,.F.,.F.,.F.)
B_SPLINE_SURFACE_WITH_KNOTS((3,3),(3,3),(-1.5707963267949,-3.07957330747404E-7),
(1.5707963267949,3.14159265358979),.UNSPECIFIED.)
GEOMETRIC_REPRESENTATION_ITEM()
RATIONAL_B_SPLINE_SURFACE(((1.,0.707106781186548,1.),(0.707106890065905,
0.500000076989332,0.707106890065905),(1.,0.707106781186548,1.)))
REPRESENTATION_ITEM('')
SURFACE()
);
#22=(
BOUNDED_SURFACE()
B_SPLINE_SURFACE(2,2,((#3332,#3333,#3334),(#3335,#3336,#3337),(#3338,#3339,
#3340)),.UNSPECIFIED.,.F.,.F.,.F.)
B_SPLINE_SURFACE_WITH_KNOTS((3,3),(3,3),(-1.5707963267949,-3.07957230087183E-7),
(-3.14159265358979,-1.5707963267949),.UNSPECIFIED.)
GEOMETRIC_REPRESENTATION_ITEM()
RATIONAL_B_SPLINE_SURFACE(((1.,0.707106781186548,1.),(0.70710689006587,
0.500000076989307,0.70710689006587),(1.,0.707106781186548,1.)))
REPRESENTATION_ITEM('')
SURFACE()
);
#23=ELLIPSE('',#2189,7.07106781186547,5.);
#24=ELLIPSE('',#2190,7.07106781186547,5.);
#25=ELLIPSE('',#2236,2.82842712474619,2.);
#26=ELLIPSE('',#2244,2.82842712474619,2.);
#27=CYLINDRICAL_SURFACE('',#2155,10.);
#28=CYLINDRICAL_SURFACE('',#2156,10.);
#29=CYLINDRICAL_SURFACE('',#2157,5.5);
#30=CYLINDRICAL_SURFACE('',#2159,5.5);
#31=CYLINDRICAL_SURFACE('',#2166,5.5);
#32=CYLINDRICAL_SURFACE('',#2167,5.5);
#33=CYLINDRICAL_SURFACE('',#2169,2.23606792751978);
#34=CYLINDRICAL_SURFACE('',#2171,2.23606792751978);
#35=CYLINDRICAL_SURFACE('',#2172,2.23606792751978);
#36=CYLINDRICAL_SURFACE('',#2174,2.23606792751978);
#37=CYLINDRICAL_SURFACE('',#2176,2.5);
#38=CYLINDRICAL_SURFACE('',#2179,2.5);
#39=CYLINDRICAL_SURFACE('',#2181,2.5);
#40=CYLINDRICAL_SURFACE('',#2184,2.5);
#41=CYLINDRICAL_SURFACE('',#2188,5.);
#42=CYLINDRICAL_SURFACE('',#2192,5.);
#43=CYLINDRICAL_SURFACE('',#2195,5.);
#44=CYLINDRICAL_SURFACE('',#2210,4.);
#45=CYLINDRICAL_SURFACE('',#2214,4.);
#46=CYLINDRICAL_SURFACE('',#2218,3.);
#47=CYLINDRICAL_SURFACE('',#2222,3.);
#48=CYLINDRICAL_SURFACE('',#2226,3.);
#49=CYLINDRICAL_SURFACE('',#2228,5.);
#50=CYLINDRICAL_SURFACE('',#2235,2.);
#51=CYLINDRICAL_SURFACE('',#2240,2.);
#52=CYLINDRICAL_SURFACE('',#2243,2.);
#53=CYLINDRICAL_SURFACE('',#2247,2.);
#54=CYLINDRICAL_SURFACE('',#2248,5.);
#55=CYLINDRICAL_SURFACE('',#2252,5.);
#56=CYLINDRICAL_SURFACE('',#2256,5.);
#57=CYLINDRICAL_SURFACE('',#2260,5.);
#58=CYLINDRICAL_SURFACE('',#2270,5.);
#59=CYLINDRICAL_SURFACE('',#2272,5.);
#60=CYLINDRICAL_SURFACE('',#2275,5.);
#61=CYLINDRICAL_SURFACE('',#2282,5.);
#62=CYLINDRICAL_SURFACE('',#2285,5.);
#63=CYLINDRICAL_SURFACE('',#2293,5.);
#64=CYLINDRICAL_SURFACE('',#2295,5.);
#65=B_SPLINE_CURVE_WITH_KNOTS('',3,(#3017,#3018,#3019,#3020,#3021,#3022,
#3023,#3024,#3025,#3026),.UNSPECIFIED.,.F.,.F.,(4,2,2,2,4),(0.,0.117562819132909,
0.235125638265817,0.311588864828487,0.388052091391156),.UNSPECIFIED.);
#66=B_SPLINE_CURVE_WITH_KNOTS('',3,(#3030,#3031,#3032,#3033,#3034,#3035,
#3036,#3037,#3038,#3039),.UNSPECIFIED.,.F.,.F.,(4,2,2,2,4),(1.01106448007702,
1.08752770663969,1.16399093320236,1.28155375233527,1.39911657146818),
 .UNSPECIFIED.);
#67=B_SPLINE_CURVE_WITH_KNOTS('',3,(#3306,#3307,#3308,#3309,#3310,#3311,
#3312,#3313,#3314,#3315),.UNSPECIFIED.,.F.,.F.,(4,2,2,2,4),(1.55020109513424,
1.6779146484519,1.80562820176956,1.99390494059314,2.18218167941673),
 .UNSPECIFIED.);
#68=B_SPLINE_CURVE_WITH_KNOTS('',3,(#3346,#3347,#3348,#3349,#3350,#3351,
#3352,#3353,#3354,#3355),.UNSPECIFIED.,.F.,.F.,(4,2,2,2,4),(0.,0.188276738823584,
0.376553477647168,0.504267030964828,0.631980584282489),.UNSPECIFIED.);
#69=FACE_BOUND('',#275,.T.);
#70=FACE_BOUND('',#276,.T.);
#71=FACE_BOUND('',#280,.T.);
#72=FACE_BOUND('',#281,.T.);
#73=FACE_BOUND('',#286,.T.);
#74=FACE_BOUND('',#287,.T.);
#75=FACE_BOUND('',#290,.T.);
#76=FACE_BOUND('',#299,.T.);
#77=FACE_BOUND('',#300,.T.);
#78=FACE_BOUND('',#316,.T.);
#79=FACE_BOUND('',#330,.T.);
#80=FACE_BOUND('',#331,.T.);
#81=FACE_BOUND('',#332,.T.);
#82=FACE_BOUND('',#333,.T.);
#83=FACE_BOUND('',#335,.T.);
#84=FACE_BOUND('',#336,.T.);
#85=FACE_BOUND('',#382,.T.);
#86=FACE_BOUND('',#390,.T.);
#87=FACE_BOUND('',#396,.T.);
#88=FACE_BOUND('',#399,.T.);
#89=FACE_BOUND('',#403,.T.);
#90=FACE_BOUND('',#406,.T.);
#91=CIRCLE('',#2125,5.5);
#92=CIRCLE('',#2126,5.5);
#93=CIRCLE('',#2127,2.23606792751978);
#94=CIRCLE('',#2128,2.23606792751978);
#95=CIRCLE('',#2132,5.5);
#96=CIRCLE('',#2133,2.5);
#97=CIRCLE('',#2134,2.5);
#98=CIRCLE('',#2135,5.5);
#99=CIRCLE('',#2136,2.23606792751978);
#100=CIRCLE('',#2137,2.23606792751978);
#101=CIRCLE('',#2142,5.5);
#102=CIRCLE('',#2143,5.5);
#103=CIRCLE('',#2144,2.23606792751978);
#104=CIRCLE('',#2145,2.23606792751978);
#105=CIRCLE('',#2147,10.);
#106=CIRCLE('',#2150,10.);
#107=CIRCLE('',#2152,10.);
#108=CIRCLE('',#2154,10.);
#109=CIRCLE('',#2158,5.5);
#110=CIRCLE('',#2160,5.5);
#111=CIRCLE('',#2162,2.5);
#112=CIRCLE('',#2163,2.5);
#113=CIRCLE('',#2164,2.23606792751978);
#114=CIRCLE('',#2165,2.23606792751978);
#115=CIRCLE('',#2177,2.5);
#116=CIRCLE('',#2180,2.5);
#117=CIRCLE('',#2182,2.5);
#118=CIRCLE('',#2185,2.5);
#119=CIRCLE('',#2193,5.);
#120=CIRCLE('',#2196,5.);
#121=CIRCLE('',#2203,5.);
#122=CIRCLE('',#2204,2.);
#123=CIRCLE('',#2205,2.);
#124=CIRCLE('',#2206,5.);
#125=CIRCLE('',#2211,4.);
#126=CIRCLE('',#2212,4.);
#127=CIRCLE('',#2215,4.);
#128=CIRCLE('',#2216,4.);
#129=CIRCLE('',#2219,3.00000000000001);
#130=CIRCLE('',#2220,3.);
#131=CIRCLE('',#2221,5.);
#132=CIRCLE('',#2223,3.);
#133=CIRCLE('',#2224,3.);
#134=CIRCLE('',#2225,5.00000096857548);
#135=CIRCLE('',#2229,5.);
#136=CIRCLE('',#2230,5.);
#137=CIRCLE('',#2232,5.);
#138=CIRCLE('',#2234,5.);
#139=CIRCLE('',#2237,2.);
#140=CIRCLE('',#2239,2.);
#141=CIRCLE('',#2241,2.);
#142=CIRCLE('',#2245,2.);
#143=CIRCLE('',#2249,5.);
#144=CIRCLE('',#2250,5.);
#145=CIRCLE('',#2253,5.);
#146=CIRCLE('',#2254,5.);
#147=CIRCLE('',#2257,5.);
#148=CIRCLE('',#2258,5.);
#149=CIRCLE('',#2261,5.);
#150=CIRCLE('',#2262,5.);
#151=CIRCLE('',#2271,5.);
#152=CIRCLE('',#2273,5.);
#153=CIRCLE('',#2274,5.);
#154=CIRCLE('',#2276,5.);
#155=CIRCLE('',#2278,5.);
#156=CIRCLE('',#2280,5.);
#157=CIRCLE('',#2283,5.);
#158=CIRCLE('',#2286,5.);
#159=CIRCLE('',#2294,5.);
#160=CIRCLE('',#2296,5.);
#161=FACE_OUTER_BOUND('',#273,.T.);
#162=FACE_OUTER_BOUND('',#274,.T.);
#163=FACE_OUTER_BOUND('',#277,.T.);
#164=FACE_OUTER_BOUND('',#278,.T.);
#165=FACE_OUTER_BOUND('',#279,.T.);
#166=FACE_OUTER_BOUND('',#282,.T.);
#167=FACE_OUTER_BOUND('',#283,.T.);
#168=FACE_OUTER_BOUND('',#284,.T.);
#169=FACE_OUTER_BOUND('',#285,.T.);
#170=FACE_OUTER_BOUND('',#288,.T.);
#171=FACE_OUTER_BOUND('',#289,.T.);
#172=FACE_OUTER_BOUND('',#291,.T.);
#173=FACE_OUTER_BOUND('',#292,.T.);
#174=FACE_OUTER_BOUND('',#293,.T.);
#175=FACE_OUTER_BOUND('',#294,.T.);
#176=FACE_OUTER_BOUND('',#295,.T.);
#177=FACE_OUTER_BOUND('',#296,.T.);
#178=FACE_OUTER_BOUND('',#297,.T.);
#179=FACE_OUTER_BOUND('',#298,.T.);
#180=FACE_OUTER_BOUND('',#301,.T.);
#181=FACE_OUTER_BOUND('',#302,.T.);
#182=FACE_OUTER_BOUND('',#303,.T.);
#183=FACE_OUTER_BOUND('',#304,.T.);
#184=FACE_OUTER_BOUND('',#305,.T.);
#185=FACE_OUTER_BOUND('',#306,.T.);
#186=FACE_OUTER_BOUND('',#307,.T.);
#187=FACE_OUTER_BOUND('',#308,.T.);
#188=FACE_OUTER_BOUND('',#309,.T.);
#189=FACE_OUTER_BOUND('',#310,.T.);
#190=FACE_OUTER_BOUND('',#311,.T.);
#191=FACE_OUTER_BOUND('',#312,.T.);
#192=FACE_OUTER_BOUND('',#313,.T.);
#193=FACE_OUTER_BOUND('',#314,.T.);
#194=FACE_OUTER_BOUND('',#315,.T.);
#195=FACE_OUTER_BOUND('',#317,.T.);
#196=FACE_OUTER_BOUND('',#318,.T.);
#197=FACE_OUTER_BOUND('',#319,.T.);
#198=FACE_OUTER_BOUND('',#320,.T.);
#199=FACE_OUTER_BOUND('',#321,.T.);
#200=FACE_OUTER_BOUND('',#322,.T.);
#201=FACE_OUTER_BOUND('',#323,.T.);
#202=FACE_OUTER_BOUND('',#324,.T.);
#203=FACE_OUTER_BOUND('',#325,.T.);
#204=FACE_OUTER_BOUND('',#326,.T.);
#205=FACE_OUTER_BOUND('',#327,.T.);
#206=FACE_OUTER_BOUND('',#328,.T.);
#207=FACE_OUTER_BOUND('',#329,.T.);
#208=FACE_OUTER_BOUND('',#334,.T.);
#209=FACE_OUTER_BOUND('',#337,.T.);
#210=FACE_OUTER_BOUND('',#338,.T.);
#211=FACE_OUTER_BOUND('',#339,.T.);
#212=FACE_OUTER_BOUND('',#340,.T.);
#213=FACE_OUTER_BOUND('',#341,.T.);
#214=FACE_OUTER_BOUND('',#342,.T.);
#215=FACE_OUTER_BOUND('',#343,.T.);
#216=FACE_OUTER_BOUND('',#344,.T.);
#217=FACE_OUTER_BOUND('',#345,.T.);
#218=FACE_OUTER_BOUND('',#346,.T.);
#219=FACE_OUTER_BOUND('',#347,.T.);
#220=FACE_OUTER_BOUND('',#348,.T.);
#221=FACE_OUTER_BOUND('',#349,.T.);
#222=FACE_OUTER_BOUND('',#350,.T.);
#223=FACE_OUTER_BOUND('',#351,.T.);
#224=FACE_OUTER_BOUND('',#352,.T.);
#225=FACE_OUTER_BOUND('',#353,.T.);
#226=FACE_OUTER_BOUND('',#354,.T.);
#227=FACE_OUTER_BOUND('',#355,.T.);
#228=FACE_OUTER_BOUND('',#356,.T.);
#229=FACE_OUTER_BOUND('',#357,.T.);
#230=FACE_OUTER_BOUND('',#358,.T.);
#231=FACE_OUTER_BOUND('',#359,.T.);
#232=FACE_OUTER_BOUND('',#360,.T.);
#233=FACE_OUTER_BOUND('',#361,.T.);
#234=FACE_OUTER_BOUND('',#362,.T.);
#235=FACE_OUTER_BOUND('',#363,.T.);
#236=FACE_OUTER_BOUND('',#364,.T.);
#237=FACE_OUTER_BOUND('',#365,.T.);
#238=FACE_OUTER_BOUND('',#366,.T.);
#239=FACE_OUTER_BOUND('',#367,.T.);
#240=FACE_OUTER_BOUND('',#368,.T.);
#241=FACE_OUTER_BOUND('',#369,.T.);
#242=FACE_OUTER_BOUND('',#370,.T.);
#243=FACE_OUTER_BOUND('',#371,.T.);
#244=FACE_OUTER_BOUND('',#372,.T.);
#245=FACE_OUTER_BOUND('',#373,.T.);
#246=FACE_OUTER_BOUND('',#374,.T.);
#247=FACE_OUTER_BOUND('',#375,.T.);
#248=FACE_OUTER_BOUND('',#376,.T.);
#249=FACE_OUTER_BOUND('',#377,.T.);
#250=FACE_OUTER_BOUND('',#378,.T.);
#251=FACE_OUTER_BOUND('',#379,.T.);
#252=FACE_OUTER_BOUND('',#380,.T.);
#253=FACE_OUTER_BOUND('',#381,.T.);
#254=FACE_OUTER_BOUND('',#383,.T.);
#255=FACE_OUTER_BOUND('',#384,.T.);
#256=FACE_OUTER_BOUND('',#385,.T.);
#257=FACE_OUTER_BOUND('',#386,.T.);
#258=FACE_OUTER_BOUND('',#387,.T.);
#259=FACE_OUTER_BOUND('',#388,.T.);
#260=FACE_OUTER_BOUND('',#389,.T.);
#261=FACE_OUTER_BOUND('',#391,.T.);
#262=FACE_OUTER_BOUND('',#392,.T.);
#263=FACE_OUTER_BOUND('',#393,.T.);
#264=FACE_OUTER_BOUND('',#394,.T.);
#265=FACE_OUTER_BOUND('',#395,.T.);
#266=FACE_OUTER_BOUND('',#397,.T.);
#267=FACE_OUTER_BOUND('',#398,.T.);
#268=FACE_OUTER_BOUND('',#400,.T.);
#269=FACE_OUTER_BOUND('',#401,.T.);
#270=FACE_OUTER_BOUND('',#402,.T.);
#271=FACE_OUTER_BOUND('',#404,.T.);
#272=FACE_OUTER_BOUND('',#405,.T.);
#273=EDGE_LOOP('',(#1343,#1344,#1345,#1346));
#274=EDGE_LOOP('',(#1347,#1348,#1349,#1350,#1351,#1352,#1353,#1354,#1355,
#1356));
#275=EDGE_LOOP('',(#1357));
#276=EDGE_LOOP('',(#1358));
#277=EDGE_LOOP('',(#1359,#1360,#1361,#1362));
#278=EDGE_LOOP('',(#1363,#1364,#1365,#1366));
#279=EDGE_LOOP('',(#1367,#1368,#1369,#1370,#1371,#1372,#1373,#1374,#1375,
#1376,#1377,#1378));
#280=EDGE_LOOP('',(#1379));
#281=EDGE_LOOP('',(#1380));
#282=EDGE_LOOP('',(#1381,#1382,#1383,#1384));
#283=EDGE_LOOP('',(#1385,#1386,#1387,#1388));
#284=EDGE_LOOP('',(#1389,#1390,#1391,#1392));
#285=EDGE_LOOP('',(#1393,#1394,#1395,#1396,#1397,#1398,#1399,#1400,#1401,
#1402));
#286=EDGE_LOOP('',(#1403));
#287=EDGE_LOOP('',(#1404));
#288=EDGE_LOOP('',(#1405,#1406,#1407,#1408));
#289=EDGE_LOOP('',(#1409,#1410,#1411,#1412,#1413,#1414,#1415,#1416,#1417,
#1418,#1419,#1420));
#290=EDGE_LOOP('',(#1421,#1422,#1423,#1424,#1425,#1426,#1427,#1428,#1429,
#1430,#1431,#1432));
#291=EDGE_LOOP('',(#1433,#1434,#1435,#1436));
#292=EDGE_LOOP('',(#1437,#1438,#1439,#1440));
#293=EDGE_LOOP('',(#1441,#1442,#1443,#1444));
#294=EDGE_LOOP('',(#1445,#1446,#1447,#1448));
#295=EDGE_LOOP('',(#1449,#1450,#1451,#1452));
#296=EDGE_LOOP('',(#1453,#1454,#1455,#1456));
#297=EDGE_LOOP('',(#1457,#1458,#1459,#1460));
#298=EDGE_LOOP('',(#1461,#1462,#1463,#1464,#1465,#1466,#1467,#1468,#1469,
#1470,#1471,#1472));
#299=EDGE_LOOP('',(#1473));
#300=EDGE_LOOP('',(#1474));
#301=EDGE_LOOP('',(#1475,#1476,#1477,#1478));
#302=EDGE_LOOP('',(#1479,#1480,#1481,#1482));
#303=EDGE_LOOP('',(#1483,#1484,#1485,#1486,#1487));
#304=EDGE_LOOP('',(#1488,#1489,#1490,#1491));
#305=EDGE_LOOP('',(#1492,#1493,#1494,#1495,#1496));
#306=EDGE_LOOP('',(#1497,#1498,#1499,#1500));
#307=EDGE_LOOP('',(#1501,#1502,#1503,#1504));
#308=EDGE_LOOP('',(#1505,#1506,#1507,#1508,#1509));
#309=EDGE_LOOP('',(#1510,#1511,#1512,#1513));
#310=EDGE_LOOP('',(#1514,#1515,#1516,#1517,#1518));
#311=EDGE_LOOP('',(#1519,#1520,#1521,#1522));
#312=EDGE_LOOP('',(#1523,#1524,#1525,#1526));
#313=EDGE_LOOP('',(#1527,#1528,#1529,#1530));
#314=EDGE_LOOP('',(#1531,#1532,#1533,#1534));
#315=EDGE_LOOP('',(#1535,#1536,#1537,#1538));
#316=EDGE_LOOP('',(#1539,#1540,#1541,#1542));
#317=EDGE_LOOP('',(#1543,#1544,#1545,#1546));
#318=EDGE_LOOP('',(#1547,#1548,#1549,#1550,#1551,#1552));
#319=EDGE_LOOP('',(#1553,#1554,#1555,#1556,#1557,#1558));
#320=EDGE_LOOP('',(#1559,#1560,#1561,#1562));
#321=EDGE_LOOP('',(#1563,#1564,#1565,#1566));
#322=EDGE_LOOP('',(#1567,#1568,#1569,#1570));
#323=EDGE_LOOP('',(#1571,#1572,#1573,#1574));
#324=EDGE_LOOP('',(#1575,#1576,#1577,#1578));
#325=EDGE_LOOP('',(#1579,#1580,#1581,#1582));
#326=EDGE_LOOP('',(#1583,#1584,#1585,#1586));
#327=EDGE_LOOP('',(#1587,#1588,#1589,#1590));
#328=EDGE_LOOP('',(#1591,#1592,#1593,#1594));
#329=EDGE_LOOP('',(#1595,#1596,#1597,#1598));
#330=EDGE_LOOP('',(#1599,#1600,#1601,#1602));
#331=EDGE_LOOP('',(#1603,#1604,#1605,#1606));
#332=EDGE_LOOP('',(#1607,#1608,#1609,#1610));
#333=EDGE_LOOP('',(#1611,#1612,#1613,#1614));
#334=EDGE_LOOP('',(#1615,#1616,#1617,#1618,#1619,#1620,#1621,#1622,#1623,
#1624,#1625,#1626));
#335=EDGE_LOOP('',(#1627,#1628,#1629,#1630));
#336=EDGE_LOOP('',(#1631,#1632,#1633,#1634));
#337=EDGE_LOOP('',(#1635,#1636,#1637,#1638));
#338=EDGE_LOOP('',(#1639,#1640,#1641,#1642));
#339=EDGE_LOOP('',(#1643,#1644,#1645,#1646,#1647,#1648,#1649,#1650));
#340=EDGE_LOOP('',(#1651,#1652,#1653,#1654));
#341=EDGE_LOOP('',(#1655,#1656,#1657,#1658,#1659,#1660,#1661));
#342=EDGE_LOOP('',(#1662,#1663,#1664,#1665));
#343=EDGE_LOOP('',(#1666,#1667,#1668,#1669,#1670,#1671,#1672));
#344=EDGE_LOOP('',(#1673,#1674,#1675,#1676));
#345=EDGE_LOOP('',(#1677,#1678,#1679,#1680));
#346=EDGE_LOOP('',(#1681,#1682,#1683,#1684));
#347=EDGE_LOOP('',(#1685,#1686,#1687,#1688));
#348=EDGE_LOOP('',(#1689,#1690,#1691,#1692));
#349=EDGE_LOOP('',(#1693,#1694,#1695,#1696));
#350=EDGE_LOOP('',(#1697,#1698,#1699,#1700));
#351=EDGE_LOOP('',(#1701,#1702,#1703));
#352=EDGE_LOOP('',(#1704,#1705,#1706));
#353=EDGE_LOOP('',(#1707,#1708,#1709,#1710));
#354=EDGE_LOOP('',(#1711,#1712,#1713,#1714));
#355=EDGE_LOOP('',(#1715,#1716,#1717,#1718));
#356=EDGE_LOOP('',(#1719,#1720,#1721,#1722));
#357=EDGE_LOOP('',(#1723,#1724,#1725,#1726));
#358=EDGE_LOOP('',(#1727,#1728,#1729,#1730));
#359=EDGE_LOOP('',(#1731,#1732,#1733,#1734));
#360=EDGE_LOOP('',(#1735,#1736,#1737,#1738));
#361=EDGE_LOOP('',(#1739,#1740,#1741,#1742));
#362=EDGE_LOOP('',(#1743,#1744,#1745,#1746));
#363=EDGE_LOOP('',(#1747,#1748,#1749,#1750));
#364=EDGE_LOOP('',(#1751,#1752,#1753,#1754));
#365=EDGE_LOOP('',(#1755,#1756,#1757,#1758));
#366=EDGE_LOOP('',(#1759,#1760,#1761,#1762));
#367=EDGE_LOOP('',(#1763,#1764,#1765,#1766));
#368=EDGE_LOOP('',(#1767,#1768,#1769,#1770,#1771,#1772,#1773,#1774));
#369=EDGE_LOOP('',(#1775,#1776,#1777,#1778));
#370=EDGE_LOOP('',(#1779,#1780,#1781,#1782));
#371=EDGE_LOOP('',(#1783,#1784,#1785,#1786));
#372=EDGE_LOOP('',(#1787,#1788,#1789,#1790));
#373=EDGE_LOOP('',(#1791,#1792,#1793,#1794));
#374=EDGE_LOOP('',(#1795,#1796,#1797,#1798,#1799));
#375=EDGE_LOOP('',(#1800,#1801,#1802,#1803));
#376=EDGE_LOOP('',(#1804,#1805,#1806,#1807,#1808));
#377=EDGE_LOOP('',(#1809,#1810,#1811));
#378=EDGE_LOOP('',(#1812,#1813,#1814));
#379=EDGE_LOOP('',(#1815,#1816,#1817,#1818));
#380=EDGE_LOOP('',(#1819,#1820,#1821,#1822));
#381=EDGE_LOOP('',(#1823,#1824,#1825,#1826));
#382=EDGE_LOOP('',(#1827,#1828,#1829,#1830,#1831,#1832,#1833,#1834));
#383=EDGE_LOOP('',(#1835,#1836,#1837,#1838));
#384=EDGE_LOOP('',(#1839,#1840,#1841,#1842));
#385=EDGE_LOOP('',(#1843,#1844,#1845,#1846));
#386=EDGE_LOOP('',(#1847,#1848,#1849,#1850,#1851,#1852));
#387=EDGE_LOOP('',(#1853,#1854,#1855,#1856));
#388=EDGE_LOOP('',(#1857,#1858,#1859,#1860));
#389=EDGE_LOOP('',(#1861,#1862,#1863,#1864));
#390=EDGE_LOOP('',(#1865,#1866,#1867,#1868,#1869,#1870,#1871,#1872));
#391=EDGE_LOOP('',(#1873,#1874,#1875,#1876,#1877));
#392=EDGE_LOOP('',(#1878,#1879,#1880,#1881,#1882));
#393=EDGE_LOOP('',(#1883,#1884,#1885,#1886));
#394=EDGE_LOOP('',(#1887,#1888,#1889,#1890));
#395=EDGE_LOOP('',(#1891,#1892,#1893,#1894));
#396=EDGE_LOOP('',(#1895,#1896,#1897,#1898));
#397=EDGE_LOOP('',(#1899,#1900,#1901,#1902));
#398=EDGE_LOOP('',(#1903,#1904,#1905,#1906));
#399=EDGE_LOOP('',(#1907,#1908,#1909,#1910));
#400=EDGE_LOOP('',(#1911,#1912,#1913,#1914));
#401=EDGE_LOOP('',(#1915,#1916,#1917,#1918));
#402=EDGE_LOOP('',(#1919,#1920,#1921,#1922));
#403=EDGE_LOOP('',(#1923,#1924,#1925,#1926));
#404=EDGE_LOOP('',(#1927,#1928,#1929,#1930));
#405=EDGE_LOOP('',(#1931,#1932,#1933,#1934,#1935,#1936,#1937,#1938));
#406=EDGE_LOOP('',(#1939,#1940,#1941,#1942));
#407=LINE('',#2903,#629);
#408=LINE('',#2905,#630);
#409=LINE('',#2907,#631);
#410=LINE('',#2908,#632);
#411=LINE('',#2911,#633);
#412=LINE('',#2913,#634);
#413=LINE('',#2917,#635);
#414=LINE('',#2919,#636);
#415=LINE('',#2921,#637);
#416=LINE('',#2923,#638);
#417=LINE('',#2925,#639);
#418=LINE('',#2933,#640);
#419=LINE('',#2934,#641);
#420=LINE('',#2937,#642);
#421=LINE('',#2938,#643);
#422=LINE('',#2943,#644);
#423=LINE('',#2945,#645);
#424=LINE('',#2949,#646);
#425=LINE('',#2953,#647);
#426=LINE('',#2955,#648);
#427=LINE('',#2964,#649);
#428=LINE('',#2966,#650);
#429=LINE('',#2968,#651);
#430=LINE('',#2969,#652);
#431=LINE('',#2973,#653);
#432=LINE('',#2975,#654);
#433=LINE('',#2977,#655);
#434=LINE('',#2978,#656);
#435=LINE('',#2980,#657);
#436=LINE('',#2981,#658);
#437=LINE('',#2986,#659);
#438=LINE('',#2988,#660);
#439=LINE('',#2990,#661);
#440=LINE('',#2992,#662);
#441=LINE('',#2994,#663);
#442=LINE('',#3004,#664);
#443=LINE('',#3005,#665);
#444=LINE('',#3009,#666);
#445=LINE('',#3011,#667);
#446=LINE('',#3013,#668);
#447=LINE('',#3015,#669);
#448=LINE('',#3028,#670);
#449=LINE('',#3041,#671);
#450=LINE('',#3043,#672);
#451=LINE('',#3045,#673);
#452=LINE('',#3047,#674);
#453=LINE('',#3048,#675);
#454=LINE('',#3049,#676);
#455=LINE('',#3051,#677);
#456=LINE('',#3053,#678);
#457=LINE('',#3054,#679);
#458=LINE('',#3056,#680);
#459=LINE('',#3058,#681);
#460=LINE('',#3060,#682);
#461=LINE('',#3062,#683);
#462=LINE('',#3064,#684);
#463=LINE('',#3066,#685);
#464=LINE('',#3067,#686);
#465=LINE('',#3070,#687);
#466=LINE('',#3073,#688);
#467=LINE('',#3076,#689);
#468=LINE('',#3082,#690);
#469=LINE('',#3085,#691);
#470=LINE('',#3088,#692);
#471=LINE('',#3090,#693);
#472=LINE('',#3094,#694);
#473=LINE('',#3097,#695);
#474=LINE('',#3098,#696);
#475=LINE('',#3104,#697);
#476=LINE('',#3106,#698);
#477=LINE('',#3109,#699);
#478=LINE('',#3112,#700);
#479=LINE('',#3114,#701);
#480=LINE('',#3117,#702);
#481=LINE('',#3123,#703);
#482=LINE('',#3124,#704);
#483=LINE('',#3127,#705);
#484=LINE('',#3128,#706);
#485=LINE('',#3132,#707);
#486=LINE('',#3135,#708);
#487=LINE('',#3138,#709);
#488=LINE('',#3141,#710);
#489=LINE('',#3142,#711);
#490=LINE('',#3145,#712);
#491=LINE('',#3147,#713);
#492=LINE('',#3149,#714);
#493=LINE('',#3150,#715);
#494=LINE('',#3154,#716);
#495=LINE('',#3156,#717);
#496=LINE('',#3158,#718);
#497=LINE('',#3164,#719);
#498=LINE('',#3167,#720);
#499=LINE('',#3170,#721);
#500=LINE('',#3172,#722);
#501=LINE('',#3173,#723);
#502=LINE('',#3178,#724);
#503=LINE('',#3179,#725);
#504=LINE('',#3182,#726);
#505=LINE('',#3183,#727);
#506=LINE('',#3186,#728);
#507=LINE('',#3189,#729);
#508=LINE('',#3192,#730);
#509=LINE('',#3193,#731);
#510=LINE('',#3197,#732);
#511=LINE('',#3199,#733);
#512=LINE('',#3201,#734);
#513=LINE('',#3202,#735);
#514=LINE('',#3205,#736);
#515=LINE('',#3207,#737);
#516=LINE('',#3208,#738);
#517=LINE('',#3211,#739);
#518=LINE('',#3213,#740);
#519=LINE('',#3214,#741);
#520=LINE('',#3218,#742);
#521=LINE('',#3220,#743);
#522=LINE('',#3222,#744);
#523=LINE('',#3223,#745);
#524=LINE('',#3224,#746);
#525=LINE('',#3225,#747);
#526=LINE('',#3228,#748);
#527=LINE('',#3230,#749);
#528=LINE('',#3232,#750);
#529=LINE('',#3233,#751);
#530=LINE('',#3236,#752);
#531=LINE('',#3238,#753);
#532=LINE('',#3240,#754);
#533=LINE('',#3241,#755);
#534=LINE('',#3244,#756);
#535=LINE('',#3246,#757);
#536=LINE('',#3247,#758);
#537=LINE('',#3251,#759);
#538=LINE('',#3255,#760);
#539=LINE('',#3259,#761);
#540=LINE('',#3261,#762);
#541=LINE('',#3264,#763);
#542=LINE('',#3266,#764);
#543=LINE('',#3268,#765);
#544=LINE('',#3269,#766);
#545=LINE('',#3271,#767);
#546=LINE('',#3272,#768);
#547=LINE('',#3276,#769);
#548=LINE('',#3277,#770);
#549=LINE('',#3278,#771);
#550=LINE('',#3282,#772);
#551=LINE('',#3284,#773);
#552=LINE('',#3286,#774);
#553=LINE('',#3288,#775);
#554=LINE('',#3289,#776);
#555=LINE('',#3291,#777);
#556=LINE('',#3292,#778);
#557=LINE('',#3305,#779);
#558=LINE('',#3331,#780);
#559=LINE('',#3356,#781);
#560=LINE('',#3359,#782);
#561=LINE('',#3361,#783);
#562=LINE('',#3363,#784);
#563=LINE('',#3364,#785);
#564=LINE('',#3376,#786);
#565=LINE('',#3382,#787);
#566=LINE('',#3386,#788);
#567=LINE('',#3387,#789);
#568=LINE('',#3398,#790);
#569=LINE('',#3401,#791);
#570=LINE('',#3404,#792);
#571=LINE('',#3406,#793);
#572=LINE('',#3407,#794);
#573=LINE('',#3413,#795);
#574=LINE('',#3416,#796);
#575=LINE('',#3418,#797);
#576=LINE('',#3419,#798);
#577=LINE('',#3425,#799);
#578=LINE('',#3428,#800);
#579=LINE('',#3430,#801);
#580=LINE('',#3431,#802);
#581=LINE('',#3437,#803);
#582=LINE('',#3439,#804);
#583=LINE('',#3440,#805);
#584=LINE('',#3443,#806);
#585=LINE('',#3444,#807);
#586=LINE('',#3446,#808);
#587=LINE('',#3448,#809);
#588=LINE('',#3454,#810);
#589=LINE('',#3459,#811);
#590=LINE('',#3469,#812);
#591=LINE('',#3471,#813);
#592=LINE('',#3472,#814);
#593=LINE('',#3475,#815);
#594=LINE('',#3479,#816);
#595=LINE('',#3480,#817);
#596=LINE('',#3485,#818);
#597=LINE('',#3487,#819);
#598=LINE('',#3488,#820);
#599=LINE('',#3491,#821);
#600=LINE('',#3492,#822);
#601=LINE('',#3494,#823);
#602=LINE('',#3497,#824);
#603=LINE('',#3498,#825);
#604=LINE('',#3500,#826);
#605=LINE('',#3504,#827);
#606=LINE('',#3506,#828);
#607=LINE('',#3508,#829);
#608=LINE('',#3509,#830);
#609=LINE('',#3517,#831);
#610=LINE('',#3518,#832);
#611=LINE('',#3519,#833);
#612=LINE('',#3522,#834);
#613=LINE('',#3523,#835);
#614=LINE('',#3526,#836);
#615=LINE('',#3527,#837);
#616=LINE('',#3529,#838);
#617=LINE('',#3533,#839);
#618=LINE('',#3535,#840);
#619=LINE('',#3537,#841);
#620=LINE('',#3538,#842);
#621=LINE('',#3541,#843);
#622=LINE('',#3543,#844);
#623=LINE('',#3544,#845);
#624=LINE('',#3547,#846);
#625=LINE('',#3548,#847);
#626=LINE('',#3551,#848);
#627=LINE('',#3552,#849);
#628=LINE('',#3554,#850);
#629=VECTOR('',#2311,10.);
#630=VECTOR('',#2312,10.);
#631=VECTOR('',#2313,10.);
#632=VECTOR('',#2314,10.);
#633=VECTOR('',#2317,10.);
#634=VECTOR('',#2318,10.);
#635=VECTOR('',#2321,10.);
#636=VECTOR('',#2322,10.);
#637=VECTOR('',#2323,10.);
#638=VECTOR('',#2324,10.);
#639=VECTOR('',#2325,10.);
#640=VECTOR('',#2334,10.);
#641=VECTOR('',#2335,10.);
#642=VECTOR('',#2338,10.);
#643=VECTOR('',#2339,10.);
#644=VECTOR('',#2344,10.);
#645=VECTOR('',#2345,10.);
#646=VECTOR('',#2348,10.);
#647=VECTOR('',#2351,10.);
#648=VECTOR('',#2352,10.);
#649=VECTOR('',#2361,10.);
#650=VECTOR('',#2362,10.);
#651=VECTOR('',#2363,10.);
#652=VECTOR('',#2364,10.);
#653=VECTOR('',#2367,10.);
#654=VECTOR('',#2368,10.);
#655=VECTOR('',#2369,10.);
#656=VECTOR('',#2370,10.);
#657=VECTOR('',#2373,10.);
#658=VECTOR('',#2374,10.);
#659=VECTOR('',#2379,10.);
#660=VECTOR('',#2380,10.);
#661=VECTOR('',#2381,10.);
#662=VECTOR('',#2382,10.);
#663=VECTOR('',#2383,10.);
#664=VECTOR('',#2394,10.);
#665=VECTOR('',#2395,10.);
#666=VECTOR('',#2398,10.);
#667=VECTOR('',#2399,10.);
#668=VECTOR('',#2400,10.);
#669=VECTOR('',#2401,10.);
#670=VECTOR('',#2402,10.);
#671=VECTOR('',#2403,10.);
#672=VECTOR('',#2404,10.);
#673=VECTOR('',#2405,10.);
#674=VECTOR('',#2406,10.);
#675=VECTOR('',#2407,10.);
#676=VECTOR('',#2408,10.);
#677=VECTOR('',#2409,10.);
#678=VECTOR('',#2410,10.);
#679=VECTOR('',#2411,10.);
#680=VECTOR('',#2412,10.);
#681=VECTOR('',#2413,10.);
#682=VECTOR('',#2414,10.);
#683=VECTOR('',#2415,10.);
#684=VECTOR('',#2416,10.);
#685=VECTOR('',#2417,10.);
#686=VECTOR('',#2418,10.);
#687=VECTOR('',#2423,10.);
#688=VECTOR('',#2428,10.);
#689=VECTOR('',#2433,10.);
#690=VECTOR('',#2442,10.);
#691=VECTOR('',#2445,10.);
#692=VECTOR('',#2450,10.);
#693=VECTOR('',#2451,10.);
#694=VECTOR('',#2454,10.);
#695=VECTOR('',#2457,10.);
#696=VECTOR('',#2458,10.);
#697=VECTOR('',#2465,10.);
#698=VECTOR('',#2468,10.);
#699=VECTOR('',#2473,2.23606792751978);
#700=VECTOR('',#2478,2.23606792751978);
#701=VECTOR('',#2481,2.23606792751978);
#702=VECTOR('',#2486,2.23606792751978);
#703=VECTOR('',#2493,10.);
#704=VECTOR('',#2494,10.);
#705=VECTOR('',#2497,10.);
#706=VECTOR('',#2498,10.);
#707=VECTOR('',#2503,10.);
#708=VECTOR('',#2506,10.);
#709=VECTOR('',#2509,10.);
#710=VECTOR('',#2512,10.);
#711=VECTOR('',#2513,10.);
#712=VECTOR('',#2514,10.);
#713=VECTOR('',#2515,10.);
#714=VECTOR('',#2516,10.);
#715=VECTOR('',#2517,10.);
#716=VECTOR('',#2522,10.);
#717=VECTOR('',#2525,10.);
#718=VECTOR('',#2528,10.);
#719=VECTOR('',#2533,10.);
#720=VECTOR('',#2536,10.);
#721=VECTOR('',#2539,10.);
#722=VECTOR('',#2540,10.);
#723=VECTOR('',#2541,10.);
#724=VECTOR('',#2546,10.);
#725=VECTOR('',#2547,10.);
#726=VECTOR('',#2550,10.);
#727=VECTOR('',#2551,10.);
#728=VECTOR('',#2554,10.);
#729=VECTOR('',#2557,10.);
#730=VECTOR('',#2560,10.);
#731=VECTOR('',#2561,10.);
#732=VECTOR('',#2564,10.);
#733=VECTOR('',#2565,10.);
#734=VECTOR('',#2566,10.);
#735=VECTOR('',#2567,10.);
#736=VECTOR('',#2570,10.);
#737=VECTOR('',#2571,10.);
#738=VECTOR('',#2572,10.);
#739=VECTOR('',#2575,10.);
#740=VECTOR('',#2576,10.);
#741=VECTOR('',#2577,10.);
#742=VECTOR('',#2580,10.);
#743=VECTOR('',#2581,10.);
#744=VECTOR('',#2582,10.);
#745=VECTOR('',#2583,10.);
#746=VECTOR('',#2584,10.);
#747=VECTOR('',#2585,10.);
#748=VECTOR('',#2586,10.);
#749=VECTOR('',#2587,10.);
#750=VECTOR('',#2588,10.);
#751=VECTOR('',#2589,10.);
#752=VECTOR('',#2590,10.);
#753=VECTOR('',#2591,10.);
#754=VECTOR('',#2592,10.);
#755=VECTOR('',#2593,10.);
#756=VECTOR('',#2596,10.);
#757=VECTOR('',#2597,10.);
#758=VECTOR('',#2598,10.);
#759=VECTOR('',#2601,10.);
#760=VECTOR('',#2604,10.);
#761=VECTOR('',#2607,10.);
#762=VECTOR('',#2610,10.);
#763=VECTOR('',#2611,10.);
#764=VECTOR('',#2612,10.);
#765=VECTOR('',#2613,10.);
#766=VECTOR('',#2614,10.);
#767=VECTOR('',#2617,10.);
#768=VECTOR('',#2618,10.);
#769=VECTOR('',#2621,10.);
#770=VECTOR('',#2622,10.);
#771=VECTOR('',#2623,10.);
#772=VECTOR('',#2626,10.);
#773=VECTOR('',#2627,10.);
#774=VECTOR('',#2628,10.);
#775=VECTOR('',#2629,10.);
#776=VECTOR('',#2630,10.);
#777=VECTOR('',#2631,10.);
#778=VECTOR('',#2632,10.);
#779=VECTOR('',#2653,10.);
#780=VECTOR('',#2662,10.);
#781=VECTOR('',#2669,10.);
#782=VECTOR('',#2672,10.);
#783=VECTOR('',#2673,10.);
#784=VECTOR('',#2674,10.);
#785=VECTOR('',#2675,10.);
#786=VECTOR('',#2694,10.);
#787=VECTOR('',#2703,10.);
#788=VECTOR('',#2708,10.);
#789=VECTOR('',#2709,10.);
#790=VECTOR('',#2724,10.);
#791=VECTOR('',#2727,10.);
#792=VECTOR('',#2730,10.);
#793=VECTOR('',#2731,10.);
#794=VECTOR('',#2732,10.);
#795=VECTOR('',#2737,10.);
#796=VECTOR('',#2740,10.);
#797=VECTOR('',#2743,10.);
#798=VECTOR('',#2744,10.);
#799=VECTOR('',#2749,10.);
#800=VECTOR('',#2752,10.);
#801=VECTOR('',#2755,10.);
#802=VECTOR('',#2756,10.);
#803=VECTOR('',#2763,10.);
#804=VECTOR('',#2766,10.);
#805=VECTOR('',#2767,10.);
#806=VECTOR('',#2772,10.);
#807=VECTOR('',#2773,10.);
#808=VECTOR('',#2776,10.);
#809=VECTOR('',#2779,10.);
#810=VECTOR('',#2788,10.);
#811=VECTOR('',#2793,10.);
#812=VECTOR('',#2810,10.);
#813=VECTOR('',#2811,10.);
#814=VECTOR('',#2812,10.);
#815=VECTOR('',#2815,10.);
#816=VECTOR('',#2820,10.);
#817=VECTOR('',#2821,10.);
#818=VECTOR('',#2828,10.);
#819=VECTOR('',#2829,10.);
#820=VECTOR('',#2830,10.);
#821=VECTOR('',#2833,10.);
#822=VECTOR('',#2834,10.);
#823=VECTOR('',#2837,10.);
#824=VECTOR('',#2840,10.);
#825=VECTOR('',#2841,10.);
#826=VECTOR('',#2844,10.);
#827=VECTOR('',#2847,10.);
#828=VECTOR('',#2848,10.);
#829=VECTOR('',#2849,10.);
#830=VECTOR('',#2850,10.);
#831=VECTOR('',#2861,10.);
#832=VECTOR('',#2862,10.);
#833=VECTOR('',#2863,10.);
#834=VECTOR('',#2866,10.);
#835=VECTOR('',#2867,10.);
#836=VECTOR('',#2870,10.);
#837=VECTOR('',#2871,10.);
#838=VECTOR('',#2874,10.);
#839=VECTOR('',#2877,10.);
#840=VECTOR('',#2878,10.);
#841=VECTOR('',#2879,10.);
#842=VECTOR('',#2880,10.);
#843=VECTOR('',#2883,10.);
#844=VECTOR('',#2884,10.);
#845=VECTOR('',#2885,10.);
#846=VECTOR('',#2888,10.);
#847=VECTOR('',#2889,10.);
#848=VECTOR('',#2892,10.);
#849=VECTOR('',#2893,10.);
#850=VECTOR('',#2896,10.);
#851=VERTEX_POINT('',#2901);
#852=VERTEX_POINT('',#2902);
#853=VERTEX_POINT('',#2904);
#854=VERTEX_POINT('',#2906);
#855=VERTEX_POINT('',#2910);
#856=VERTEX_POINT('',#2912);
#857=VERTEX_POINT('',#2914);
#858=VERTEX_POINT('',#2916);
#859=VERTEX_POINT('',#2918);
#860=VERTEX_POINT('',#2920);
#861=VERTEX_POINT('',#2922);
#862=VERTEX_POINT('',#2924);
#863=VERTEX_POINT('',#2927);
#864=VERTEX_POINT('',#2929);
#865=VERTEX_POINT('',#2932);
#866=VERTEX_POINT('',#2936);
#867=VERTEX_POINT('',#2940);
#868=VERTEX_POINT('',#2942);
#869=VERTEX_POINT('',#2944);
#870=VERTEX_POINT('',#2946);
#871=VERTEX_POINT('',#2948);
#872=VERTEX_POINT('',#2950);
#873=VERTEX_POINT('',#2952);
#874=VERTEX_POINT('',#2954);
#875=VERTEX_POINT('',#2957);
#876=VERTEX_POINT('',#2959);
#877=VERTEX_POINT('',#2962);
#878=VERTEX_POINT('',#2963);
#879=VERTEX_POINT('',#2965);
#880=VERTEX_POINT('',#2967);
#881=VERTEX_POINT('',#2971);
#882=VERTEX_POINT('',#2972);
#883=VERTEX_POINT('',#2974);
#884=VERTEX_POINT('',#2976);
#885=VERTEX_POINT('',#2983);
#886=VERTEX_POINT('',#2985);
#887=VERTEX_POINT('',#2987);
#888=VERTEX_POINT('',#2989);
#889=VERTEX_POINT('',#2991);
#890=VERTEX_POINT('',#2993);
#891=VERTEX_POINT('',#2996);
#892=VERTEX_POINT('',#2998);
#893=VERTEX_POINT('',#3001);
#894=VERTEX_POINT('',#3003);
#895=VERTEX_POINT('',#3007);
#896=VERTEX_POINT('',#3008);
#897=VERTEX_POINT('',#3010);
#898=VERTEX_POINT('',#3012);
#899=VERTEX_POINT('',#3014);
#900=VERTEX_POINT('',#3016);
#901=VERTEX_POINT('',#3027);
#902=VERTEX_POINT('',#3029);
#903=VERTEX_POINT('',#3040);
#904=VERTEX_POINT('',#3042);
#905=VERTEX_POINT('',#3044);
#906=VERTEX_POINT('',#3046);
#907=VERTEX_POINT('',#3050);
#908=VERTEX_POINT('',#3052);
#909=VERTEX_POINT('',#3055);
#910=VERTEX_POINT('',#3057);
#911=VERTEX_POINT('',#3059);
#912=VERTEX_POINT('',#3061);
#913=VERTEX_POINT('',#3063);
#914=VERTEX_POINT('',#3065);
#915=VERTEX_POINT('',#3080);
#916=VERTEX_POINT('',#3084);
#917=VERTEX_POINT('',#3089);
#918=VERTEX_POINT('',#3091);
#919=VERTEX_POINT('',#3093);
#920=VERTEX_POINT('',#3095);
#921=VERTEX_POINT('',#3099);
#922=VERTEX_POINT('',#3101);
#923=VERTEX_POINT('',#3120);
#924=VERTEX_POINT('',#3121);
#925=VERTEX_POINT('',#3126);
#926=VERTEX_POINT('',#3130);
#927=VERTEX_POINT('',#3134);
#928=VERTEX_POINT('',#3136);
#929=VERTEX_POINT('',#3140);
#930=VERTEX_POINT('',#3143);
#931=VERTEX_POINT('',#3144);
#932=VERTEX_POINT('',#3146);
#933=VERTEX_POINT('',#3148);
#934=VERTEX_POINT('',#3152);
#935=VERTEX_POINT('',#3160);
#936=VERTEX_POINT('',#3161);
#937=VERTEX_POINT('',#3163);
#938=VERTEX_POINT('',#3165);
#939=VERTEX_POINT('',#3169);
#940=VERTEX_POINT('',#3171);
#941=VERTEX_POINT('',#3175);
#942=VERTEX_POINT('',#3176);
#943=VERTEX_POINT('',#3181);
#944=VERTEX_POINT('',#3185);
#945=VERTEX_POINT('',#3187);
#946=VERTEX_POINT('',#3191);
#947=VERTEX_POINT('',#3195);
#948=VERTEX_POINT('',#3196);
#949=VERTEX_POINT('',#3198);
#950=VERTEX_POINT('',#3200);
#951=VERTEX_POINT('',#3204);
#952=VERTEX_POINT('',#3206);
#953=VERTEX_POINT('',#3210);
#954=VERTEX_POINT('',#3212);
#955=VERTEX_POINT('',#3216);
#956=VERTEX_POINT('',#3217);
#957=VERTEX_POINT('',#3219);
#958=VERTEX_POINT('',#3221);
#959=VERTEX_POINT('',#3226);
#960=VERTEX_POINT('',#3227);
#961=VERTEX_POINT('',#3229);
#962=VERTEX_POINT('',#3231);
#963=VERTEX_POINT('',#3234);
#964=VERTEX_POINT('',#3235);
#965=VERTEX_POINT('',#3237);
#966=VERTEX_POINT('',#3239);
#967=VERTEX_POINT('',#3243);
#968=VERTEX_POINT('',#3245);
#969=VERTEX_POINT('',#3248);
#970=VERTEX_POINT('',#3250);
#971=VERTEX_POINT('',#3252);
#972=VERTEX_POINT('',#3254);
#973=VERTEX_POINT('',#3256);
#974=VERTEX_POINT('',#3258);
#975=VERTEX_POINT('',#3262);
#976=VERTEX_POINT('',#3263);
#977=VERTEX_POINT('',#3265);
#978=VERTEX_POINT('',#3267);
#979=VERTEX_POINT('',#3274);
#980=VERTEX_POINT('',#3275);
#981=VERTEX_POINT('',#3280);
#982=VERTEX_POINT('',#3281);
#983=VERTEX_POINT('',#3283);
#984=VERTEX_POINT('',#3285);
#985=VERTEX_POINT('',#3287);
#986=VERTEX_POINT('',#3290);
#987=VERTEX_POINT('',#3302);
#988=VERTEX_POINT('',#3304);
#989=VERTEX_POINT('',#3325);
#990=VERTEX_POINT('',#3329);
#991=VERTEX_POINT('',#3341);
#992=VERTEX_POINT('',#3345);
#993=VERTEX_POINT('',#3358);
#994=VERTEX_POINT('',#3360);
#995=VERTEX_POINT('',#3362);
#996=VERTEX_POINT('',#3373);
#997=VERTEX_POINT('',#3375);
#998=VERTEX_POINT('',#3381);
#999=VERTEX_POINT('',#3385);
#1000=VERTEX_POINT('',#3394);
#1001=VERTEX_POINT('',#3395);
#1002=VERTEX_POINT('',#3397);
#1003=VERTEX_POINT('',#3399);
#1004=VERTEX_POINT('',#3403);
#1005=VERTEX_POINT('',#3405);
#1006=VERTEX_POINT('',#3409);
#1007=VERTEX_POINT('',#3410);
#1008=VERTEX_POINT('',#3412);
#1009=VERTEX_POINT('',#3414);
#1010=VERTEX_POINT('',#3421);
#1011=VERTEX_POINT('',#3422);
#1012=VERTEX_POINT('',#3424);
#1013=VERTEX_POINT('',#3426);
#1014=VERTEX_POINT('',#3433);
#1015=VERTEX_POINT('',#3435);
#1016=VERTEX_POINT('',#3452);
#1017=VERTEX_POINT('',#3456);
#1018=VERTEX_POINT('',#3458);
#1019=VERTEX_POINT('',#3468);
#1020=VERTEX_POINT('',#3470);
#1021=VERTEX_POINT('',#3474);
#1022=VERTEX_POINT('',#3478);
#1023=VERTEX_POINT('',#3484);
#1024=VERTEX_POINT('',#3486);
#1025=VERTEX_POINT('',#3490);
#1026=VERTEX_POINT('',#3496);
#1027=VERTEX_POINT('',#3502);
#1028=VERTEX_POINT('',#3503);
#1029=VERTEX_POINT('',#3505);
#1030=VERTEX_POINT('',#3507);
#1031=VERTEX_POINT('',#3515);
#1032=VERTEX_POINT('',#3516);
#1033=VERTEX_POINT('',#3521);
#1034=VERTEX_POINT('',#3525);
#1035=VERTEX_POINT('',#3531);
#1036=VERTEX_POINT('',#3532);
#1037=VERTEX_POINT('',#3534);
#1038=VERTEX_POINT('',#3536);
#1039=VERTEX_POINT('',#3540);
#1040=VERTEX_POINT('',#3542);
#1041=VERTEX_POINT('',#3546);
#1042=VERTEX_POINT('',#3550);
#1043=EDGE_CURVE('',#851,#852,#407,.T.);
#1044=EDGE_CURVE('',#853,#851,#408,.T.);
#1045=EDGE_CURVE('',#854,#853,#409,.T.);
#1046=EDGE_CURVE('',#852,#854,#410,.T.);
#1047=EDGE_CURVE('',#855,#852,#411,.T.);
#1048=EDGE_CURVE('',#854,#856,#412,.T.);
#1049=EDGE_CURVE('',#857,#856,#91,.T.);
#1050=EDGE_CURVE('',#857,#858,#413,.T.);
#1051=EDGE_CURVE('',#859,#858,#414,.T.);
#1052=EDGE_CURVE('',#859,#860,#415,.T.);
#1053=EDGE_CURVE('',#861,#860,#416,.T.);
#1054=EDGE_CURVE('',#862,#861,#417,.T.);
#1055=EDGE_CURVE('',#855,#862,#92,.T.);
#1056=EDGE_CURVE('',#863,#863,#93,.T.);
#1057=EDGE_CURVE('',#864,#864,#94,.T.);
#1058=EDGE_CURVE('',#856,#865,#418,.T.);
#1059=EDGE_CURVE('',#865,#853,#419,.T.);
#1060=EDGE_CURVE('',#866,#855,#420,.T.);
#1061=EDGE_CURVE('',#851,#866,#421,.T.);
#1062=EDGE_CURVE('',#867,#866,#95,.T.);
#1063=EDGE_CURVE('',#867,#868,#422,.T.);
#1064=EDGE_CURVE('',#868,#869,#423,.T.);
#1065=EDGE_CURVE('',#870,#869,#96,.T.);
#1066=EDGE_CURVE('',#871,#870,#424,.T.);
#1067=EDGE_CURVE('',#872,#871,#97,.T.);
#1068=EDGE_CURVE('',#872,#873,#425,.T.);
#1069=EDGE_CURVE('',#873,#874,#426,.T.);
#1070=EDGE_CURVE('',#865,#874,#98,.T.);
#1071=EDGE_CURVE('',#875,#875,#99,.T.);
#1072=EDGE_CURVE('',#876,#876,#100,.T.);
#1073=EDGE_CURVE('',#877,#878,#427,.T.);
#1074=EDGE_CURVE('',#879,#877,#428,.T.);
#1075=EDGE_CURVE('',#879,#880,#429,.T.);
#1076=EDGE_CURVE('',#878,#880,#430,.T.);
#1077=EDGE_CURVE('',#881,#882,#431,.T.);
#1078=EDGE_CURVE('',#883,#881,#432,.T.);
#1079=EDGE_CURVE('',#883,#884,#433,.T.);
#1080=EDGE_CURVE('',#882,#884,#434,.T.);
#1081=EDGE_CURVE('',#880,#883,#435,.T.);
#1082=EDGE_CURVE('',#884,#879,#436,.T.);
#1083=EDGE_CURVE('',#885,#881,#101,.T.);
#1084=EDGE_CURVE('',#885,#886,#437,.T.);
#1085=EDGE_CURVE('',#887,#886,#438,.T.);
#1086=EDGE_CURVE('',#887,#888,#439,.T.);
#1087=EDGE_CURVE('',#889,#888,#440,.T.);
#1088=EDGE_CURVE('',#890,#889,#441,.T.);
#1089=EDGE_CURVE('',#878,#890,#102,.T.);
#1090=EDGE_CURVE('',#891,#891,#103,.T.);
#1091=EDGE_CURVE('',#892,#892,#104,.T.);
#1092=EDGE_CURVE('',#860,#893,#105,.T.);
#1093=EDGE_CURVE('',#894,#893,#442,.T.);
#1094=EDGE_CURVE('',#894,#861,#443,.T.);
#1095=EDGE_CURVE('',#895,#896,#444,.T.);
#1096=EDGE_CURVE('',#895,#897,#445,.T.);
#1097=EDGE_CURVE('',#897,#898,#446,.T.);
#1098=EDGE_CURVE('',#898,#899,#447,.T.);
#1099=EDGE_CURVE('',#900,#899,#65,.T.);
#1100=EDGE_CURVE('',#901,#900,#448,.T.);
#1101=EDGE_CURVE('',#902,#901,#66,.T.);
#1102=EDGE_CURVE('',#902,#903,#449,.T.);
#1103=EDGE_CURVE('',#903,#904,#450,.T.);
#1104=EDGE_CURVE('',#904,#905,#451,.T.);
#1105=EDGE_CURVE('',#906,#905,#452,.T.);
#1106=EDGE_CURVE('',#896,#906,#453,.T.);
#1107=EDGE_CURVE('',#868,#894,#454,.T.);
#1108=EDGE_CURVE('',#893,#907,#455,.T.);
#1109=EDGE_CURVE('',#907,#908,#456,.T.);
#1110=EDGE_CURVE('',#908,#873,#457,.T.);
#1111=EDGE_CURVE('',#873,#909,#458,.T.);
#1112=EDGE_CURVE('',#909,#910,#459,.T.);
#1113=EDGE_CURVE('',#910,#911,#460,.T.);
#1114=EDGE_CURVE('',#911,#912,#461,.T.);
#1115=EDGE_CURVE('',#912,#913,#462,.T.);
#1116=EDGE_CURVE('',#913,#914,#463,.T.);
#1117=EDGE_CURVE('',#914,#868,#464,.T.);
#1118=EDGE_CURVE('',#907,#859,#106,.T.);
#1119=EDGE_CURVE('',#858,#908,#465,.T.);
#1120=EDGE_CURVE('',#888,#911,#107,.T.);
#1121=EDGE_CURVE('',#910,#889,#466,.T.);
#1122=EDGE_CURVE('',#912,#887,#108,.T.);
#1123=EDGE_CURVE('',#886,#913,#467,.T.);
#1124=EDGE_CURVE('',#882,#915,#109,.T.);
#1125=EDGE_CURVE('',#915,#885,#468,.T.);
#1126=EDGE_CURVE('',#890,#916,#469,.T.);
#1127=EDGE_CURVE('',#916,#877,#110,.T.);
#1128=EDGE_CURVE('',#916,#909,#470,.T.);
#1129=EDGE_CURVE('',#909,#917,#471,.T.);
#1130=EDGE_CURVE('',#918,#917,#111,.T.);
#1131=EDGE_CURVE('',#918,#919,#472,.T.);
#1132=EDGE_CURVE('',#920,#919,#112,.T.);
#1133=EDGE_CURVE('',#920,#914,#473,.T.);
#1134=EDGE_CURVE('',#914,#915,#474,.T.);
#1135=EDGE_CURVE('',#921,#921,#113,.T.);
#1136=EDGE_CURVE('',#922,#922,#114,.T.);
#1137=EDGE_CURVE('',#874,#857,#475,.T.);
#1138=EDGE_CURVE('',#862,#867,#476,.T.);
#1139=EDGE_CURVE('',#892,#921,#477,.T.);
#1140=EDGE_CURVE('',#864,#876,#478,.T.);
#1141=EDGE_CURVE('',#891,#922,#479,.T.);
#1142=EDGE_CURVE('',#863,#875,#480,.T.);
#1143=EDGE_CURVE('',#923,#924,#115,.T.);
#1144=EDGE_CURVE('',#924,#918,#481,.T.);
#1145=EDGE_CURVE('',#917,#923,#482,.T.);
#1146=EDGE_CURVE('',#925,#924,#483,.T.);
#1147=EDGE_CURVE('',#919,#925,#484,.T.);
#1148=EDGE_CURVE('',#925,#926,#116,.T.);
#1149=EDGE_CURVE('',#926,#920,#485,.T.);
#1150=EDGE_CURVE('',#871,#927,#486,.T.);
#1151=EDGE_CURVE('',#927,#928,#117,.T.);
#1152=EDGE_CURVE('',#928,#872,#487,.T.);
#1153=EDGE_CURVE('',#929,#870,#488,.T.);
#1154=EDGE_CURVE('',#927,#929,#489,.T.);
#1155=EDGE_CURVE('',#930,#931,#490,.T.);
#1156=EDGE_CURVE('',#932,#931,#491,.T.);
#1157=EDGE_CURVE('',#932,#933,#492,.T.);
#1158=EDGE_CURVE('',#933,#930,#493,.T.);
#1159=EDGE_CURVE('',#934,#929,#118,.T.);
#1160=EDGE_CURVE('',#869,#934,#494,.T.);
#1161=EDGE_CURVE('',#923,#928,#495,.T.);
#1162=EDGE_CURVE('',#934,#926,#496,.T.);
#1163=EDGE_CURVE('',#935,#936,#23,.F.);
#1164=EDGE_CURVE('',#936,#937,#497,.T.);
#1165=EDGE_CURVE('',#937,#938,#24,.F.);
#1166=EDGE_CURVE('',#938,#935,#498,.T.);
#1167=EDGE_CURVE('',#939,#936,#499,.T.);
#1168=EDGE_CURVE('',#940,#939,#500,.T.);
#1169=EDGE_CURVE('',#940,#937,#501,.T.);
#1170=EDGE_CURVE('',#941,#942,#119,.F.);
#1171=EDGE_CURVE('',#942,#936,#502,.T.);
#1172=EDGE_CURVE('',#935,#941,#503,.T.);
#1173=EDGE_CURVE('',#942,#943,#504,.T.);
#1174=EDGE_CURVE('',#939,#943,#505,.T.);
#1175=EDGE_CURVE('',#937,#944,#506,.T.);
#1176=EDGE_CURVE('',#944,#945,#120,.F.);
#1177=EDGE_CURVE('',#945,#938,#507,.T.);
#1178=EDGE_CURVE('',#946,#940,#508,.T.);
#1179=EDGE_CURVE('',#946,#944,#509,.T.);
#1180=EDGE_CURVE('',#947,#948,#510,.T.);
#1181=EDGE_CURVE('',#949,#948,#511,.T.);
#1182=EDGE_CURVE('',#949,#950,#512,.T.);
#1183=EDGE_CURVE('',#947,#950,#513,.T.);
#1184=EDGE_CURVE('',#951,#948,#514,.T.);
#1185=EDGE_CURVE('',#951,#952,#515,.T.);
#1186=EDGE_CURVE('',#949,#952,#516,.T.);
#1187=EDGE_CURVE('',#953,#951,#517,.T.);
#1188=EDGE_CURVE('',#954,#953,#518,.T.);
#1189=EDGE_CURVE('',#952,#954,#519,.T.);
#1190=EDGE_CURVE('',#955,#956,#520,.T.);
#1191=EDGE_CURVE('',#957,#955,#521,.T.);
#1192=EDGE_CURVE('',#958,#957,#522,.T.);
#1193=EDGE_CURVE('',#958,#956,#523,.T.);
#1194=EDGE_CURVE('',#941,#945,#524,.T.);
#1195=EDGE_CURVE('',#954,#950,#525,.T.);
#1196=EDGE_CURVE('',#959,#960,#526,.T.);
#1197=EDGE_CURVE('',#960,#961,#527,.T.);
#1198=EDGE_CURVE('',#961,#962,#528,.T.);
#1199=EDGE_CURVE('',#962,#959,#529,.T.);
#1200=EDGE_CURVE('',#963,#964,#530,.T.);
#1201=EDGE_CURVE('',#964,#965,#531,.T.);
#1202=EDGE_CURVE('',#965,#966,#532,.T.);
#1203=EDGE_CURVE('',#963,#966,#533,.T.);
#1204=EDGE_CURVE('',#904,#967,#534,.T.);
#1205=EDGE_CURVE('',#967,#968,#535,.T.);
#1206=EDGE_CURVE('',#968,#897,#536,.T.);
#1207=EDGE_CURVE('',#969,#895,#121,.F.);
#1208=EDGE_CURVE('',#970,#969,#537,.T.);
#1209=EDGE_CURVE('',#971,#970,#122,.T.);
#1210=EDGE_CURVE('',#972,#971,#538,.T.);
#1211=EDGE_CURVE('',#973,#972,#123,.T.);
#1212=EDGE_CURVE('',#974,#973,#539,.T.);
#1213=EDGE_CURVE('',#905,#974,#124,.F.);
#1214=EDGE_CURVE('',#947,#953,#540,.T.);
#1215=EDGE_CURVE('',#975,#976,#541,.T.);
#1216=EDGE_CURVE('',#977,#976,#542,.T.);
#1217=EDGE_CURVE('',#977,#978,#543,.T.);
#1218=EDGE_CURVE('',#978,#975,#544,.T.);
#1219=EDGE_CURVE('',#959,#967,#545,.T.);
#1220=EDGE_CURVE('',#968,#962,#546,.T.);
#1221=EDGE_CURVE('',#979,#980,#547,.T.);
#1222=EDGE_CURVE('',#961,#979,#548,.T.);
#1223=EDGE_CURVE('',#980,#960,#549,.T.);
#1224=EDGE_CURVE('',#981,#982,#550,.T.);
#1225=EDGE_CURVE('',#983,#981,#551,.T.);
#1226=EDGE_CURVE('',#984,#983,#552,.T.);
#1227=EDGE_CURVE('',#984,#985,#553,.T.);
#1228=EDGE_CURVE('',#985,#979,#554,.T.);
#1229=EDGE_CURVE('',#980,#986,#555,.T.);
#1230=EDGE_CURVE('',#982,#986,#556,.T.);
#1231=EDGE_CURVE('',#982,#902,#125,.T.);
#1232=EDGE_CURVE('',#986,#903,#126,.T.);
#1233=EDGE_CURVE('',#899,#984,#127,.T.);
#1234=EDGE_CURVE('',#898,#985,#128,.T.);
#1235=EDGE_CURVE('',#973,#987,#129,.T.);
#1236=EDGE_CURVE('',#988,#987,#557,.T.);
#1237=EDGE_CURVE('',#988,#974,#67,.F.);
#1238=EDGE_CURVE('',#972,#989,#130,.T.);
#1239=EDGE_CURVE('',#989,#987,#131,.T.);
#1240=EDGE_CURVE('',#971,#990,#132,.T.);
#1241=EDGE_CURVE('',#989,#990,#558,.T.);
#1242=EDGE_CURVE('',#970,#991,#133,.T.);
#1243=EDGE_CURVE('',#991,#990,#134,.T.);
#1244=EDGE_CURVE('',#969,#992,#68,.F.);
#1245=EDGE_CURVE('',#992,#991,#559,.T.);
#1246=EDGE_CURVE('',#988,#993,#560,.T.);
#1247=EDGE_CURVE('',#994,#988,#561,.T.);
#1248=EDGE_CURVE('',#995,#994,#562,.T.);
#1249=EDGE_CURVE('',#993,#995,#563,.T.);
#1250=EDGE_CURVE('',#990,#955,#135,.T.);
#1251=EDGE_CURVE('',#956,#989,#136,.T.);
#1252=EDGE_CURVE('',#991,#955,#137,.T.);
#1253=EDGE_CURVE('',#956,#987,#138,.T.);
#1254=EDGE_CURVE('',#996,#983,#25,.T.);
#1255=EDGE_CURVE('',#996,#997,#564,.T.);
#1256=EDGE_CURVE('',#997,#984,#139,.T.);
#1257=EDGE_CURVE('',#997,#900,#140,.T.);
#1258=EDGE_CURVE('',#997,#998,#565,.T.);
#1259=EDGE_CURVE('',#901,#998,#141,.T.);
#1260=EDGE_CURVE('',#999,#996,#566,.T.);
#1261=EDGE_CURVE('',#998,#999,#567,.T.);
#1262=EDGE_CURVE('',#981,#999,#26,.T.);
#1263=EDGE_CURVE('',#982,#998,#142,.T.);
#1264=EDGE_CURVE('',#1000,#1001,#143,.T.);
#1265=EDGE_CURVE('',#1000,#1002,#568,.T.);
#1266=EDGE_CURVE('',#1002,#1003,#144,.T.);
#1267=EDGE_CURVE('',#1003,#1001,#569,.T.);
#1268=EDGE_CURVE('',#1004,#1003,#570,.T.);
#1269=EDGE_CURVE('',#1005,#1004,#571,.T.);
#1270=EDGE_CURVE('',#1001,#1005,#572,.T.);
#1271=EDGE_CURVE('',#1006,#1007,#145,.T.);
#1272=EDGE_CURVE('',#1006,#1008,#573,.T.);
#1273=EDGE_CURVE('',#1008,#1009,#146,.T.);
#1274=EDGE_CURVE('',#1009,#1007,#574,.T.);
#1275=EDGE_CURVE('',#1007,#1000,#575,.T.);
#1276=EDGE_CURVE('',#1002,#1009,#576,.T.);
#1277=EDGE_CURVE('',#1010,#1011,#147,.T.);
#1278=EDGE_CURVE('',#1010,#1012,#577,.T.);
#1279=EDGE_CURVE('',#1012,#1013,#148,.T.);
#1280=EDGE_CURVE('',#1013,#1011,#578,.T.);
#1281=EDGE_CURVE('',#1011,#1006,#579,.T.);
#1282=EDGE_CURVE('',#1008,#1013,#580,.T.);
#1283=EDGE_CURVE('',#1005,#1014,#149,.T.);
#1284=EDGE_CURVE('',#1004,#1015,#150,.T.);
#1285=EDGE_CURVE('',#1015,#1014,#581,.T.);
#1286=EDGE_CURVE('',#1014,#1010,#582,.T.);
#1287=EDGE_CURVE('',#1012,#1015,#583,.T.);
#1288=EDGE_CURVE('',#963,#976,#584,.T.);
#1289=EDGE_CURVE('',#977,#966,#585,.T.);
#1290=EDGE_CURVE('',#965,#978,#586,.T.);
#1291=EDGE_CURVE('',#975,#964,#587,.T.);
#1292=EDGE_CURVE('',#896,#1016,#151,.T.);
#1293=EDGE_CURVE('',#1016,#992,#588,.T.);
#1294=EDGE_CURVE('',#906,#1017,#152,.T.);
#1295=EDGE_CURVE('',#1017,#1018,#589,.T.);
#1296=EDGE_CURVE('',#1018,#896,#153,.T.);
#1297=EDGE_CURVE('',#993,#906,#154,.T.);
#1298=EDGE_CURVE('',#993,#1017,#155,.T.);
#1299=EDGE_CURVE('',#1018,#1016,#156,.T.);
#1300=EDGE_CURVE('',#1019,#1016,#590,.T.);
#1301=EDGE_CURVE('',#1020,#1019,#591,.T.);
#1302=EDGE_CURVE('',#1020,#992,#592,.T.);
#1303=EDGE_CURVE('',#1018,#1021,#593,.T.);
#1304=EDGE_CURVE('',#1021,#1019,#157,.T.);
#1305=EDGE_CURVE('',#1022,#1017,#594,.T.);
#1306=EDGE_CURVE('',#1021,#1022,#595,.T.);
#1307=EDGE_CURVE('',#995,#1022,#158,.T.);
#1308=EDGE_CURVE('',#1023,#931,#596,.T.);
#1309=EDGE_CURVE('',#1023,#1024,#597,.T.);
#1310=EDGE_CURVE('',#932,#1024,#598,.T.);
#1311=EDGE_CURVE('',#1025,#1024,#599,.T.);
#1312=EDGE_CURVE('',#1025,#933,#600,.T.);
#1313=EDGE_CURVE('',#946,#943,#601,.T.);
#1314=EDGE_CURVE('',#1026,#1025,#602,.T.);
#1315=EDGE_CURVE('',#1026,#930,#603,.T.);
#1316=EDGE_CURVE('',#1023,#1026,#604,.T.);
#1317=EDGE_CURVE('',#1027,#1028,#605,.T.);
#1318=EDGE_CURVE('',#1028,#1029,#606,.T.);
#1319=EDGE_CURVE('',#1029,#1030,#607,.T.);
#1320=EDGE_CURVE('',#1030,#1027,#608,.T.);
#1321=EDGE_CURVE('',#1020,#957,#159,.T.);
#1322=EDGE_CURVE('',#958,#994,#160,.T.);
#1323=EDGE_CURVE('',#1031,#1032,#609,.T.);
#1324=EDGE_CURVE('',#1031,#1030,#610,.T.);
#1325=EDGE_CURVE('',#1032,#1029,#611,.T.);
#1326=EDGE_CURVE('',#1033,#1031,#612,.T.);
#1327=EDGE_CURVE('',#1033,#1027,#613,.T.);
#1328=EDGE_CURVE('',#1032,#1034,#614,.T.);
#1329=EDGE_CURVE('',#1034,#1028,#615,.T.);
#1330=EDGE_CURVE('',#1034,#1033,#616,.T.);
#1331=EDGE_CURVE('',#1035,#1036,#617,.T.);
#1332=EDGE_CURVE('',#1037,#1035,#618,.T.);
#1333=EDGE_CURVE('',#1038,#1037,#619,.T.);
#1334=EDGE_CURVE('',#1036,#1038,#620,.T.);
#1335=EDGE_CURVE('',#1037,#1039,#621,.T.);
#1336=EDGE_CURVE('',#1040,#1039,#622,.T.);
#1337=EDGE_CURVE('',#1038,#1040,#623,.T.);
#1338=EDGE_CURVE('',#1035,#1041,#624,.T.);
#1339=EDGE_CURVE('',#1039,#1041,#625,.T.);
#1340=EDGE_CURVE('',#1042,#1040,#626,.T.);
#1341=EDGE_CURVE('',#1036,#1042,#627,.T.);
#1342=EDGE_CURVE('',#1041,#1042,#628,.T.);
#1343=ORIENTED_EDGE('',*,*,#1043,.F.);
#1344=ORIENTED_EDGE('',*,*,#1044,.F.);
#1345=ORIENTED_EDGE('',*,*,#1045,.F.);
#1346=ORIENTED_EDGE('',*,*,#1046,.F.);
#1347=ORIENTED_EDGE('',*,*,#1047,.T.);
#1348=ORIENTED_EDGE('',*,*,#1046,.T.);
#1349=ORIENTED_EDGE('',*,*,#1048,.T.);
#1350=ORIENTED_EDGE('',*,*,#1049,.F.);
#1351=ORIENTED_EDGE('',*,*,#1050,.T.);
#1352=ORIENTED_EDGE('',*,*,#1051,.F.);
#1353=ORIENTED_EDGE('',*,*,#1052,.T.);
#1354=ORIENTED_EDGE('',*,*,#1053,.F.);
#1355=ORIENTED_EDGE('',*,*,#1054,.F.);
#1356=ORIENTED_EDGE('',*,*,#1055,.F.);
#1357=ORIENTED_EDGE('',*,*,#1056,.T.);
#1358=ORIENTED_EDGE('',*,*,#1057,.T.);
#1359=ORIENTED_EDGE('',*,*,#1058,.F.);
#1360=ORIENTED_EDGE('',*,*,#1048,.F.);
#1361=ORIENTED_EDGE('',*,*,#1045,.T.);
#1362=ORIENTED_EDGE('',*,*,#1059,.F.);
#1363=ORIENTED_EDGE('',*,*,#1060,.F.);
#1364=ORIENTED_EDGE('',*,*,#1061,.F.);
#1365=ORIENTED_EDGE('',*,*,#1043,.T.);
#1366=ORIENTED_EDGE('',*,*,#1047,.F.);
#1367=ORIENTED_EDGE('',*,*,#1061,.T.);
#1368=ORIENTED_EDGE('',*,*,#1062,.F.);
#1369=ORIENTED_EDGE('',*,*,#1063,.T.);
#1370=ORIENTED_EDGE('',*,*,#1064,.T.);
#1371=ORIENTED_EDGE('',*,*,#1065,.F.);
#1372=ORIENTED_EDGE('',*,*,#1066,.F.);
#1373=ORIENTED_EDGE('',*,*,#1067,.F.);
#1374=ORIENTED_EDGE('',*,*,#1068,.T.);
#1375=ORIENTED_EDGE('',*,*,#1069,.T.);
#1376=ORIENTED_EDGE('',*,*,#1070,.F.);
#1377=ORIENTED_EDGE('',*,*,#1059,.T.);
#1378=ORIENTED_EDGE('',*,*,#1044,.T.);
#1379=ORIENTED_EDGE('',*,*,#1071,.F.);
#1380=ORIENTED_EDGE('',*,*,#1072,.F.);
#1381=ORIENTED_EDGE('',*,*,#1073,.F.);
#1382=ORIENTED_EDGE('',*,*,#1074,.F.);
#1383=ORIENTED_EDGE('',*,*,#1075,.T.);
#1384=ORIENTED_EDGE('',*,*,#1076,.F.);
#1385=ORIENTED_EDGE('',*,*,#1077,.F.);
#1386=ORIENTED_EDGE('',*,*,#1078,.F.);
#1387=ORIENTED_EDGE('',*,*,#1079,.T.);
#1388=ORIENTED_EDGE('',*,*,#1080,.F.);
#1389=ORIENTED_EDGE('',*,*,#1079,.F.);
#1390=ORIENTED_EDGE('',*,*,#1081,.F.);
#1391=ORIENTED_EDGE('',*,*,#1075,.F.);
#1392=ORIENTED_EDGE('',*,*,#1082,.F.);
#1393=ORIENTED_EDGE('',*,*,#1076,.T.);
#1394=ORIENTED_EDGE('',*,*,#1081,.T.);
#1395=ORIENTED_EDGE('',*,*,#1078,.T.);
#1396=ORIENTED_EDGE('',*,*,#1083,.F.);
#1397=ORIENTED_EDGE('',*,*,#1084,.T.);
#1398=ORIENTED_EDGE('',*,*,#1085,.F.);
#1399=ORIENTED_EDGE('',*,*,#1086,.T.);
#1400=ORIENTED_EDGE('',*,*,#1087,.F.);
#1401=ORIENTED_EDGE('',*,*,#1088,.F.);
#1402=ORIENTED_EDGE('',*,*,#1089,.F.);
#1403=ORIENTED_EDGE('',*,*,#1090,.T.);
#1404=ORIENTED_EDGE('',*,*,#1091,.T.);
#1405=ORIENTED_EDGE('',*,*,#1092,.T.);
#1406=ORIENTED_EDGE('',*,*,#1093,.F.);
#1407=ORIENTED_EDGE('',*,*,#1094,.T.);
#1408=ORIENTED_EDGE('',*,*,#1053,.T.);
#1409=ORIENTED_EDGE('',*,*,#1095,.F.);
#1410=ORIENTED_EDGE('',*,*,#1096,.T.);
#1411=ORIENTED_EDGE('',*,*,#1097,.T.);
#1412=ORIENTED_EDGE('',*,*,#1098,.T.);
#1413=ORIENTED_EDGE('',*,*,#1099,.F.);
#1414=ORIENTED_EDGE('',*,*,#1100,.F.);
#1415=ORIENTED_EDGE('',*,*,#1101,.F.);
#1416=ORIENTED_EDGE('',*,*,#1102,.T.);
#1417=ORIENTED_EDGE('',*,*,#1103,.T.);
#1418=ORIENTED_EDGE('',*,*,#1104,.T.);
#1419=ORIENTED_EDGE('',*,*,#1105,.F.);
#1420=ORIENTED_EDGE('',*,*,#1106,.F.);
#1421=ORIENTED_EDGE('',*,*,#1107,.T.);
#1422=ORIENTED_EDGE('',*,*,#1093,.T.);
#1423=ORIENTED_EDGE('',*,*,#1108,.T.);
#1424=ORIENTED_EDGE('',*,*,#1109,.T.);
#1425=ORIENTED_EDGE('',*,*,#1110,.T.);
#1426=ORIENTED_EDGE('',*,*,#1111,.T.);
#1427=ORIENTED_EDGE('',*,*,#1112,.T.);
#1428=ORIENTED_EDGE('',*,*,#1113,.T.);
#1429=ORIENTED_EDGE('',*,*,#1114,.T.);
#1430=ORIENTED_EDGE('',*,*,#1115,.T.);
#1431=ORIENTED_EDGE('',*,*,#1116,.T.);
#1432=ORIENTED_EDGE('',*,*,#1117,.T.);
#1433=ORIENTED_EDGE('',*,*,#1118,.T.);
#1434=ORIENTED_EDGE('',*,*,#1051,.T.);
#1435=ORIENTED_EDGE('',*,*,#1119,.T.);
#1436=ORIENTED_EDGE('',*,*,#1109,.F.);
#1437=ORIENTED_EDGE('',*,*,#1120,.T.);
#1438=ORIENTED_EDGE('',*,*,#1113,.F.);
#1439=ORIENTED_EDGE('',*,*,#1121,.T.);
#1440=ORIENTED_EDGE('',*,*,#1087,.T.);
#1441=ORIENTED_EDGE('',*,*,#1122,.T.);
#1442=ORIENTED_EDGE('',*,*,#1085,.T.);
#1443=ORIENTED_EDGE('',*,*,#1123,.T.);
#1444=ORIENTED_EDGE('',*,*,#1115,.F.);
#1445=ORIENTED_EDGE('',*,*,#1052,.F.);
#1446=ORIENTED_EDGE('',*,*,#1118,.F.);
#1447=ORIENTED_EDGE('',*,*,#1108,.F.);
#1448=ORIENTED_EDGE('',*,*,#1092,.F.);
#1449=ORIENTED_EDGE('',*,*,#1086,.F.);
#1450=ORIENTED_EDGE('',*,*,#1122,.F.);
#1451=ORIENTED_EDGE('',*,*,#1114,.F.);
#1452=ORIENTED_EDGE('',*,*,#1120,.F.);
#1453=ORIENTED_EDGE('',*,*,#1083,.T.);
#1454=ORIENTED_EDGE('',*,*,#1077,.T.);
#1455=ORIENTED_EDGE('',*,*,#1124,.T.);
#1456=ORIENTED_EDGE('',*,*,#1125,.T.);
#1457=ORIENTED_EDGE('',*,*,#1089,.T.);
#1458=ORIENTED_EDGE('',*,*,#1126,.T.);
#1459=ORIENTED_EDGE('',*,*,#1127,.T.);
#1460=ORIENTED_EDGE('',*,*,#1073,.T.);
#1461=ORIENTED_EDGE('',*,*,#1074,.T.);
#1462=ORIENTED_EDGE('',*,*,#1127,.F.);
#1463=ORIENTED_EDGE('',*,*,#1128,.T.);
#1464=ORIENTED_EDGE('',*,*,#1129,.T.);
#1465=ORIENTED_EDGE('',*,*,#1130,.F.);
#1466=ORIENTED_EDGE('',*,*,#1131,.T.);
#1467=ORIENTED_EDGE('',*,*,#1132,.F.);
#1468=ORIENTED_EDGE('',*,*,#1133,.T.);
#1469=ORIENTED_EDGE('',*,*,#1134,.T.);
#1470=ORIENTED_EDGE('',*,*,#1124,.F.);
#1471=ORIENTED_EDGE('',*,*,#1080,.T.);
#1472=ORIENTED_EDGE('',*,*,#1082,.T.);
#1473=ORIENTED_EDGE('',*,*,#1135,.F.);
#1474=ORIENTED_EDGE('',*,*,#1136,.F.);
#1475=ORIENTED_EDGE('',*,*,#1049,.T.);
#1476=ORIENTED_EDGE('',*,*,#1058,.T.);
#1477=ORIENTED_EDGE('',*,*,#1070,.T.);
#1478=ORIENTED_EDGE('',*,*,#1137,.T.);
#1479=ORIENTED_EDGE('',*,*,#1055,.T.);
#1480=ORIENTED_EDGE('',*,*,#1138,.T.);
#1481=ORIENTED_EDGE('',*,*,#1062,.T.);
#1482=ORIENTED_EDGE('',*,*,#1060,.T.);
#1483=ORIENTED_EDGE('',*,*,#1138,.F.);
#1484=ORIENTED_EDGE('',*,*,#1054,.T.);
#1485=ORIENTED_EDGE('',*,*,#1094,.F.);
#1486=ORIENTED_EDGE('',*,*,#1107,.F.);
#1487=ORIENTED_EDGE('',*,*,#1063,.F.);
#1488=ORIENTED_EDGE('',*,*,#1091,.F.);
#1489=ORIENTED_EDGE('',*,*,#1139,.T.);
#1490=ORIENTED_EDGE('',*,*,#1135,.T.);
#1491=ORIENTED_EDGE('',*,*,#1139,.F.);
#1492=ORIENTED_EDGE('',*,*,#1125,.F.);
#1493=ORIENTED_EDGE('',*,*,#1134,.F.);
#1494=ORIENTED_EDGE('',*,*,#1116,.F.);
#1495=ORIENTED_EDGE('',*,*,#1123,.F.);
#1496=ORIENTED_EDGE('',*,*,#1084,.F.);
#1497=ORIENTED_EDGE('',*,*,#1057,.F.);
#1498=ORIENTED_EDGE('',*,*,#1140,.T.);
#1499=ORIENTED_EDGE('',*,*,#1072,.T.);
#1500=ORIENTED_EDGE('',*,*,#1140,.F.);
#1501=ORIENTED_EDGE('',*,*,#1090,.F.);
#1502=ORIENTED_EDGE('',*,*,#1141,.T.);
#1503=ORIENTED_EDGE('',*,*,#1136,.T.);
#1504=ORIENTED_EDGE('',*,*,#1141,.F.);
#1505=ORIENTED_EDGE('',*,*,#1126,.F.);
#1506=ORIENTED_EDGE('',*,*,#1088,.T.);
#1507=ORIENTED_EDGE('',*,*,#1121,.F.);
#1508=ORIENTED_EDGE('',*,*,#1112,.F.);
#1509=ORIENTED_EDGE('',*,*,#1128,.F.);
#1510=ORIENTED_EDGE('',*,*,#1056,.F.);
#1511=ORIENTED_EDGE('',*,*,#1142,.T.);
#1512=ORIENTED_EDGE('',*,*,#1071,.T.);
#1513=ORIENTED_EDGE('',*,*,#1142,.F.);
#1514=ORIENTED_EDGE('',*,*,#1137,.F.);
#1515=ORIENTED_EDGE('',*,*,#1069,.F.);
#1516=ORIENTED_EDGE('',*,*,#1110,.F.);
#1517=ORIENTED_EDGE('',*,*,#1119,.F.);
#1518=ORIENTED_EDGE('',*,*,#1050,.F.);
#1519=ORIENTED_EDGE('',*,*,#1143,.T.);
#1520=ORIENTED_EDGE('',*,*,#1144,.T.);
#1521=ORIENTED_EDGE('',*,*,#1130,.T.);
#1522=ORIENTED_EDGE('',*,*,#1145,.T.);
#1523=ORIENTED_EDGE('',*,*,#1144,.F.);
#1524=ORIENTED_EDGE('',*,*,#1146,.F.);
#1525=ORIENTED_EDGE('',*,*,#1147,.F.);
#1526=ORIENTED_EDGE('',*,*,#1131,.F.);
#1527=ORIENTED_EDGE('',*,*,#1132,.T.);
#1528=ORIENTED_EDGE('',*,*,#1147,.T.);
#1529=ORIENTED_EDGE('',*,*,#1148,.T.);
#1530=ORIENTED_EDGE('',*,*,#1149,.T.);
#1531=ORIENTED_EDGE('',*,*,#1067,.T.);
#1532=ORIENTED_EDGE('',*,*,#1150,.T.);
#1533=ORIENTED_EDGE('',*,*,#1151,.T.);
#1534=ORIENTED_EDGE('',*,*,#1152,.T.);
#1535=ORIENTED_EDGE('',*,*,#1150,.F.);
#1536=ORIENTED_EDGE('',*,*,#1066,.T.);
#1537=ORIENTED_EDGE('',*,*,#1153,.F.);
#1538=ORIENTED_EDGE('',*,*,#1154,.F.);
#1539=ORIENTED_EDGE('',*,*,#1155,.T.);
#1540=ORIENTED_EDGE('',*,*,#1156,.F.);
#1541=ORIENTED_EDGE('',*,*,#1157,.T.);
#1542=ORIENTED_EDGE('',*,*,#1158,.T.);
#1543=ORIENTED_EDGE('',*,*,#1159,.T.);
#1544=ORIENTED_EDGE('',*,*,#1153,.T.);
#1545=ORIENTED_EDGE('',*,*,#1065,.T.);
#1546=ORIENTED_EDGE('',*,*,#1160,.T.);
#1547=ORIENTED_EDGE('',*,*,#1145,.F.);
#1548=ORIENTED_EDGE('',*,*,#1129,.F.);
#1549=ORIENTED_EDGE('',*,*,#1111,.F.);
#1550=ORIENTED_EDGE('',*,*,#1068,.F.);
#1551=ORIENTED_EDGE('',*,*,#1152,.F.);
#1552=ORIENTED_EDGE('',*,*,#1161,.F.);
#1553=ORIENTED_EDGE('',*,*,#1149,.F.);
#1554=ORIENTED_EDGE('',*,*,#1162,.F.);
#1555=ORIENTED_EDGE('',*,*,#1160,.F.);
#1556=ORIENTED_EDGE('',*,*,#1064,.F.);
#1557=ORIENTED_EDGE('',*,*,#1117,.F.);
#1558=ORIENTED_EDGE('',*,*,#1133,.F.);
#1559=ORIENTED_EDGE('',*,*,#1163,.T.);
#1560=ORIENTED_EDGE('',*,*,#1164,.T.);
#1561=ORIENTED_EDGE('',*,*,#1165,.T.);
#1562=ORIENTED_EDGE('',*,*,#1166,.T.);
#1563=ORIENTED_EDGE('',*,*,#1164,.F.);
#1564=ORIENTED_EDGE('',*,*,#1167,.F.);
#1565=ORIENTED_EDGE('',*,*,#1168,.F.);
#1566=ORIENTED_EDGE('',*,*,#1169,.T.);
#1567=ORIENTED_EDGE('',*,*,#1170,.T.);
#1568=ORIENTED_EDGE('',*,*,#1171,.T.);
#1569=ORIENTED_EDGE('',*,*,#1163,.F.);
#1570=ORIENTED_EDGE('',*,*,#1172,.T.);
#1571=ORIENTED_EDGE('',*,*,#1171,.F.);
#1572=ORIENTED_EDGE('',*,*,#1173,.T.);
#1573=ORIENTED_EDGE('',*,*,#1174,.F.);
#1574=ORIENTED_EDGE('',*,*,#1167,.T.);
#1575=ORIENTED_EDGE('',*,*,#1175,.T.);
#1576=ORIENTED_EDGE('',*,*,#1176,.T.);
#1577=ORIENTED_EDGE('',*,*,#1177,.T.);
#1578=ORIENTED_EDGE('',*,*,#1165,.F.);
#1579=ORIENTED_EDGE('',*,*,#1175,.F.);
#1580=ORIENTED_EDGE('',*,*,#1169,.F.);
#1581=ORIENTED_EDGE('',*,*,#1178,.F.);
#1582=ORIENTED_EDGE('',*,*,#1179,.T.);
#1583=ORIENTED_EDGE('',*,*,#1180,.T.);
#1584=ORIENTED_EDGE('',*,*,#1181,.F.);
#1585=ORIENTED_EDGE('',*,*,#1182,.T.);
#1586=ORIENTED_EDGE('',*,*,#1183,.F.);
#1587=ORIENTED_EDGE('',*,*,#1181,.T.);
#1588=ORIENTED_EDGE('',*,*,#1184,.F.);
#1589=ORIENTED_EDGE('',*,*,#1185,.T.);
#1590=ORIENTED_EDGE('',*,*,#1186,.F.);
#1591=ORIENTED_EDGE('',*,*,#1187,.F.);
#1592=ORIENTED_EDGE('',*,*,#1188,.F.);
#1593=ORIENTED_EDGE('',*,*,#1189,.F.);
#1594=ORIENTED_EDGE('',*,*,#1185,.F.);
#1595=ORIENTED_EDGE('',*,*,#1190,.F.);
#1596=ORIENTED_EDGE('',*,*,#1191,.F.);
#1597=ORIENTED_EDGE('',*,*,#1192,.F.);
#1598=ORIENTED_EDGE('',*,*,#1193,.T.);
#1599=ORIENTED_EDGE('',*,*,#1177,.F.);
#1600=ORIENTED_EDGE('',*,*,#1194,.F.);
#1601=ORIENTED_EDGE('',*,*,#1172,.F.);
#1602=ORIENTED_EDGE('',*,*,#1166,.F.);
#1603=ORIENTED_EDGE('',*,*,#1186,.T.);
#1604=ORIENTED_EDGE('',*,*,#1189,.T.);
#1605=ORIENTED_EDGE('',*,*,#1195,.T.);
#1606=ORIENTED_EDGE('',*,*,#1182,.F.);
#1607=ORIENTED_EDGE('',*,*,#1196,.T.);
#1608=ORIENTED_EDGE('',*,*,#1197,.T.);
#1609=ORIENTED_EDGE('',*,*,#1198,.T.);
#1610=ORIENTED_EDGE('',*,*,#1199,.T.);
#1611=ORIENTED_EDGE('',*,*,#1200,.T.);
#1612=ORIENTED_EDGE('',*,*,#1201,.T.);
#1613=ORIENTED_EDGE('',*,*,#1202,.T.);
#1614=ORIENTED_EDGE('',*,*,#1203,.F.);
#1615=ORIENTED_EDGE('',*,*,#1204,.T.);
#1616=ORIENTED_EDGE('',*,*,#1205,.T.);
#1617=ORIENTED_EDGE('',*,*,#1206,.T.);
#1618=ORIENTED_EDGE('',*,*,#1096,.F.);
#1619=ORIENTED_EDGE('',*,*,#1207,.F.);
#1620=ORIENTED_EDGE('',*,*,#1208,.F.);
#1621=ORIENTED_EDGE('',*,*,#1209,.F.);
#1622=ORIENTED_EDGE('',*,*,#1210,.F.);
#1623=ORIENTED_EDGE('',*,*,#1211,.F.);
#1624=ORIENTED_EDGE('',*,*,#1212,.F.);
#1625=ORIENTED_EDGE('',*,*,#1213,.F.);
#1626=ORIENTED_EDGE('',*,*,#1104,.F.);
#1627=ORIENTED_EDGE('',*,*,#1184,.T.);
#1628=ORIENTED_EDGE('',*,*,#1180,.F.);
#1629=ORIENTED_EDGE('',*,*,#1214,.T.);
#1630=ORIENTED_EDGE('',*,*,#1187,.T.);
#1631=ORIENTED_EDGE('',*,*,#1215,.T.);
#1632=ORIENTED_EDGE('',*,*,#1216,.F.);
#1633=ORIENTED_EDGE('',*,*,#1217,.T.);
#1634=ORIENTED_EDGE('',*,*,#1218,.T.);
#1635=ORIENTED_EDGE('',*,*,#1205,.F.);
#1636=ORIENTED_EDGE('',*,*,#1219,.F.);
#1637=ORIENTED_EDGE('',*,*,#1199,.F.);
#1638=ORIENTED_EDGE('',*,*,#1220,.F.);
#1639=ORIENTED_EDGE('',*,*,#1221,.F.);
#1640=ORIENTED_EDGE('',*,*,#1222,.F.);
#1641=ORIENTED_EDGE('',*,*,#1197,.F.);
#1642=ORIENTED_EDGE('',*,*,#1223,.F.);
#1643=ORIENTED_EDGE('',*,*,#1224,.F.);
#1644=ORIENTED_EDGE('',*,*,#1225,.F.);
#1645=ORIENTED_EDGE('',*,*,#1226,.F.);
#1646=ORIENTED_EDGE('',*,*,#1227,.T.);
#1647=ORIENTED_EDGE('',*,*,#1228,.T.);
#1648=ORIENTED_EDGE('',*,*,#1221,.T.);
#1649=ORIENTED_EDGE('',*,*,#1229,.T.);
#1650=ORIENTED_EDGE('',*,*,#1230,.F.);
#1651=ORIENTED_EDGE('',*,*,#1231,.F.);
#1652=ORIENTED_EDGE('',*,*,#1230,.T.);
#1653=ORIENTED_EDGE('',*,*,#1232,.T.);
#1654=ORIENTED_EDGE('',*,*,#1102,.F.);
#1655=ORIENTED_EDGE('',*,*,#1232,.F.);
#1656=ORIENTED_EDGE('',*,*,#1229,.F.);
#1657=ORIENTED_EDGE('',*,*,#1223,.T.);
#1658=ORIENTED_EDGE('',*,*,#1196,.F.);
#1659=ORIENTED_EDGE('',*,*,#1219,.T.);
#1660=ORIENTED_EDGE('',*,*,#1204,.F.);
#1661=ORIENTED_EDGE('',*,*,#1103,.F.);
#1662=ORIENTED_EDGE('',*,*,#1233,.F.);
#1663=ORIENTED_EDGE('',*,*,#1098,.F.);
#1664=ORIENTED_EDGE('',*,*,#1234,.T.);
#1665=ORIENTED_EDGE('',*,*,#1227,.F.);
#1666=ORIENTED_EDGE('',*,*,#1234,.F.);
#1667=ORIENTED_EDGE('',*,*,#1097,.F.);
#1668=ORIENTED_EDGE('',*,*,#1206,.F.);
#1669=ORIENTED_EDGE('',*,*,#1220,.T.);
#1670=ORIENTED_EDGE('',*,*,#1198,.F.);
#1671=ORIENTED_EDGE('',*,*,#1222,.T.);
#1672=ORIENTED_EDGE('',*,*,#1228,.F.);
#1673=ORIENTED_EDGE('',*,*,#1235,.T.);
#1674=ORIENTED_EDGE('',*,*,#1236,.F.);
#1675=ORIENTED_EDGE('',*,*,#1237,.T.);
#1676=ORIENTED_EDGE('',*,*,#1212,.T.);
#1677=ORIENTED_EDGE('',*,*,#1235,.F.);
#1678=ORIENTED_EDGE('',*,*,#1211,.T.);
#1679=ORIENTED_EDGE('',*,*,#1238,.T.);
#1680=ORIENTED_EDGE('',*,*,#1239,.T.);
#1681=ORIENTED_EDGE('',*,*,#1238,.F.);
#1682=ORIENTED_EDGE('',*,*,#1210,.T.);
#1683=ORIENTED_EDGE('',*,*,#1240,.T.);
#1684=ORIENTED_EDGE('',*,*,#1241,.F.);
#1685=ORIENTED_EDGE('',*,*,#1240,.F.);
#1686=ORIENTED_EDGE('',*,*,#1209,.T.);
#1687=ORIENTED_EDGE('',*,*,#1242,.T.);
#1688=ORIENTED_EDGE('',*,*,#1243,.T.);
#1689=ORIENTED_EDGE('',*,*,#1242,.F.);
#1690=ORIENTED_EDGE('',*,*,#1208,.T.);
#1691=ORIENTED_EDGE('',*,*,#1244,.T.);
#1692=ORIENTED_EDGE('',*,*,#1245,.T.);
#1693=ORIENTED_EDGE('',*,*,#1246,.F.);
#1694=ORIENTED_EDGE('',*,*,#1247,.F.);
#1695=ORIENTED_EDGE('',*,*,#1248,.F.);
#1696=ORIENTED_EDGE('',*,*,#1249,.F.);
#1697=ORIENTED_EDGE('',*,*,#1250,.T.);
#1698=ORIENTED_EDGE('',*,*,#1190,.T.);
#1699=ORIENTED_EDGE('',*,*,#1251,.T.);
#1700=ORIENTED_EDGE('',*,*,#1241,.T.);
#1701=ORIENTED_EDGE('',*,*,#1250,.F.);
#1702=ORIENTED_EDGE('',*,*,#1243,.F.);
#1703=ORIENTED_EDGE('',*,*,#1252,.T.);
#1704=ORIENTED_EDGE('',*,*,#1239,.F.);
#1705=ORIENTED_EDGE('',*,*,#1251,.F.);
#1706=ORIENTED_EDGE('',*,*,#1253,.T.);
#1707=ORIENTED_EDGE('',*,*,#1254,.F.);
#1708=ORIENTED_EDGE('',*,*,#1255,.T.);
#1709=ORIENTED_EDGE('',*,*,#1256,.T.);
#1710=ORIENTED_EDGE('',*,*,#1226,.T.);
#1711=ORIENTED_EDGE('',*,*,#1099,.T.);
#1712=ORIENTED_EDGE('',*,*,#1233,.T.);
#1713=ORIENTED_EDGE('',*,*,#1256,.F.);
#1714=ORIENTED_EDGE('',*,*,#1257,.T.);
#1715=ORIENTED_EDGE('',*,*,#1257,.F.);
#1716=ORIENTED_EDGE('',*,*,#1258,.T.);
#1717=ORIENTED_EDGE('',*,*,#1259,.F.);
#1718=ORIENTED_EDGE('',*,*,#1100,.T.);
#1719=ORIENTED_EDGE('',*,*,#1255,.F.);
#1720=ORIENTED_EDGE('',*,*,#1260,.F.);
#1721=ORIENTED_EDGE('',*,*,#1261,.F.);
#1722=ORIENTED_EDGE('',*,*,#1258,.F.);
#1723=ORIENTED_EDGE('',*,*,#1262,.F.);
#1724=ORIENTED_EDGE('',*,*,#1224,.T.);
#1725=ORIENTED_EDGE('',*,*,#1263,.T.);
#1726=ORIENTED_EDGE('',*,*,#1261,.T.);
#1727=ORIENTED_EDGE('',*,*,#1101,.T.);
#1728=ORIENTED_EDGE('',*,*,#1259,.T.);
#1729=ORIENTED_EDGE('',*,*,#1263,.F.);
#1730=ORIENTED_EDGE('',*,*,#1231,.T.);
#1731=ORIENTED_EDGE('',*,*,#1254,.T.);
#1732=ORIENTED_EDGE('',*,*,#1225,.T.);
#1733=ORIENTED_EDGE('',*,*,#1262,.T.);
#1734=ORIENTED_EDGE('',*,*,#1260,.T.);
#1735=ORIENTED_EDGE('',*,*,#1264,.F.);
#1736=ORIENTED_EDGE('',*,*,#1265,.T.);
#1737=ORIENTED_EDGE('',*,*,#1266,.T.);
#1738=ORIENTED_EDGE('',*,*,#1267,.T.);
#1739=ORIENTED_EDGE('',*,*,#1267,.F.);
#1740=ORIENTED_EDGE('',*,*,#1268,.F.);
#1741=ORIENTED_EDGE('',*,*,#1269,.F.);
#1742=ORIENTED_EDGE('',*,*,#1270,.F.);
#1743=ORIENTED_EDGE('',*,*,#1271,.F.);
#1744=ORIENTED_EDGE('',*,*,#1272,.T.);
#1745=ORIENTED_EDGE('',*,*,#1273,.T.);
#1746=ORIENTED_EDGE('',*,*,#1274,.T.);
#1747=ORIENTED_EDGE('',*,*,#1265,.F.);
#1748=ORIENTED_EDGE('',*,*,#1275,.F.);
#1749=ORIENTED_EDGE('',*,*,#1274,.F.);
#1750=ORIENTED_EDGE('',*,*,#1276,.F.);
#1751=ORIENTED_EDGE('',*,*,#1277,.F.);
#1752=ORIENTED_EDGE('',*,*,#1278,.T.);
#1753=ORIENTED_EDGE('',*,*,#1279,.T.);
#1754=ORIENTED_EDGE('',*,*,#1280,.T.);
#1755=ORIENTED_EDGE('',*,*,#1272,.F.);
#1756=ORIENTED_EDGE('',*,*,#1281,.F.);
#1757=ORIENTED_EDGE('',*,*,#1280,.F.);
#1758=ORIENTED_EDGE('',*,*,#1282,.F.);
#1759=ORIENTED_EDGE('',*,*,#1283,.F.);
#1760=ORIENTED_EDGE('',*,*,#1269,.T.);
#1761=ORIENTED_EDGE('',*,*,#1284,.T.);
#1762=ORIENTED_EDGE('',*,*,#1285,.T.);
#1763=ORIENTED_EDGE('',*,*,#1278,.F.);
#1764=ORIENTED_EDGE('',*,*,#1286,.F.);
#1765=ORIENTED_EDGE('',*,*,#1285,.F.);
#1766=ORIENTED_EDGE('',*,*,#1287,.F.);
#1767=ORIENTED_EDGE('',*,*,#1264,.T.);
#1768=ORIENTED_EDGE('',*,*,#1270,.T.);
#1769=ORIENTED_EDGE('',*,*,#1283,.T.);
#1770=ORIENTED_EDGE('',*,*,#1286,.T.);
#1771=ORIENTED_EDGE('',*,*,#1277,.T.);
#1772=ORIENTED_EDGE('',*,*,#1281,.T.);
#1773=ORIENTED_EDGE('',*,*,#1271,.T.);
#1774=ORIENTED_EDGE('',*,*,#1275,.T.);
#1775=ORIENTED_EDGE('',*,*,#1216,.T.);
#1776=ORIENTED_EDGE('',*,*,#1288,.F.);
#1777=ORIENTED_EDGE('',*,*,#1203,.T.);
#1778=ORIENTED_EDGE('',*,*,#1289,.F.);
#1779=ORIENTED_EDGE('',*,*,#1289,.T.);
#1780=ORIENTED_EDGE('',*,*,#1202,.F.);
#1781=ORIENTED_EDGE('',*,*,#1290,.T.);
#1782=ORIENTED_EDGE('',*,*,#1217,.F.);
#1783=ORIENTED_EDGE('',*,*,#1218,.F.);
#1784=ORIENTED_EDGE('',*,*,#1290,.F.);
#1785=ORIENTED_EDGE('',*,*,#1201,.F.);
#1786=ORIENTED_EDGE('',*,*,#1291,.F.);
#1787=ORIENTED_EDGE('',*,*,#1288,.T.);
#1788=ORIENTED_EDGE('',*,*,#1215,.F.);
#1789=ORIENTED_EDGE('',*,*,#1291,.T.);
#1790=ORIENTED_EDGE('',*,*,#1200,.F.);
#1791=ORIENTED_EDGE('',*,*,#1183,.T.);
#1792=ORIENTED_EDGE('',*,*,#1195,.F.);
#1793=ORIENTED_EDGE('',*,*,#1188,.T.);
#1794=ORIENTED_EDGE('',*,*,#1214,.F.);
#1795=ORIENTED_EDGE('',*,*,#1292,.T.);
#1796=ORIENTED_EDGE('',*,*,#1293,.T.);
#1797=ORIENTED_EDGE('',*,*,#1244,.F.);
#1798=ORIENTED_EDGE('',*,*,#1207,.T.);
#1799=ORIENTED_EDGE('',*,*,#1095,.T.);
#1800=ORIENTED_EDGE('',*,*,#1294,.T.);
#1801=ORIENTED_EDGE('',*,*,#1295,.T.);
#1802=ORIENTED_EDGE('',*,*,#1296,.T.);
#1803=ORIENTED_EDGE('',*,*,#1106,.T.);
#1804=ORIENTED_EDGE('',*,*,#1297,.T.);
#1805=ORIENTED_EDGE('',*,*,#1105,.T.);
#1806=ORIENTED_EDGE('',*,*,#1213,.T.);
#1807=ORIENTED_EDGE('',*,*,#1237,.F.);
#1808=ORIENTED_EDGE('',*,*,#1246,.T.);
#1809=ORIENTED_EDGE('',*,*,#1297,.F.);
#1810=ORIENTED_EDGE('',*,*,#1298,.T.);
#1811=ORIENTED_EDGE('',*,*,#1294,.F.);
#1812=ORIENTED_EDGE('',*,*,#1296,.F.);
#1813=ORIENTED_EDGE('',*,*,#1299,.T.);
#1814=ORIENTED_EDGE('',*,*,#1292,.F.);
#1815=ORIENTED_EDGE('',*,*,#1293,.F.);
#1816=ORIENTED_EDGE('',*,*,#1300,.F.);
#1817=ORIENTED_EDGE('',*,*,#1301,.F.);
#1818=ORIENTED_EDGE('',*,*,#1302,.T.);
#1819=ORIENTED_EDGE('',*,*,#1299,.F.);
#1820=ORIENTED_EDGE('',*,*,#1303,.T.);
#1821=ORIENTED_EDGE('',*,*,#1304,.T.);
#1822=ORIENTED_EDGE('',*,*,#1300,.T.);
#1823=ORIENTED_EDGE('',*,*,#1295,.F.);
#1824=ORIENTED_EDGE('',*,*,#1305,.F.);
#1825=ORIENTED_EDGE('',*,*,#1306,.F.);
#1826=ORIENTED_EDGE('',*,*,#1303,.F.);
#1827=ORIENTED_EDGE('',*,*,#1276,.T.);
#1828=ORIENTED_EDGE('',*,*,#1273,.F.);
#1829=ORIENTED_EDGE('',*,*,#1282,.T.);
#1830=ORIENTED_EDGE('',*,*,#1279,.F.);
#1831=ORIENTED_EDGE('',*,*,#1287,.T.);
#1832=ORIENTED_EDGE('',*,*,#1284,.F.);
#1833=ORIENTED_EDGE('',*,*,#1268,.T.);
#1834=ORIENTED_EDGE('',*,*,#1266,.F.);
#1835=ORIENTED_EDGE('',*,*,#1298,.F.);
#1836=ORIENTED_EDGE('',*,*,#1249,.T.);
#1837=ORIENTED_EDGE('',*,*,#1307,.T.);
#1838=ORIENTED_EDGE('',*,*,#1305,.T.);
#1839=ORIENTED_EDGE('',*,*,#1156,.T.);
#1840=ORIENTED_EDGE('',*,*,#1308,.F.);
#1841=ORIENTED_EDGE('',*,*,#1309,.T.);
#1842=ORIENTED_EDGE('',*,*,#1310,.F.);
#1843=ORIENTED_EDGE('',*,*,#1310,.T.);
#1844=ORIENTED_EDGE('',*,*,#1311,.F.);
#1845=ORIENTED_EDGE('',*,*,#1312,.T.);
#1846=ORIENTED_EDGE('',*,*,#1157,.F.);
#1847=ORIENTED_EDGE('',*,*,#1313,.T.);
#1848=ORIENTED_EDGE('',*,*,#1173,.F.);
#1849=ORIENTED_EDGE('',*,*,#1170,.F.);
#1850=ORIENTED_EDGE('',*,*,#1194,.T.);
#1851=ORIENTED_EDGE('',*,*,#1176,.F.);
#1852=ORIENTED_EDGE('',*,*,#1179,.F.);
#1853=ORIENTED_EDGE('',*,*,#1158,.F.);
#1854=ORIENTED_EDGE('',*,*,#1312,.F.);
#1855=ORIENTED_EDGE('',*,*,#1314,.F.);
#1856=ORIENTED_EDGE('',*,*,#1315,.T.);
#1857=ORIENTED_EDGE('',*,*,#1308,.T.);
#1858=ORIENTED_EDGE('',*,*,#1155,.F.);
#1859=ORIENTED_EDGE('',*,*,#1315,.F.);
#1860=ORIENTED_EDGE('',*,*,#1316,.F.);
#1861=ORIENTED_EDGE('',*,*,#1317,.T.);
#1862=ORIENTED_EDGE('',*,*,#1318,.T.);
#1863=ORIENTED_EDGE('',*,*,#1319,.T.);
#1864=ORIENTED_EDGE('',*,*,#1320,.T.);
#1865=ORIENTED_EDGE('',*,*,#1161,.T.);
#1866=ORIENTED_EDGE('',*,*,#1151,.F.);
#1867=ORIENTED_EDGE('',*,*,#1154,.T.);
#1868=ORIENTED_EDGE('',*,*,#1159,.F.);
#1869=ORIENTED_EDGE('',*,*,#1162,.T.);
#1870=ORIENTED_EDGE('',*,*,#1148,.F.);
#1871=ORIENTED_EDGE('',*,*,#1146,.T.);
#1872=ORIENTED_EDGE('',*,*,#1143,.F.);
#1873=ORIENTED_EDGE('',*,*,#1252,.F.);
#1874=ORIENTED_EDGE('',*,*,#1245,.F.);
#1875=ORIENTED_EDGE('',*,*,#1302,.F.);
#1876=ORIENTED_EDGE('',*,*,#1321,.T.);
#1877=ORIENTED_EDGE('',*,*,#1191,.T.);
#1878=ORIENTED_EDGE('',*,*,#1253,.F.);
#1879=ORIENTED_EDGE('',*,*,#1193,.F.);
#1880=ORIENTED_EDGE('',*,*,#1322,.T.);
#1881=ORIENTED_EDGE('',*,*,#1247,.T.);
#1882=ORIENTED_EDGE('',*,*,#1236,.T.);
#1883=ORIENTED_EDGE('',*,*,#1323,.F.);
#1884=ORIENTED_EDGE('',*,*,#1324,.T.);
#1885=ORIENTED_EDGE('',*,*,#1319,.F.);
#1886=ORIENTED_EDGE('',*,*,#1325,.F.);
#1887=ORIENTED_EDGE('',*,*,#1326,.F.);
#1888=ORIENTED_EDGE('',*,*,#1327,.T.);
#1889=ORIENTED_EDGE('',*,*,#1320,.F.);
#1890=ORIENTED_EDGE('',*,*,#1324,.F.);
#1891=ORIENTED_EDGE('',*,*,#1328,.F.);
#1892=ORIENTED_EDGE('',*,*,#1325,.T.);
#1893=ORIENTED_EDGE('',*,*,#1318,.F.);
#1894=ORIENTED_EDGE('',*,*,#1329,.F.);
#1895=ORIENTED_EDGE('',*,*,#1316,.T.);
#1896=ORIENTED_EDGE('',*,*,#1314,.T.);
#1897=ORIENTED_EDGE('',*,*,#1311,.T.);
#1898=ORIENTED_EDGE('',*,*,#1309,.F.);
#1899=ORIENTED_EDGE('',*,*,#1330,.F.);
#1900=ORIENTED_EDGE('',*,*,#1329,.T.);
#1901=ORIENTED_EDGE('',*,*,#1317,.F.);
#1902=ORIENTED_EDGE('',*,*,#1327,.F.);
#1903=ORIENTED_EDGE('',*,*,#1331,.F.);
#1904=ORIENTED_EDGE('',*,*,#1332,.F.);
#1905=ORIENTED_EDGE('',*,*,#1333,.F.);
#1906=ORIENTED_EDGE('',*,*,#1334,.F.);
#1907=ORIENTED_EDGE('',*,*,#1326,.T.);
#1908=ORIENTED_EDGE('',*,*,#1323,.T.);
#1909=ORIENTED_EDGE('',*,*,#1328,.T.);
#1910=ORIENTED_EDGE('',*,*,#1330,.T.);
#1911=ORIENTED_EDGE('',*,*,#1333,.T.);
#1912=ORIENTED_EDGE('',*,*,#1335,.T.);
#1913=ORIENTED_EDGE('',*,*,#1336,.F.);
#1914=ORIENTED_EDGE('',*,*,#1337,.F.);
#1915=ORIENTED_EDGE('',*,*,#1332,.T.);
#1916=ORIENTED_EDGE('',*,*,#1338,.T.);
#1917=ORIENTED_EDGE('',*,*,#1339,.F.);
#1918=ORIENTED_EDGE('',*,*,#1335,.F.);
#1919=ORIENTED_EDGE('',*,*,#1334,.T.);
#1920=ORIENTED_EDGE('',*,*,#1337,.T.);
#1921=ORIENTED_EDGE('',*,*,#1340,.F.);
#1922=ORIENTED_EDGE('',*,*,#1341,.F.);
#1923=ORIENTED_EDGE('',*,*,#1178,.T.);
#1924=ORIENTED_EDGE('',*,*,#1168,.T.);
#1925=ORIENTED_EDGE('',*,*,#1174,.T.);
#1926=ORIENTED_EDGE('',*,*,#1313,.F.);
#1927=ORIENTED_EDGE('',*,*,#1331,.T.);
#1928=ORIENTED_EDGE('',*,*,#1341,.T.);
#1929=ORIENTED_EDGE('',*,*,#1342,.F.);
#1930=ORIENTED_EDGE('',*,*,#1338,.F.);
#1931=ORIENTED_EDGE('',*,*,#1307,.F.);
#1932=ORIENTED_EDGE('',*,*,#1248,.T.);
#1933=ORIENTED_EDGE('',*,*,#1322,.F.);
#1934=ORIENTED_EDGE('',*,*,#1192,.T.);
#1935=ORIENTED_EDGE('',*,*,#1321,.F.);
#1936=ORIENTED_EDGE('',*,*,#1301,.T.);
#1937=ORIENTED_EDGE('',*,*,#1304,.F.);
#1938=ORIENTED_EDGE('',*,*,#1306,.T.);
#1939=ORIENTED_EDGE('',*,*,#1342,.T.);
#1940=ORIENTED_EDGE('',*,*,#1340,.T.);
#1941=ORIENTED_EDGE('',*,*,#1336,.T.);
#1942=ORIENTED_EDGE('',*,*,#1339,.T.);
#1943=PLANE('',#2123);
#1944=PLANE('',#2124);
#1945=PLANE('',#2129);
#1946=PLANE('',#2130);
#1947=PLANE('',#2131);
#1948=PLANE('',#2138);
#1949=PLANE('',#2139);
#1950=PLANE('',#2140);
#1951=PLANE('',#2141);
#1952=PLANE('',#2146);
#1953=PLANE('',#2148);
#1954=PLANE('',#2149);
#1955=PLANE('',#2151);
#1956=PLANE('',#2153);
#1957=PLANE('',#2161);
#1958=PLANE('',#2168);
#1959=PLANE('',#2170);
#1960=PLANE('',#2173);
#1961=PLANE('',#2175);
#1962=PLANE('',#2178);
#1963=PLANE('',#2183);
#1964=PLANE('',#2186);
#1965=PLANE('',#2187);
#1966=PLANE('',#2191);
#1967=PLANE('',#2194);
#1968=PLANE('',#2197);
#1969=PLANE('',#2198);
#1970=PLANE('',#2199);
#1971=PLANE('',#2200);
#1972=PLANE('',#2201);
#1973=PLANE('',#2202);
#1974=PLANE('',#2207);
#1975=PLANE('',#2208);
#1976=PLANE('',#2209);
#1977=PLANE('',#2213);
#1978=PLANE('',#2217);
#1979=PLANE('',#2227);
#1980=PLANE('',#2242);
#1981=PLANE('',#2251);
#1982=PLANE('',#2255);
#1983=PLANE('',#2259);
#1984=PLANE('',#2263);
#1985=PLANE('',#2264);
#1986=PLANE('',#2265);
#1987=PLANE('',#2266);
#1988=PLANE('',#2267);
#1989=PLANE('',#2268);
#1990=PLANE('',#2269);
#1991=PLANE('',#2281);
#1992=PLANE('',#2284);
#1993=PLANE('',#2287);
#1994=PLANE('',#2288);
#1995=PLANE('',#2289);
#1996=PLANE('',#2290);
#1997=PLANE('',#2291);
#1998=PLANE('',#2292);
#1999=PLANE('',#2297);
#2000=PLANE('',#2298);
#2001=PLANE('',#2299);
#2002=PLANE('',#2300);
#2003=PLANE('',#2301);
#2004=PLANE('',#2302);
#2005=PLANE('',#2303);
#2006=PLANE('',#2304);
#2007=PLANE('',#2305);
#2008=PLANE('',#2306);
#2009=ADVANCED_FACE('',(#161),#1943,.F.);
#2010=ADVANCED_FACE('',(#162,#69,#70),#1944,.T.);
#2011=ADVANCED_FACE('',(#163),#1945,.F.);
#2012=ADVANCED_FACE('',(#164),#1946,.F.);
#2013=ADVANCED_FACE('',(#165,#71,#72),#1947,.F.);
#2014=ADVANCED_FACE('',(#166),#1948,.F.);
#2015=ADVANCED_FACE('',(#167),#1949,.F.);
#2016=ADVANCED_FACE('',(#168),#1950,.F.);
#2017=ADVANCED_FACE('',(#169,#73,#74),#1951,.T.);
#2018=ADVANCED_FACE('',(#170),#1952,.T.);
#2019=ADVANCED_FACE('',(#171,#75),#1953,.F.);
#2020=ADVANCED_FACE('',(#172),#1954,.T.);
#2021=ADVANCED_FACE('',(#173),#1955,.T.);
#2022=ADVANCED_FACE('',(#174),#1956,.T.);
#2023=ADVANCED_FACE('',(#175),#27,.T.);
#2024=ADVANCED_FACE('',(#176),#28,.T.);
#2025=ADVANCED_FACE('',(#177),#29,.T.);
#2026=ADVANCED_FACE('',(#178),#30,.T.);
#2027=ADVANCED_FACE('',(#179,#76,#77),#1957,.F.);
#2028=ADVANCED_FACE('',(#180),#31,.T.);
#2029=ADVANCED_FACE('',(#181),#32,.T.);
#2030=ADVANCED_FACE('',(#182),#1958,.T.);
#2031=ADVANCED_FACE('',(#183),#33,.F.);
#2032=ADVANCED_FACE('',(#184),#1959,.T.);
#2033=ADVANCED_FACE('',(#185),#34,.F.);
#2034=ADVANCED_FACE('',(#186),#35,.F.);
#2035=ADVANCED_FACE('',(#187),#1960,.T.);
#2036=ADVANCED_FACE('',(#188),#36,.F.);
#2037=ADVANCED_FACE('',(#189),#1961,.T.);
#2038=ADVANCED_FACE('',(#190),#37,.F.);
#2039=ADVANCED_FACE('',(#191),#1962,.F.);
#2040=ADVANCED_FACE('',(#192),#38,.F.);
#2041=ADVANCED_FACE('',(#193),#39,.F.);
#2042=ADVANCED_FACE('',(#194,#78),#1963,.F.);
#2043=ADVANCED_FACE('',(#195),#40,.F.);
#2044=ADVANCED_FACE('',(#196),#1964,.F.);
#2045=ADVANCED_FACE('',(#197),#1965,.F.);
#2046=ADVANCED_FACE('',(#198),#41,.T.);
#2047=ADVANCED_FACE('',(#199),#1966,.F.);
#2048=ADVANCED_FACE('',(#200),#42,.T.);
#2049=ADVANCED_FACE('',(#201),#1967,.F.);
#2050=ADVANCED_FACE('',(#202),#43,.T.);
#2051=ADVANCED_FACE('',(#203),#1968,.F.);
#2052=ADVANCED_FACE('',(#204),#1969,.T.);
#2053=ADVANCED_FACE('',(#205),#1970,.F.);
#2054=ADVANCED_FACE('',(#206),#1971,.F.);
#2055=ADVANCED_FACE('',(#207,#79,#80,#81,#82),#1972,.T.);
#2056=ADVANCED_FACE('',(#208,#83,#84),#1973,.T.);
#2057=ADVANCED_FACE('',(#209),#1974,.F.);
#2058=ADVANCED_FACE('',(#210),#1975,.F.);
#2059=ADVANCED_FACE('',(#211),#1976,.F.);
#2060=ADVANCED_FACE('',(#212),#44,.T.);
#2061=ADVANCED_FACE('',(#213),#1977,.F.);
#2062=ADVANCED_FACE('',(#214),#45,.T.);
#2063=ADVANCED_FACE('',(#215),#1978,.F.);
#2064=ADVANCED_FACE('',(#216),#46,.T.);
#2065=ADVANCED_FACE('',(#217),#21,.F.);
#2066=ADVANCED_FACE('',(#218),#47,.T.);
#2067=ADVANCED_FACE('',(#219),#22,.F.);
#2068=ADVANCED_FACE('',(#220),#48,.T.);
#2069=ADVANCED_FACE('',(#221),#1979,.T.);
#2070=ADVANCED_FACE('',(#222),#49,.T.);
#2071=ADVANCED_FACE('',(#223),#17,.T.);
#2072=ADVANCED_FACE('',(#224),#18,.T.);
#2073=ADVANCED_FACE('',(#225),#50,.F.);
#2074=ADVANCED_FACE('',(#226),#15,.F.);
#2075=ADVANCED_FACE('',(#227),#51,.T.);
#2076=ADVANCED_FACE('',(#228),#1980,.F.);
#2077=ADVANCED_FACE('',(#229),#52,.F.);
#2078=ADVANCED_FACE('',(#230),#16,.F.);
#2079=ADVANCED_FACE('',(#231),#53,.F.);
#2080=ADVANCED_FACE('',(#232),#54,.F.);
#2081=ADVANCED_FACE('',(#233),#1981,.F.);
#2082=ADVANCED_FACE('',(#234),#55,.F.);
#2083=ADVANCED_FACE('',(#235),#1982,.F.);
#2084=ADVANCED_FACE('',(#236),#56,.F.);
#2085=ADVANCED_FACE('',(#237),#1983,.F.);
#2086=ADVANCED_FACE('',(#238),#57,.F.);
#2087=ADVANCED_FACE('',(#239),#1984,.F.);
#2088=ADVANCED_FACE('',(#240),#1985,.F.);
#2089=ADVANCED_FACE('',(#241),#1986,.T.);
#2090=ADVANCED_FACE('',(#242),#1987,.F.);
#2091=ADVANCED_FACE('',(#243),#1988,.F.);
#2092=ADVANCED_FACE('',(#244),#1989,.F.);
#2093=ADVANCED_FACE('',(#245),#1990,.F.);
#2094=ADVANCED_FACE('',(#246),#58,.T.);
#2095=ADVANCED_FACE('',(#247),#59,.T.);
#2096=ADVANCED_FACE('',(#248),#60,.T.);
#2097=ADVANCED_FACE('',(#249),#19,.T.);
#2098=ADVANCED_FACE('',(#250),#20,.T.);
#2099=ADVANCED_FACE('',(#251),#1991,.T.);
#2100=ADVANCED_FACE('',(#252),#61,.T.);
#2101=ADVANCED_FACE('',(#253,#85),#1992,.T.);
#2102=ADVANCED_FACE('',(#254),#62,.T.);
#2103=ADVANCED_FACE('',(#255),#1993,.T.);
#2104=ADVANCED_FACE('',(#256),#1994,.F.);
#2105=ADVANCED_FACE('',(#257),#1995,.T.);
#2106=ADVANCED_FACE('',(#258),#1996,.F.);
#2107=ADVANCED_FACE('',(#259),#1997,.F.);
#2108=ADVANCED_FACE('',(#260,#86),#1998,.T.);
#2109=ADVANCED_FACE('',(#261),#63,.T.);
#2110=ADVANCED_FACE('',(#262),#64,.T.);
#2111=ADVANCED_FACE('',(#263),#1999,.T.);
#2112=ADVANCED_FACE('',(#264),#2000,.T.);
#2113=ADVANCED_FACE('',(#265,#87),#2001,.T.);
#2114=ADVANCED_FACE('',(#266),#2002,.T.);
#2115=ADVANCED_FACE('',(#267,#88),#2003,.T.);
#2116=ADVANCED_FACE('',(#268),#2004,.T.);
#2117=ADVANCED_FACE('',(#269),#2005,.T.);
#2118=ADVANCED_FACE('',(#270,#89),#2006,.T.);
#2119=ADVANCED_FACE('',(#271),#2007,.T.);
#2120=ADVANCED_FACE('',(#272,#90),#2008,.T.);
#2121=CLOSED_SHELL('',(#2009,#2010,#2011,#2012,#2013,#2014,#2015,#2016,
#2017,#2018,#2019,#2020,#2021,#2022,#2023,#2024,#2025,#2026,#2027,#2028,
#2029,#2030,#2031,#2032,#2033,#2034,#2035,#2036,#2037,#2038,#2039,#2040,
#2041,#2042,#2043,#2044,#2045,#2046,#2047,#2048,#2049,#2050,#2051,#2052,
#2053,#2054,#2055,#2056,#2057,#2058,#2059,#2060,#2061,#2062,#2063,#2064,
#2065,#2066,#2067,#2068,#2069,#2070,#2071,#2072,#2073,#2074,#2075,#2076,
#2077,#2078,#2079,#2080,#2081,#2082,#2083,#2084,#2085,#2086,#2087,#2088,
#2089,#2090,#2091,#2092,#2093,#2094,#2095,#2096,#2097,#2098,#2099,#2100,
#2101,#2102,#2103,#2104,#2105,#2106,#2107,#2108,#2109,#2110,#2111,#2112,
#2113,#2114,#2115,#2116,#2117,#2118,#2119,#2120));
#2122=AXIS2_PLACEMENT_3D('',#2899,#2307,#2308);
#2123=AXIS2_PLACEMENT_3D('',#2900,#2309,#2310);
#2124=AXIS2_PLACEMENT_3D('',#2909,#2315,#2316);
#2125=AXIS2_PLACEMENT_3D('',#2915,#2319,#2320);
#2126=AXIS2_PLACEMENT_3D('',#2926,#2326,#2327);
#2127=AXIS2_PLACEMENT_3D('',#2928,#2328,#2329);
#2128=AXIS2_PLACEMENT_3D('',#2930,#2330,#2331);
#2129=AXIS2_PLACEMENT_3D('',#2931,#2332,#2333);
#2130=AXIS2_PLACEMENT_3D('',#2935,#2336,#2337);
#2131=AXIS2_PLACEMENT_3D('',#2939,#2340,#2341);
#2132=AXIS2_PLACEMENT_3D('',#2941,#2342,#2343);
#2133=AXIS2_PLACEMENT_3D('',#2947,#2346,#2347);
#2134=AXIS2_PLACEMENT_3D('',#2951,#2349,#2350);
#2135=AXIS2_PLACEMENT_3D('',#2956,#2353,#2354);
#2136=AXIS2_PLACEMENT_3D('',#2958,#2355,#2356);
#2137=AXIS2_PLACEMENT_3D('',#2960,#2357,#2358);
#2138=AXIS2_PLACEMENT_3D('',#2961,#2359,#2360);
#2139=AXIS2_PLACEMENT_3D('',#2970,#2365,#2366);
#2140=AXIS2_PLACEMENT_3D('',#2979,#2371,#2372);
#2141=AXIS2_PLACEMENT_3D('',#2982,#2375,#2376);
#2142=AXIS2_PLACEMENT_3D('',#2984,#2377,#2378);
#2143=AXIS2_PLACEMENT_3D('',#2995,#2384,#2385);
#2144=AXIS2_PLACEMENT_3D('',#2997,#2386,#2387);
#2145=AXIS2_PLACEMENT_3D('',#2999,#2388,#2389);
#2146=AXIS2_PLACEMENT_3D('',#3000,#2390,#2391);
#2147=AXIS2_PLACEMENT_3D('',#3002,#2392,#2393);
#2148=AXIS2_PLACEMENT_3D('',#3006,#2396,#2397);
#2149=AXIS2_PLACEMENT_3D('',#3068,#2419,#2420);
#2150=AXIS2_PLACEMENT_3D('',#3069,#2421,#2422);
#2151=AXIS2_PLACEMENT_3D('',#3071,#2424,#2425);
#2152=AXIS2_PLACEMENT_3D('',#3072,#2426,#2427);
#2153=AXIS2_PLACEMENT_3D('',#3074,#2429,#2430);
#2154=AXIS2_PLACEMENT_3D('',#3075,#2431,#2432);
#2155=AXIS2_PLACEMENT_3D('',#3077,#2434,#2435);
#2156=AXIS2_PLACEMENT_3D('',#3078,#2436,#2437);
#2157=AXIS2_PLACEMENT_3D('',#3079,#2438,#2439);
#2158=AXIS2_PLACEMENT_3D('',#3081,#2440,#2441);
#2159=AXIS2_PLACEMENT_3D('',#3083,#2443,#2444);
#2160=AXIS2_PLACEMENT_3D('',#3086,#2446,#2447);
#2161=AXIS2_PLACEMENT_3D('',#3087,#2448,#2449);
#2162=AXIS2_PLACEMENT_3D('',#3092,#2452,#2453);
#2163=AXIS2_PLACEMENT_3D('',#3096,#2455,#2456);
#2164=AXIS2_PLACEMENT_3D('',#3100,#2459,#2460);
#2165=AXIS2_PLACEMENT_3D('',#3102,#2461,#2462);
#2166=AXIS2_PLACEMENT_3D('',#3103,#2463,#2464);
#2167=AXIS2_PLACEMENT_3D('',#3105,#2466,#2467);
#2168=AXIS2_PLACEMENT_3D('',#3107,#2469,#2470);
#2169=AXIS2_PLACEMENT_3D('',#3108,#2471,#2472);
#2170=AXIS2_PLACEMENT_3D('',#3110,#2474,#2475);
#2171=AXIS2_PLACEMENT_3D('',#3111,#2476,#2477);
#2172=AXIS2_PLACEMENT_3D('',#3113,#2479,#2480);
#2173=AXIS2_PLACEMENT_3D('',#3115,#2482,#2483);
#2174=AXIS2_PLACEMENT_3D('',#3116,#2484,#2485);
#2175=AXIS2_PLACEMENT_3D('',#3118,#2487,#2488);
#2176=AXIS2_PLACEMENT_3D('',#3119,#2489,#2490);
#2177=AXIS2_PLACEMENT_3D('',#3122,#2491,#2492);
#2178=AXIS2_PLACEMENT_3D('',#3125,#2495,#2496);
#2179=AXIS2_PLACEMENT_3D('',#3129,#2499,#2500);
#2180=AXIS2_PLACEMENT_3D('',#3131,#2501,#2502);
#2181=AXIS2_PLACEMENT_3D('',#3133,#2504,#2505);
#2182=AXIS2_PLACEMENT_3D('',#3137,#2507,#2508);
#2183=AXIS2_PLACEMENT_3D('',#3139,#2510,#2511);
#2184=AXIS2_PLACEMENT_3D('',#3151,#2518,#2519);
#2185=AXIS2_PLACEMENT_3D('',#3153,#2520,#2521);
#2186=AXIS2_PLACEMENT_3D('',#3155,#2523,#2524);
#2187=AXIS2_PLACEMENT_3D('',#3157,#2526,#2527);
#2188=AXIS2_PLACEMENT_3D('',#3159,#2529,#2530);
#2189=AXIS2_PLACEMENT_3D('',#3162,#2531,#2532);
#2190=AXIS2_PLACEMENT_3D('',#3166,#2534,#2535);
#2191=AXIS2_PLACEMENT_3D('',#3168,#2537,#2538);
#2192=AXIS2_PLACEMENT_3D('',#3174,#2542,#2543);
#2193=AXIS2_PLACEMENT_3D('',#3177,#2544,#2545);
#2194=AXIS2_PLACEMENT_3D('',#3180,#2548,#2549);
#2195=AXIS2_PLACEMENT_3D('',#3184,#2552,#2553);
#2196=AXIS2_PLACEMENT_3D('',#3188,#2555,#2556);
#2197=AXIS2_PLACEMENT_3D('',#3190,#2558,#2559);
#2198=AXIS2_PLACEMENT_3D('',#3194,#2562,#2563);
#2199=AXIS2_PLACEMENT_3D('',#3203,#2568,#2569);
#2200=AXIS2_PLACEMENT_3D('',#3209,#2573,#2574);
#2201=AXIS2_PLACEMENT_3D('',#3215,#2578,#2579);
#2202=AXIS2_PLACEMENT_3D('',#3242,#2594,#2595);
#2203=AXIS2_PLACEMENT_3D('',#3249,#2599,#2600);
#2204=AXIS2_PLACEMENT_3D('',#3253,#2602,#2603);
#2205=AXIS2_PLACEMENT_3D('',#3257,#2605,#2606);
#2206=AXIS2_PLACEMENT_3D('',#3260,#2608,#2609);
#2207=AXIS2_PLACEMENT_3D('',#3270,#2615,#2616);
#2208=AXIS2_PLACEMENT_3D('',#3273,#2619,#2620);
#2209=AXIS2_PLACEMENT_3D('',#3279,#2624,#2625);
#2210=AXIS2_PLACEMENT_3D('',#3293,#2633,#2634);
#2211=AXIS2_PLACEMENT_3D('',#3294,#2635,#2636);
#2212=AXIS2_PLACEMENT_3D('',#3295,#2637,#2638);
#2213=AXIS2_PLACEMENT_3D('',#3296,#2639,#2640);
#2214=AXIS2_PLACEMENT_3D('',#3297,#2641,#2642);
#2215=AXIS2_PLACEMENT_3D('',#3298,#2643,#2644);
#2216=AXIS2_PLACEMENT_3D('',#3299,#2645,#2646);
#2217=AXIS2_PLACEMENT_3D('',#3300,#2647,#2648);
#2218=AXIS2_PLACEMENT_3D('',#3301,#2649,#2650);
#2219=AXIS2_PLACEMENT_3D('',#3303,#2651,#2652);
#2220=AXIS2_PLACEMENT_3D('',#3326,#2654,#2655);
#2221=AXIS2_PLACEMENT_3D('',#3327,#2656,#2657);
#2222=AXIS2_PLACEMENT_3D('',#3328,#2658,#2659);
#2223=AXIS2_PLACEMENT_3D('',#3330,#2660,#2661);
#2224=AXIS2_PLACEMENT_3D('',#3342,#2663,#2664);
#2225=AXIS2_PLACEMENT_3D('',#3343,#2665,#2666);
#2226=AXIS2_PLACEMENT_3D('',#3344,#2667,#2668);
#2227=AXIS2_PLACEMENT_3D('',#3357,#2670,#2671);
#2228=AXIS2_PLACEMENT_3D('',#3365,#2676,#2677);
#2229=AXIS2_PLACEMENT_3D('',#3366,#2678,#2679);
#2230=AXIS2_PLACEMENT_3D('',#3367,#2680,#2681);
#2231=AXIS2_PLACEMENT_3D('',#3368,#2682,#2683);
#2232=AXIS2_PLACEMENT_3D('',#3369,#2684,#2685);
#2233=AXIS2_PLACEMENT_3D('',#3370,#2686,#2687);
#2234=AXIS2_PLACEMENT_3D('',#3371,#2688,#2689);
#2235=AXIS2_PLACEMENT_3D('',#3372,#2690,#2691);
#2236=AXIS2_PLACEMENT_3D('',#3374,#2692,#2693);
#2237=AXIS2_PLACEMENT_3D('',#3377,#2695,#2696);
#2238=AXIS2_PLACEMENT_3D('',#3378,#2697,#2698);
#2239=AXIS2_PLACEMENT_3D('',#3379,#2699,#2700);
#2240=AXIS2_PLACEMENT_3D('',#3380,#2701,#2702);
#2241=AXIS2_PLACEMENT_3D('',#3383,#2704,#2705);
#2242=AXIS2_PLACEMENT_3D('',#3384,#2706,#2707);
#2243=AXIS2_PLACEMENT_3D('',#3388,#2710,#2711);
#2244=AXIS2_PLACEMENT_3D('',#3389,#2712,#2713);
#2245=AXIS2_PLACEMENT_3D('',#3390,#2714,#2715);
#2246=AXIS2_PLACEMENT_3D('',#3391,#2716,#2717);
#2247=AXIS2_PLACEMENT_3D('',#3392,#2718,#2719);
#2248=AXIS2_PLACEMENT_3D('',#3393,#2720,#2721);
#2249=AXIS2_PLACEMENT_3D('',#3396,#2722,#2723);
#2250=AXIS2_PLACEMENT_3D('',#3400,#2725,#2726);
#2251=AXIS2_PLACEMENT_3D('',#3402,#2728,#2729);
#2252=AXIS2_PLACEMENT_3D('',#3408,#2733,#2734);
#2253=AXIS2_PLACEMENT_3D('',#3411,#2735,#2736);
#2254=AXIS2_PLACEMENT_3D('',#3415,#2738,#2739);
#2255=AXIS2_PLACEMENT_3D('',#3417,#2741,#2742);
#2256=AXIS2_PLACEMENT_3D('',#3420,#2745,#2746);
#2257=AXIS2_PLACEMENT_3D('',#3423,#2747,#2748);
#2258=AXIS2_PLACEMENT_3D('',#3427,#2750,#2751);
#2259=AXIS2_PLACEMENT_3D('',#3429,#2753,#2754);
#2260=AXIS2_PLACEMENT_3D('',#3432,#2757,#2758);
#2261=AXIS2_PLACEMENT_3D('',#3434,#2759,#2760);
#2262=AXIS2_PLACEMENT_3D('',#3436,#2761,#2762);
#2263=AXIS2_PLACEMENT_3D('',#3438,#2764,#2765);
#2264=AXIS2_PLACEMENT_3D('',#3441,#2768,#2769);
#2265=AXIS2_PLACEMENT_3D('',#3442,#2770,#2771);
#2266=AXIS2_PLACEMENT_3D('',#3445,#2774,#2775);
#2267=AXIS2_PLACEMENT_3D('',#3447,#2777,#2778);
#2268=AXIS2_PLACEMENT_3D('',#3449,#2780,#2781);
#2269=AXIS2_PLACEMENT_3D('',#3450,#2782,#2783);
#2270=AXIS2_PLACEMENT_3D('',#3451,#2784,#2785);
#2271=AXIS2_PLACEMENT_3D('',#3453,#2786,#2787);
#2272=AXIS2_PLACEMENT_3D('',#3455,#2789,#2790);
#2273=AXIS2_PLACEMENT_3D('',#3457,#2791,#2792);
#2274=AXIS2_PLACEMENT_3D('',#3460,#2794,#2795);
#2275=AXIS2_PLACEMENT_3D('',#3461,#2796,#2797);
#2276=AXIS2_PLACEMENT_3D('',#3462,#2798,#2799);
#2277=AXIS2_PLACEMENT_3D('',#3463,#2800,#2801);
#2278=AXIS2_PLACEMENT_3D('',#3464,#2802,#2803);
#2279=AXIS2_PLACEMENT_3D('',#3465,#2804,#2805);
#2280=AXIS2_PLACEMENT_3D('',#3466,#2806,#2807);
#2281=AXIS2_PLACEMENT_3D('',#3467,#2808,#2809);
#2282=AXIS2_PLACEMENT_3D('',#3473,#2813,#2814);
#2283=AXIS2_PLACEMENT_3D('',#3476,#2816,#2817);
#2284=AXIS2_PLACEMENT_3D('',#3477,#2818,#2819);
#2285=AXIS2_PLACEMENT_3D('',#3481,#2822,#2823);
#2286=AXIS2_PLACEMENT_3D('',#3482,#2824,#2825);
#2287=AXIS2_PLACEMENT_3D('',#3483,#2826,#2827);
#2288=AXIS2_PLACEMENT_3D('',#3489,#2831,#2832);
#2289=AXIS2_PLACEMENT_3D('',#3493,#2835,#2836);
#2290=AXIS2_PLACEMENT_3D('',#3495,#2838,#2839);
#2291=AXIS2_PLACEMENT_3D('',#3499,#2842,#2843);
#2292=AXIS2_PLACEMENT_3D('',#3501,#2845,#2846);
#2293=AXIS2_PLACEMENT_3D('',#3510,#2851,#2852);
#2294=AXIS2_PLACEMENT_3D('',#3511,#2853,#2854);
#2295=AXIS2_PLACEMENT_3D('',#3512,#2855,#2856);
#2296=AXIS2_PLACEMENT_3D('',#3513,#2857,#2858);
#2297=AXIS2_PLACEMENT_3D('',#3514,#2859,#2860);
#2298=AXIS2_PLACEMENT_3D('',#3520,#2864,#2865);
#2299=AXIS2_PLACEMENT_3D('',#3524,#2868,#2869);
#2300=AXIS2_PLACEMENT_3D('',#3528,#2872,#2873);
#2301=AXIS2_PLACEMENT_3D('',#3530,#2875,#2876);
#2302=AXIS2_PLACEMENT_3D('',#3539,#2881,#2882);
#2303=AXIS2_PLACEMENT_3D('',#3545,#2886,#2887);
#2304=AXIS2_PLACEMENT_3D('',#3549,#2890,#2891);
#2305=AXIS2_PLACEMENT_3D('',#3553,#2894,#2895);
#2306=AXIS2_PLACEMENT_3D('',#3555,#2897,#2898);
#2307=DIRECTION('axis',(0.,0.,1.));
#2308=DIRECTION('refdir',(1.,0.,0.));
#2309=DIRECTION('center_axis',(0.,0.,1.));
#2310=DIRECTION('ref_axis',(1.,0.,0.));
#2311=DIRECTION('',(-1.,0.,0.));
#2312=DIRECTION('',(0.,1.,0.));
#2313=DIRECTION('',(1.,0.,0.));
#2314=DIRECTION('',(0.,-1.,0.));
#2315=DIRECTION('center_axis',(-1.,0.,0.));
#2316=DIRECTION('ref_axis',(0.,-1.,0.));
#2317=DIRECTION('',(0.,0.,1.));
#2318=DIRECTION('',(0.,0.,-1.));
#2319=DIRECTION('center_axis',(1.,0.,0.));
#2320=DIRECTION('ref_axis',(0.,0.707106781186548,-0.707106781186548));
#2321=DIRECTION('',(0.,-1.,0.));
#2322=DIRECTION('',(0.,0.,-1.));
#2323=DIRECTION('',(0.,1.,0.));
#2324=DIRECTION('',(0.,0.,1.));
#2325=DIRECTION('',(0.,1.,0.));
#2326=DIRECTION('center_axis',(1.,0.,0.));
#2327=DIRECTION('ref_axis',(0.,-0.707106781186548,-0.707106781186548));
#2328=DIRECTION('center_axis',(1.,0.,0.));
#2329=DIRECTION('ref_axis',(0.,-1.,0.));
#2330=DIRECTION('center_axis',(1.,0.,0.));
#2331=DIRECTION('ref_axis',(0.,-1.,0.));
#2332=DIRECTION('center_axis',(0.,-1.,0.));
#2333=DIRECTION('ref_axis',(1.,0.,0.));
#2334=DIRECTION('',(1.,0.,0.));
#2335=DIRECTION('',(0.,0.,1.));
#2336=DIRECTION('center_axis',(0.,1.,0.));
#2337=DIRECTION('ref_axis',(-1.,0.,0.));
#2338=DIRECTION('',(-1.,0.,0.));
#2339=DIRECTION('',(0.,0.,-1.));
#2340=DIRECTION('center_axis',(-1.,0.,0.));
#2341=DIRECTION('ref_axis',(0.,-1.,0.));
#2342=DIRECTION('center_axis',(-1.,0.,0.));
#2343=DIRECTION('ref_axis',(0.,-0.707106781186548,-0.707106781186548));
#2344=DIRECTION('',(0.,1.,0.));
#2345=DIRECTION('',(0.,0.,1.));
#2346=DIRECTION('center_axis',(-1.,0.,0.));
#2347=DIRECTION('ref_axis',(0.,0.707106781186547,0.707106781186547));
#2348=DIRECTION('',(0.,1.,0.));
#2349=DIRECTION('center_axis',(-1.,0.,0.));
#2350=DIRECTION('ref_axis',(0.,-0.707106781186547,0.707106781186547));
#2351=DIRECTION('',(0.,0.,-1.));
#2352=DIRECTION('',(0.,1.,0.));
#2353=DIRECTION('center_axis',(-1.,0.,0.));
#2354=DIRECTION('ref_axis',(0.,0.707106781186548,-0.707106781186548));
#2355=DIRECTION('center_axis',(1.,0.,0.));
#2356=DIRECTION('ref_axis',(0.,-1.,0.));
#2357=DIRECTION('center_axis',(1.,0.,0.));
#2358=DIRECTION('ref_axis',(0.,-1.,0.));
#2359=DIRECTION('center_axis',(0.,-1.,0.));
#2360=DIRECTION('ref_axis',(-1.,0.,0.));
#2361=DIRECTION('',(-1.,0.,0.));
#2362=DIRECTION('',(0.,0.,1.));
#2363=DIRECTION('',(-1.,0.,0.));
#2364=DIRECTION('',(0.,0.,-1.));
#2365=DIRECTION('center_axis',(0.,1.,0.));
#2366=DIRECTION('ref_axis',(1.,0.,0.));
#2367=DIRECTION('',(1.,0.,0.));
#2368=DIRECTION('',(0.,0.,1.));
#2369=DIRECTION('',(1.,0.,0.));
#2370=DIRECTION('',(0.,0.,-1.));
#2371=DIRECTION('center_axis',(0.,0.,-1.));
#2372=DIRECTION('ref_axis',(-1.,0.,0.));
#2373=DIRECTION('',(0.,1.,0.));
#2374=DIRECTION('',(0.,-1.,0.));
#2375=DIRECTION('center_axis',(-1.,0.,0.));
#2376=DIRECTION('ref_axis',(0.,-1.,0.));
#2377=DIRECTION('center_axis',(1.,0.,0.));
#2378=DIRECTION('ref_axis',(0.,-0.707106781186548,0.707106781186548));
#2379=DIRECTION('',(0.,1.,0.));
#2380=DIRECTION('',(0.,0.,1.));
#2381=DIRECTION('',(0.,-1.,0.));
#2382=DIRECTION('',(0.,0.,-1.));
#2383=DIRECTION('',(0.,-1.,0.));
#2384=DIRECTION('center_axis',(1.,0.,0.));
#2385=DIRECTION('ref_axis',(0.,0.707106781186548,0.707106781186548));
#2386=DIRECTION('center_axis',(1.,0.,0.));
#2387=DIRECTION('ref_axis',(0.,-1.,0.));
#2388=DIRECTION('center_axis',(1.,0.,0.));
#2389=DIRECTION('ref_axis',(0.,1.,0.));
#2390=DIRECTION('center_axis',(0.,1.,0.));
#2391=DIRECTION('ref_axis',(0.,0.,-1.));
#2392=DIRECTION('center_axis',(0.,1.,0.));
#2393=DIRECTION('ref_axis',(-0.7,0.,0.714142842854285));
#2394=DIRECTION('',(0.,0.,1.));
#2395=DIRECTION('',(-1.,0.,0.));
#2396=DIRECTION('center_axis',(1.,0.,0.));
#2397=DIRECTION('ref_axis',(0.,1.,0.));
#2398=DIRECTION('',(0.,0.,-1.));
#2399=DIRECTION('',(0.,1.,0.));
#2400=DIRECTION('',(0.,0.,-1.));
#2401=DIRECTION('',(0.,1.,0.));
#2402=DIRECTION('',(0.,-1.,0.));
#2403=DIRECTION('',(0.,1.,0.));
#2404=DIRECTION('',(0.,0.,1.));
#2405=DIRECTION('',(0.,1.,0.));
#2406=DIRECTION('',(0.,0.,1.));
#2407=DIRECTION('',(0.,1.,0.));
#2408=DIRECTION('',(0.,1.,0.));
#2409=DIRECTION('',(0.,-1.,0.));
#2410=DIRECTION('',(0.,0.,-1.));
#2411=DIRECTION('',(0.,1.,0.));
#2412=DIRECTION('',(0.,0.,-1.));
#2413=DIRECTION('',(0.,-1.,0.));
#2414=DIRECTION('',(0.,0.,-1.));
#2415=DIRECTION('',(0.,1.,0.));
#2416=DIRECTION('',(0.,0.,1.));
#2417=DIRECTION('',(0.,-1.,0.));
#2418=DIRECTION('',(0.,0.,1.));
#2419=DIRECTION('center_axis',(0.,-1.,0.));
#2420=DIRECTION('ref_axis',(0.,0.,1.));
#2421=DIRECTION('center_axis',(0.,-1.,0.));
#2422=DIRECTION('ref_axis',(-0.7,0.,0.714142842854285));
#2423=DIRECTION('',(1.,0.,0.));
#2424=DIRECTION('center_axis',(0.,-1.,0.));
#2425=DIRECTION('ref_axis',(0.,0.,1.));
#2426=DIRECTION('center_axis',(0.,-1.,0.));
#2427=DIRECTION('ref_axis',(-0.7,0.,-0.714142842854285));
#2428=DIRECTION('',(-1.,0.,0.));
#2429=DIRECTION('center_axis',(0.,1.,0.));
#2430=DIRECTION('ref_axis',(0.,0.,-1.));
#2431=DIRECTION('center_axis',(0.,1.,0.));
#2432=DIRECTION('ref_axis',(-0.7,0.,-0.714142842854285));
#2433=DIRECTION('',(1.,0.,0.));
#2434=DIRECTION('center_axis',(0.,-1.,0.));
#2435=DIRECTION('ref_axis',(-0.7,0.,0.714142842854285));
#2436=DIRECTION('center_axis',(0.,1.,0.));
#2437=DIRECTION('ref_axis',(-0.7,0.,-0.714142842854285));
#2438=DIRECTION('center_axis',(-1.,0.,0.));
#2439=DIRECTION('ref_axis',(0.,-0.707106781186548,0.707106781186548));
#2440=DIRECTION('center_axis',(-1.,0.,0.));
#2441=DIRECTION('ref_axis',(0.,-0.707106781186548,0.707106781186548));
#2442=DIRECTION('',(-1.,0.,0.));
#2443=DIRECTION('center_axis',(-1.,0.,0.));
#2444=DIRECTION('ref_axis',(0.,0.707106781186548,0.707106781186548));
#2445=DIRECTION('',(1.,0.,0.));
#2446=DIRECTION('center_axis',(-1.,0.,0.));
#2447=DIRECTION('ref_axis',(0.,0.707106781186548,0.707106781186548));
#2448=DIRECTION('center_axis',(-1.,0.,0.));
#2449=DIRECTION('ref_axis',(0.,-1.,0.));
#2450=DIRECTION('',(0.,-1.,0.));
#2451=DIRECTION('',(0.,0.,-1.));
#2452=DIRECTION('center_axis',(-1.,0.,0.));
#2453=DIRECTION('ref_axis',(0.,-0.707106781186547,-0.707106781186547));
#2454=DIRECTION('',(0.,1.,0.));
#2455=DIRECTION('center_axis',(-1.,0.,0.));
#2456=DIRECTION('ref_axis',(0.,0.707106781186547,-0.707106781186547));
#2457=DIRECTION('',(0.,0.,1.));
#2458=DIRECTION('',(0.,-1.,0.));
#2459=DIRECTION('center_axis',(1.,0.,0.));
#2460=DIRECTION('ref_axis',(0.,1.,0.));
#2461=DIRECTION('center_axis',(1.,0.,0.));
#2462=DIRECTION('ref_axis',(0.,-1.,0.));
#2463=DIRECTION('center_axis',(-1.,0.,0.));
#2464=DIRECTION('ref_axis',(0.,0.707106781186548,-0.707106781186548));
#2465=DIRECTION('',(-1.,0.,0.));
#2466=DIRECTION('center_axis',(-1.,0.,0.));
#2467=DIRECTION('ref_axis',(0.,-0.707106781186548,-0.707106781186548));
#2468=DIRECTION('',(1.,0.,0.));
#2469=DIRECTION('center_axis',(0.,0.,-1.));
#2470=DIRECTION('ref_axis',(0.,-1.,0.));
#2471=DIRECTION('center_axis',(-1.,0.,0.));
#2472=DIRECTION('ref_axis',(0.,1.,0.));
#2473=DIRECTION('',(1.,0.,0.));
#2474=DIRECTION('center_axis',(0.,0.,1.));
#2475=DIRECTION('ref_axis',(0.,1.,0.));
#2476=DIRECTION('center_axis',(-1.,0.,0.));
#2477=DIRECTION('ref_axis',(0.,-1.,0.));
#2478=DIRECTION('',(1.,0.,0.));
#2479=DIRECTION('center_axis',(-1.,0.,0.));
#2480=DIRECTION('ref_axis',(0.,-1.,0.));
#2481=DIRECTION('',(1.,0.,0.));
#2482=DIRECTION('center_axis',(0.,0.,1.));
#2483=DIRECTION('ref_axis',(0.,1.,0.));
#2484=DIRECTION('center_axis',(-1.,0.,0.));
#2485=DIRECTION('ref_axis',(0.,-1.,0.));
#2486=DIRECTION('',(1.,0.,0.));
#2487=DIRECTION('center_axis',(0.,0.,-1.));
#2488=DIRECTION('ref_axis',(0.,-1.,0.));
#2489=DIRECTION('center_axis',(-1.,0.,0.));
#2490=DIRECTION('ref_axis',(0.,-0.707106781186547,-0.707106781186547));
#2491=DIRECTION('center_axis',(1.,0.,0.));
#2492=DIRECTION('ref_axis',(0.,-0.707106781186547,-0.707106781186547));
#2493=DIRECTION('',(-1.,0.,0.));
#2494=DIRECTION('',(1.,0.,0.));
#2495=DIRECTION('center_axis',(0.,0.,-1.));
#2496=DIRECTION('ref_axis',(-1.,0.,0.));
#2497=DIRECTION('',(0.,-1.,0.));
#2498=DIRECTION('',(1.,0.,0.));
#2499=DIRECTION('center_axis',(1.,0.,0.));
#2500=DIRECTION('ref_axis',(0.,0.707106781186547,-0.707106781186547));
#2501=DIRECTION('center_axis',(1.,0.,0.));
#2502=DIRECTION('ref_axis',(0.,0.707106781186547,-0.707106781186547));
#2503=DIRECTION('',(-1.,0.,0.));
#2504=DIRECTION('center_axis',(1.,0.,0.));
#2505=DIRECTION('ref_axis',(0.,-0.707106781186547,0.707106781186547));
#2506=DIRECTION('',(1.,0.,0.));
#2507=DIRECTION('center_axis',(1.,0.,0.));
#2508=DIRECTION('ref_axis',(0.,-0.707106781186547,0.707106781186547));
#2509=DIRECTION('',(-1.,0.,0.));
#2510=DIRECTION('center_axis',(0.,0.,1.));
#2511=DIRECTION('ref_axis',(1.,0.,0.));
#2512=DIRECTION('',(-1.,0.,0.));
#2513=DIRECTION('',(0.,1.,0.));
#2514=DIRECTION('',(1.,0.,0.));
#2515=DIRECTION('',(0.,-1.,0.));
#2516=DIRECTION('',(-1.,0.,0.));
#2517=DIRECTION('',(-2.78421491811554E-29,-1.,0.));
#2518=DIRECTION('center_axis',(-1.,0.,0.));
#2519=DIRECTION('ref_axis',(0.,0.707106781186547,0.707106781186547));
#2520=DIRECTION('center_axis',(1.,0.,0.));
#2521=DIRECTION('ref_axis',(0.,0.707106781186547,0.707106781186547));
#2522=DIRECTION('',(1.,0.,0.));
#2523=DIRECTION('center_axis',(0.,-1.,0.));
#2524=DIRECTION('ref_axis',(0.,0.,-1.));
#2525=DIRECTION('',(0.,0.,1.));
#2526=DIRECTION('center_axis',(0.,1.,0.));
#2527=DIRECTION('ref_axis',(0.,0.,1.));
#2528=DIRECTION('',(0.,0.,-1.));
#2529=DIRECTION('center_axis',(2.68951373042453E-29,1.,0.));
#2530=DIRECTION('ref_axis',(0.707106781186545,0.,0.70710678118655));
#2531=DIRECTION('center_axis',(0.707106781186548,-0.707106781186548,0.));
#2532=DIRECTION('ref_axis',(0.707106781186548,0.707106781186547,1.57009245868378E-16));
#2533=DIRECTION('',(2.68951373042453E-29,1.,0.));
#2534=DIRECTION('center_axis',(0.707106781186547,0.707106781186548,0.));
#2535=DIRECTION('ref_axis',(0.707106781186548,-0.707106781186547,1.57009245868378E-16));
#2536=DIRECTION('',(-2.68951373042453E-29,-1.,0.));
#2537=DIRECTION('center_axis',(-1.,2.68951373042453E-29,-6.43476202027642E-15));
#2538=DIRECTION('ref_axis',(0.,-1.,-4.17966308924817E-15));
#2539=DIRECTION('',(-6.43476202027642E-15,0.,1.));
#2540=DIRECTION('',(-2.68951373042453E-29,-1.,0.));
#2541=DIRECTION('',(-6.43476202027642E-15,0.,1.));
#2542=DIRECTION('center_axis',(-1.,0.,0.));
#2543=DIRECTION('ref_axis',(0.,0.707106781186547,0.707106781186547));
#2544=DIRECTION('center_axis',(1.,0.,8.88178419700128E-15));
#2545=DIRECTION('ref_axis',(0.,0.707106781186547,0.707106781186547));
#2546=DIRECTION('',(-1.,0.,0.));
#2547=DIRECTION('',(1.,0.,0.));
#2548=DIRECTION('center_axis',(0.,-1.,0.));
#2549=DIRECTION('ref_axis',(1.,0.,6.45947931974717E-15));
#2550=DIRECTION('',(8.88178419700128E-15,0.,-1.));
#2551=DIRECTION('',(1.,0.,0.));
#2552=DIRECTION('center_axis',(1.,0.,0.));
#2553=DIRECTION('ref_axis',(0.,-0.707106781186547,0.707106781186547));
#2554=DIRECTION('',(1.,0.,0.));
#2555=DIRECTION('center_axis',(1.,0.,8.88178419700128E-15));
#2556=DIRECTION('ref_axis',(0.,-0.707106781186547,0.707106781186547));
#2557=DIRECTION('',(-1.,0.,0.));
#2558=DIRECTION('center_axis',(0.,1.,0.));
#2559=DIRECTION('ref_axis',(-1.,0.,0.));
#2560=DIRECTION('',(-1.,0.,0.));
#2561=DIRECTION('',(-8.88178419700128E-15,0.,1.));
#2562=DIRECTION('center_axis',(1.,0.,0.));
#2563=DIRECTION('ref_axis',(0.,0.,-1.));
#2564=DIRECTION('',(0.,1.,0.));
#2565=DIRECTION('',(0.,0.,-1.));
#2566=DIRECTION('',(0.,-1.,0.));
#2567=DIRECTION('',(0.,0.,1.));
#2568=DIRECTION('center_axis',(0.,1.,0.));
#2569=DIRECTION('ref_axis',(1.,0.,0.));
#2570=DIRECTION('',(-1.,0.,0.));
#2571=DIRECTION('',(0.,0.,1.));
#2572=DIRECTION('',(1.,0.,0.));
#2573=DIRECTION('center_axis',(1.,0.,0.));
#2574=DIRECTION('ref_axis',(0.,0.,-1.));
#2575=DIRECTION('',(0.,1.,0.));
#2576=DIRECTION('',(0.,0.,-1.));
#2577=DIRECTION('',(0.,-1.,0.));
#2578=DIRECTION('center_axis',(0.,0.,1.));
#2579=DIRECTION('ref_axis',(0.,-1.,0.));
#2580=DIRECTION('',(0.,1.,0.));
#2581=DIRECTION('',(-1.,0.,0.));
#2582=DIRECTION('',(0.,-1.,0.));
#2583=DIRECTION('',(-1.,0.,0.));
#2584=DIRECTION('',(0.,1.,0.));
#2585=DIRECTION('',(-1.,0.,0.));
#2586=DIRECTION('',(1.,0.,0.));
#2587=DIRECTION('',(0.,-1.,0.));
#2588=DIRECTION('',(-1.,0.,0.));
#2589=DIRECTION('',(0.,1.,0.));
#2590=DIRECTION('',(-1.,0.,0.));
#2591=DIRECTION('',(0.,1.,0.));
#2592=DIRECTION('',(1.,0.,0.));
#2593=DIRECTION('',(0.,1.,0.));
#2594=DIRECTION('center_axis',(0.,0.,-1.));
#2595=DIRECTION('ref_axis',(0.,-1.,0.));
#2596=DIRECTION('',(-1.,0.,0.));
#2597=DIRECTION('',(0.,-1.,0.));
#2598=DIRECTION('',(1.,0.,0.));
#2599=DIRECTION('center_axis',(0.,0.,1.));
#2600=DIRECTION('ref_axis',(-0.707106781186547,-0.707106781186547,0.));
#2601=DIRECTION('',(1.,0.,0.));
#2602=DIRECTION('center_axis',(0.,0.,1.));
#2603=DIRECTION('ref_axis',(-0.707106781186547,-0.707106781186547,0.));
#2604=DIRECTION('',(0.,-1.,0.));
#2605=DIRECTION('center_axis',(0.,0.,1.));
#2606=DIRECTION('ref_axis',(-0.707106781186547,0.707106781186547,0.));
#2607=DIRECTION('',(-1.,0.,0.));
#2608=DIRECTION('center_axis',(0.,0.,1.));
#2609=DIRECTION('ref_axis',(-0.707106781186547,0.707106781186547,0.));
#2610=DIRECTION('',(1.,0.,0.));
#2611=DIRECTION('',(1.,0.,0.));
#2612=DIRECTION('',(0.,-1.,0.));
#2613=DIRECTION('',(-1.,0.,0.));
#2614=DIRECTION('',(0.,-1.,0.));
#2615=DIRECTION('center_axis',(-1.,0.,0.));
#2616=DIRECTION('ref_axis',(0.,0.,1.));
#2617=DIRECTION('',(0.,0.,-1.));
#2618=DIRECTION('',(0.,0.,1.));
#2619=DIRECTION('center_axis',(1.,0.,0.));
#2620=DIRECTION('ref_axis',(0.,0.,-1.));
#2621=DIRECTION('',(0.,1.,0.));
#2622=DIRECTION('',(0.,0.,-1.));
#2623=DIRECTION('',(0.,0.,1.));
#2624=DIRECTION('center_axis',(0.,0.,-1.));
#2625=DIRECTION('ref_axis',(-1.,0.,0.));
#2626=DIRECTION('',(-1.,0.,0.));
#2627=DIRECTION('',(0.,1.,0.));
#2628=DIRECTION('',(1.,0.,0.));
#2629=DIRECTION('',(0.,-1.,0.));
#2630=DIRECTION('',(1.,0.,0.));
#2631=DIRECTION('',(-1.,0.,0.));
#2632=DIRECTION('',(0.,1.,0.));
#2633=DIRECTION('center_axis',(0.,1.,0.));
#2634=DIRECTION('ref_axis',(-0.707106781186548,0.,0.707106781186547));
#2635=DIRECTION('center_axis',(0.,-1.,0.));
#2636=DIRECTION('ref_axis',(-0.707106781186548,0.,0.707106781186547));
#2637=DIRECTION('center_axis',(0.,-1.,0.));
#2638=DIRECTION('ref_axis',(-0.707106781186548,0.,0.707106781186547));
#2639=DIRECTION('center_axis',(0.,1.,0.));
#2640=DIRECTION('ref_axis',(1.,0.,0.));
#2641=DIRECTION('center_axis',(0.,-1.,0.));
#2642=DIRECTION('ref_axis',(-0.707106781186548,0.,0.707106781186547));
#2643=DIRECTION('center_axis',(0.,1.,0.));
#2644=DIRECTION('ref_axis',(-0.707106781186548,0.,0.707106781186547));
#2645=DIRECTION('center_axis',(0.,1.,0.));
#2646=DIRECTION('ref_axis',(-0.707106781186548,0.,0.707106781186547));
#2647=DIRECTION('center_axis',(0.,-1.,0.));
#2648=DIRECTION('ref_axis',(-1.,0.,0.));
#2649=DIRECTION('center_axis',(-1.,0.,0.));
#2650=DIRECTION('ref_axis',(0.,0.707106781186548,-0.707106781186548));
#2651=DIRECTION('center_axis',(1.,0.,0.));
#2652=DIRECTION('ref_axis',(0.,0.,-1.));
#2653=DIRECTION('',(-1.,0.,0.));
#2654=DIRECTION('center_axis',(0.,1.,0.));
#2655=DIRECTION('ref_axis',(0.,0.,-1.));
#2656=DIRECTION('center_axis',(0.,0.,-1.));
#2657=DIRECTION('ref_axis',(-1.,0.,0.));
#2658=DIRECTION('center_axis',(0.,-1.,0.));
#2659=DIRECTION('ref_axis',(-0.707106781186548,0.,-0.707106781186548));
#2660=DIRECTION('center_axis',(0.,1.,0.));
#2661=DIRECTION('ref_axis',(0.,0.,-1.));
#2662=DIRECTION('',(0.,-1.,0.));
#2663=DIRECTION('center_axis',(-1.,0.,0.));
#2664=DIRECTION('ref_axis',(0.,0.,-1.));
#2665=DIRECTION('center_axis',(0.,0.,-1.));
#2666=DIRECTION('ref_axis',(0.,-1.,0.));
#2667=DIRECTION('center_axis',(-1.,0.,0.));
#2668=DIRECTION('ref_axis',(0.,-0.707106781186548,-0.707106781186548));
#2669=DIRECTION('',(-1.,0.,0.));
#2670=DIRECTION('center_axis',(0.,1.,0.));
#2671=DIRECTION('ref_axis',(0.,0.,1.));
#2672=DIRECTION('',(0.,0.,-1.));
#2673=DIRECTION('',(-1.,0.,0.));
#2674=DIRECTION('',(0.,0.,1.));
#2675=DIRECTION('',(1.,0.,0.));
#2676=DIRECTION('center_axis',(0.,1.,0.));
#2677=DIRECTION('ref_axis',(-0.707106781186547,0.,0.707106781186547));
#2678=DIRECTION('center_axis',(0.,1.,0.));
#2679=DIRECTION('ref_axis',(-1.,0.,0.));
#2680=DIRECTION('center_axis',(0.,-1.,0.));
#2681=DIRECTION('ref_axis',(0.,0.,1.));
#2682=DIRECTION('center_axis',(-0.81649660728901,0.408248303644497,-0.408248224560654));
#2683=DIRECTION('ref_axis',(-0.577350231909138,-0.577350343750593,0.577350231909139));
#2684=DIRECTION('center_axis',(-1.,0.,0.));
#2685=DIRECTION('ref_axis',(0.,-0.707106781186548,0.707106781186548));
#2686=DIRECTION('center_axis',(-0.408248290463863,-0.816496580927727,0.408248290463863));
#2687=DIRECTION('ref_axis',(-0.577350269189626,0.577350269189626,0.577350269189626));
#2688=DIRECTION('center_axis',(-1.,0.,0.));
#2689=DIRECTION('ref_axis',(0.,0.707106781186548,0.707106781186548));
#2690=DIRECTION('center_axis',(-1.,0.,0.));
#2691=DIRECTION('ref_axis',(0.,-0.707106781186549,-0.707106781186546));
#2692=DIRECTION('center_axis',(-0.707106781186548,-0.707106781186548,0.));
#2693=DIRECTION('ref_axis',(0.707106781186547,-0.707106781186547,0.));
#2694=DIRECTION('',(-1.,0.,0.));
#2695=DIRECTION('center_axis',(-1.,0.,0.));
#2696=DIRECTION('ref_axis',(0.,0.,-1.));
#2697=DIRECTION('center_axis',(0.,1.,0.));
#2698=DIRECTION('ref_axis',(0.,0.,1.));
#2699=DIRECTION('center_axis',(0.,-1.,0.));
#2700=DIRECTION('ref_axis',(-0.707106781186548,0.,0.707106781186547));
#2701=DIRECTION('center_axis',(0.,1.,0.));
#2702=DIRECTION('ref_axis',(-0.707106781186549,0.,0.707106781186546));
#2703=DIRECTION('',(0.,1.,0.));
#2704=DIRECTION('center_axis',(0.,1.,0.));
#2705=DIRECTION('ref_axis',(-0.707106781186548,0.,0.707106781186547));
#2706=DIRECTION('center_axis',(0.,0.,-1.));
#2707=DIRECTION('ref_axis',(-1.,0.,0.));
#2708=DIRECTION('',(0.,-1.,0.));
#2709=DIRECTION('',(1.,0.,0.));
#2710=DIRECTION('center_axis',(1.,0.,0.));
#2711=DIRECTION('ref_axis',(0.,0.707106781186549,-0.707106781186546));
#2712=DIRECTION('center_axis',(-0.707106781186548,0.707106781186548,0.));
#2713=DIRECTION('ref_axis',(0.707106781186548,0.707106781186548,-4.9065389333868E-17));
#2714=DIRECTION('center_axis',(-1.,0.,1.11022302462516E-15));
#2715=DIRECTION('ref_axis',(0.,1.,0.));
#2716=DIRECTION('center_axis',(0.,-1.,0.));
#2717=DIRECTION('ref_axis',(0.,0.,-1.));
#2718=DIRECTION('center_axis',(0.,-1.,0.));
#2719=DIRECTION('ref_axis',(0.707106781186549,0.,-0.707106781186546));
#2720=DIRECTION('center_axis',(0.,0.,1.));
#2721=DIRECTION('ref_axis',(-0.707106781186547,0.707106781186547,0.));
#2722=DIRECTION('center_axis',(0.,0.,-1.));
#2723=DIRECTION('ref_axis',(-0.707106781186547,0.707106781186547,0.));
#2724=DIRECTION('',(0.,0.,-1.));
#2725=DIRECTION('center_axis',(0.,0.,-1.));
#2726=DIRECTION('ref_axis',(-0.707106781186547,0.707106781186547,0.));
#2727=DIRECTION('',(0.,0.,1.));
#2728=DIRECTION('center_axis',(0.,1.,0.));
#2729=DIRECTION('ref_axis',(0.,0.,1.));
#2730=DIRECTION('',(-1.,0.,0.));
#2731=DIRECTION('',(0.,0.,-1.));
#2732=DIRECTION('',(1.,0.,0.));
#2733=DIRECTION('center_axis',(0.,0.,-1.));
#2734=DIRECTION('ref_axis',(-0.707106781186547,-0.707106781186547,0.));
#2735=DIRECTION('center_axis',(0.,0.,-1.));
#2736=DIRECTION('ref_axis',(-0.707106781186547,-0.707106781186547,0.));
#2737=DIRECTION('',(0.,0.,-1.));
#2738=DIRECTION('center_axis',(0.,0.,-1.));
#2739=DIRECTION('ref_axis',(-0.707106781186547,-0.707106781186547,0.));
#2740=DIRECTION('',(0.,0.,1.));
#2741=DIRECTION('center_axis',(-1.,0.,0.));
#2742=DIRECTION('ref_axis',(0.,0.,1.));
#2743=DIRECTION('',(0.,1.,0.));
#2744=DIRECTION('',(0.,-1.,0.));
#2745=DIRECTION('center_axis',(0.,0.,-1.));
#2746=DIRECTION('ref_axis',(0.707106781186547,-0.707106781186547,0.));
#2747=DIRECTION('center_axis',(0.,0.,-1.));
#2748=DIRECTION('ref_axis',(0.707106781186547,-0.707106781186547,0.));
#2749=DIRECTION('',(0.,0.,-1.));
#2750=DIRECTION('center_axis',(0.,0.,-1.));
#2751=DIRECTION('ref_axis',(0.707106781186547,-0.707106781186547,0.));
#2752=DIRECTION('',(0.,0.,1.));
#2753=DIRECTION('center_axis',(0.,-1.,0.));
#2754=DIRECTION('ref_axis',(0.,0.,-1.));
#2755=DIRECTION('',(-1.,0.,0.));
#2756=DIRECTION('',(1.,0.,0.));
#2757=DIRECTION('center_axis',(0.,0.,-1.));
#2758=DIRECTION('ref_axis',(0.707106781186547,0.707106781186547,0.));
#2759=DIRECTION('center_axis',(0.,0.,-1.));
#2760=DIRECTION('ref_axis',(0.707106781186547,0.707106781186547,0.));
#2761=DIRECTION('center_axis',(0.,0.,-1.));
#2762=DIRECTION('ref_axis',(0.707106781186547,0.707106781186547,0.));
#2763=DIRECTION('',(0.,0.,1.));
#2764=DIRECTION('center_axis',(1.,0.,0.));
#2765=DIRECTION('ref_axis',(0.,0.,-1.));
#2766=DIRECTION('',(0.,-1.,0.));
#2767=DIRECTION('',(0.,1.,0.));
#2768=DIRECTION('center_axis',(0.,0.,1.));
#2769=DIRECTION('ref_axis',(1.,0.,0.));
#2770=DIRECTION('center_axis',(-1.,0.,0.));
#2771=DIRECTION('ref_axis',(0.,0.,1.));
#2772=DIRECTION('',(0.,0.,-1.));
#2773=DIRECTION('',(0.,0.,1.));
#2774=DIRECTION('center_axis',(0.,1.,0.));
#2775=DIRECTION('ref_axis',(1.,0.,0.));
#2776=DIRECTION('',(0.,0.,-1.));
#2777=DIRECTION('center_axis',(-1.,0.,0.));
#2778=DIRECTION('ref_axis',(0.,0.,1.));
#2779=DIRECTION('',(0.,0.,1.));
#2780=DIRECTION('center_axis',(0.,-1.,0.));
#2781=DIRECTION('ref_axis',(-1.,0.,0.));
#2782=DIRECTION('center_axis',(0.,-1.,0.));
#2783=DIRECTION('ref_axis',(-1.,0.,0.));
#2784=DIRECTION('center_axis',(0.,0.,1.));
#2785=DIRECTION('ref_axis',(-0.707106781186547,-0.707106781186547,0.));
#2786=DIRECTION('center_axis',(0.,0.,1.));
#2787=DIRECTION('ref_axis',(-1.,0.,0.));
#2788=DIRECTION('',(0.,0.,1.));
#2789=DIRECTION('center_axis',(0.,-1.,0.));
#2790=DIRECTION('ref_axis',(-0.707106781186547,0.,-0.707106781186547));
#2791=DIRECTION('center_axis',(0.,-1.,0.));
#2792=DIRECTION('ref_axis',(-1.,0.,0.));
#2793=DIRECTION('',(0.,-1.,0.));
#2794=DIRECTION('center_axis',(0.,1.,0.));
#2795=DIRECTION('ref_axis',(0.,0.,-1.));
#2796=DIRECTION('center_axis',(0.,0.,-1.));
#2797=DIRECTION('ref_axis',(-0.707106781186547,0.707106781186547,0.));
#2798=DIRECTION('center_axis',(0.,0.,1.));
#2799=DIRECTION('ref_axis',(0.,1.,0.));
#2800=DIRECTION('center_axis',(-0.408248290463863,-0.816496580927726,-0.408248290463862));
#2801=DIRECTION('ref_axis',(-0.577350269189626,0.577350269189626,-0.577350269189626));
#2802=DIRECTION('center_axis',(-1.,0.,0.));
#2803=DIRECTION('ref_axis',(0.,0.707106781186548,-0.707106781186548));
#2804=DIRECTION('center_axis',(0.408248290463864,-0.816496580927726,0.408248290463863));
#2805=DIRECTION('ref_axis',(-0.577350269189626,-0.577350269189626,-0.577350269189626));
#2806=DIRECTION('center_axis',(-1.,0.,0.));
#2807=DIRECTION('ref_axis',(0.,-0.707106781186548,-0.707106781186548));
#2808=DIRECTION('center_axis',(0.,-1.,0.));
#2809=DIRECTION('ref_axis',(0.,0.,-1.));
#2810=DIRECTION('',(-1.,0.,0.));
#2811=DIRECTION('',(0.,0.,-1.));
#2812=DIRECTION('',(-1.,0.,0.));
#2813=DIRECTION('center_axis',(1.,0.,0.));
#2814=DIRECTION('ref_axis',(0.,-0.707106781186547,-0.707106781186547));
#2815=DIRECTION('',(1.,0.,0.));
#2816=DIRECTION('center_axis',(-1.,0.,0.));
#2817=DIRECTION('ref_axis',(0.,-0.707106781186547,-0.707106781186547));
#2818=DIRECTION('center_axis',(0.,0.,-1.));
#2819=DIRECTION('ref_axis',(0.,1.,0.));
#2820=DIRECTION('',(-1.,0.,0.));
#2821=DIRECTION('',(0.,1.,0.));
#2822=DIRECTION('center_axis',(1.,0.,0.));
#2823=DIRECTION('ref_axis',(0.,0.707106781186547,-0.707106781186547));
#2824=DIRECTION('center_axis',(-1.,0.,0.));
#2825=DIRECTION('ref_axis',(0.,0.707106781186547,-0.707106781186547));
#2826=DIRECTION('center_axis',(-1.,0.,-8.88178419700128E-15));
#2827=DIRECTION('ref_axis',(-8.88178419700128E-15,0.,1.));
#2828=DIRECTION('',(8.88178419700128E-15,0.,-1.));
#2829=DIRECTION('',(0.,1.,0.));
#2830=DIRECTION('',(-8.88178419700128E-15,0.,1.));
#2831=DIRECTION('center_axis',(0.,1.,0.));
#2832=DIRECTION('ref_axis',(1.,0.,0.));
#2833=DIRECTION('',(1.,0.,0.));
#2834=DIRECTION('',(6.66133814775094E-15,0.,-1.));
#2835=DIRECTION('center_axis',(-1.,0.,-8.88178419700128E-15));
#2836=DIRECTION('ref_axis',(-8.88178419700128E-15,0.,1.));
#2837=DIRECTION('',(0.,-1.,0.));
#2838=DIRECTION('center_axis',(-1.,2.78421491811554E-29,-6.66133814775094E-15));
#2839=DIRECTION('ref_axis',(0.,1.,4.17966308924817E-15));
#2840=DIRECTION('',(2.78421491811554E-29,1.,0.));
#2841=DIRECTION('',(6.66133814775094E-15,0.,-1.));
#2842=DIRECTION('center_axis',(0.,-1.,0.));
#2843=DIRECTION('ref_axis',(-1.,0.,-6.45947931974717E-15));
#2844=DIRECTION('',(-1.,0.,0.));
#2845=DIRECTION('center_axis',(1.,0.,0.));
#2846=DIRECTION('ref_axis',(0.,0.,-1.));
#2847=DIRECTION('',(0.,0.,1.));
#2848=DIRECTION('',(0.,-1.,0.));
#2849=DIRECTION('',(0.,0.,-1.));
#2850=DIRECTION('',(0.,1.,0.));
#2851=DIRECTION('center_axis',(1.,0.,0.));
#2852=DIRECTION('ref_axis',(0.,-0.707106781186547,0.707106781186547));
#2853=DIRECTION('center_axis',(-1.,0.,0.));
#2854=DIRECTION('ref_axis',(0.,-0.707106781186547,0.707106781186547));
#2855=DIRECTION('center_axis',(1.,0.,0.));
#2856=DIRECTION('ref_axis',(0.,0.707106781186547,0.707106781186547));
#2857=DIRECTION('center_axis',(-1.,0.,0.));
#2858=DIRECTION('ref_axis',(0.,0.707106781186547,0.707106781186547));
#2859=DIRECTION('center_axis',(0.,-1.,0.));
#2860=DIRECTION('ref_axis',(0.,0.,-1.));
#2861=DIRECTION('',(0.,0.,1.));
#2862=DIRECTION('',(1.,0.,0.));
#2863=DIRECTION('',(1.,0.,0.));
#2864=DIRECTION('center_axis',(0.,0.,-1.));
#2865=DIRECTION('ref_axis',(0.,1.,0.));
#2866=DIRECTION('',(0.,-1.,0.));
#2867=DIRECTION('',(1.,0.,0.));
#2868=DIRECTION('center_axis',(0.,0.,1.));
#2869=DIRECTION('ref_axis',(0.,-1.,0.));
#2870=DIRECTION('',(0.,1.,0.));
#2871=DIRECTION('',(1.,0.,0.));
#2872=DIRECTION('center_axis',(0.,1.,0.));
#2873=DIRECTION('ref_axis',(0.,0.,1.));
#2874=DIRECTION('',(0.,0.,-1.));
#2875=DIRECTION('center_axis',(1.,0.,0.));
#2876=DIRECTION('ref_axis',(0.,0.,-1.));
#2877=DIRECTION('',(0.,0.,1.));
#2878=DIRECTION('',(0.,-1.,0.));
#2879=DIRECTION('',(0.,0.,-1.));
#2880=DIRECTION('',(0.,1.,0.));
#2881=DIRECTION('center_axis',(0.,-1.,0.));
#2882=DIRECTION('ref_axis',(0.,0.,-1.));
#2883=DIRECTION('',(1.,0.,0.));
#2884=DIRECTION('',(0.,0.,-1.));
#2885=DIRECTION('',(1.,0.,0.));
#2886=DIRECTION('center_axis',(0.,0.,1.));
#2887=DIRECTION('ref_axis',(0.,-1.,0.));
#2888=DIRECTION('',(1.,0.,0.));
#2889=DIRECTION('',(0.,-1.,0.));
#2890=DIRECTION('center_axis',(0.,0.,-1.));
#2891=DIRECTION('ref_axis',(0.,1.,0.));
#2892=DIRECTION('',(0.,1.,0.));
#2893=DIRECTION('',(1.,0.,0.));
#2894=DIRECTION('center_axis',(0.,1.,0.));
#2895=DIRECTION('ref_axis',(0.,0.,1.));
#2896=DIRECTION('',(0.,0.,1.));
#2897=DIRECTION('center_axis',(1.,0.,0.));
#2898=DIRECTION('ref_axis',(0.,0.,-1.));
#2899=CARTESIAN_POINT('',(0.,0.,0.));
#2900=CARTESIAN_POINT('Origin',(-3.,21.0000003129244,29.5000002980232));
#2901=CARTESIAN_POINT('',(0.,21.0000003129244,29.5000002980232));
#2902=CARTESIAN_POINT('',(-3.,21.0000003129244,29.5000002980232));
#2903=CARTESIAN_POINT('',(0.,21.0000003129244,29.5000002980232));
#2904=CARTESIAN_POINT('',(0.,-19.9999995529652,29.5000002980232));
#2905=CARTESIAN_POINT('',(0.,-1.749999653548,29.5000002980232));
#2906=CARTESIAN_POINT('',(-3.,-19.9999995529652,29.5000002980232));
#2907=CARTESIAN_POINT('',(0.,-19.9999995529652,29.5000002980232));
#2908=CARTESIAN_POINT('',(-3.,-1.749999653548,29.5000002980232));
#2909=CARTESIAN_POINT('Origin',(-3.,-24.4999996200204,32.5000004842877));
#2910=CARTESIAN_POINT('',(-3.,21.0000003129244,25.5000002980232));
#2911=CARTESIAN_POINT('',(-3.,21.0000003129244,29.0000003911555));
#2912=CARTESIAN_POINT('',(-3.,-19.9999995529652,25.5000002980232));
#2913=CARTESIAN_POINT('',(-3.,-19.9999995529652,29.0000003911555));
#2914=CARTESIAN_POINT('',(-3.,-25.4999995529652,20.0000002980232));
#2915=CARTESIAN_POINT('Origin',(-3.,-25.4999995529652,25.5000002980232));
#2916=CARTESIAN_POINT('',(-3.,-33.9999996870756,20.0000002980232));
#2917=CARTESIAN_POINT('',(-3.,-28.9999996870756,20.0000002980232));
#2918=CARTESIAN_POINT('',(-3.,-33.9999996870756,37.8585722420094));
#2919=CARTESIAN_POINT('',(-3.,-33.9999996870756,45.0000006705523));
#2920=CARTESIAN_POINT('',(-3.,35.0000004470348,37.8585722420094));
#2921=CARTESIAN_POINT('',(-3.,30.0000004470348,37.8585722420094));
#2922=CARTESIAN_POINT('',(-3.,35.0000004470348,20.0000002980232));
#2923=CARTESIAN_POINT('',(-3.,35.0000004470348,20.0000002980232));
#2924=CARTESIAN_POINT('',(-3.,26.5000003129244,20.0000002980232));
#2925=CARTESIAN_POINT('',(-3.,30.0000004470348,20.0000002980232));
#2926=CARTESIAN_POINT('Origin',(-3.,26.5000003129244,25.5000002980232));
#2927=CARTESIAN_POINT('',(-3.,-22.8639326290386,24.8999994434416));
#2928=CARTESIAN_POINT('Origin',(-3.,-25.1000005565584,24.8999994434416));
#2929=CARTESIAN_POINT('',(-3.,27.1360673709614,24.8999994434416));
#2930=CARTESIAN_POINT('Origin',(-3.,24.8999994434416,24.8999994434416));
#2931=CARTESIAN_POINT('Origin',(-3.,-19.9999995529652,25.5000002980232));
#2932=CARTESIAN_POINT('',(0.,-19.9999995529652,25.5000002980232));
#2933=CARTESIAN_POINT('',(0.,-19.9999995529652,25.5000002980232));
#2934=CARTESIAN_POINT('',(0.,-19.9999995529652,29.0000003911555));
#2935=CARTESIAN_POINT('Origin',(0.,21.0000003129244,25.5000002980232));
#2936=CARTESIAN_POINT('',(0.,21.0000003129244,25.5000002980232));
#2937=CARTESIAN_POINT('',(0.,21.0000003129244,25.5000002980232));
#2938=CARTESIAN_POINT('',(0.,21.0000003129244,29.0000003911555));
#2939=CARTESIAN_POINT('Origin',(0.,-24.4999996200204,32.5000004842877));
#2940=CARTESIAN_POINT('',(0.,26.5000003129244,20.0000002980232));
#2941=CARTESIAN_POINT('Origin',(0.,26.5000003129244,25.5000002980232));
#2942=CARTESIAN_POINT('',(0.,30.1,20.0000002980232));
#2943=CARTESIAN_POINT('',(0.,21.0000003129244,20.0000002980232));
#2944=CARTESIAN_POINT('',(0.,30.1,27.6));
#2945=CARTESIAN_POINT('',(0.,30.1,-15.));
#2946=CARTESIAN_POINT('',(0.,27.6,30.1));
#2947=CARTESIAN_POINT('Origin',(0.,27.6,27.6));
#2948=CARTESIAN_POINT('',(0.,-27.6,30.1));
#2949=CARTESIAN_POINT('',(0.,15.,30.1));
#2950=CARTESIAN_POINT('',(0.,-30.1,27.6));
#2951=CARTESIAN_POINT('Origin',(0.,-27.6,27.6));
#2952=CARTESIAN_POINT('',(0.,-30.1,20.0000002980232));
#2953=CARTESIAN_POINT('',(0.,-30.1,15.));
#2954=CARTESIAN_POINT('',(0.,-25.4999995529652,20.0000002980232));
#2955=CARTESIAN_POINT('',(0.,-28.9999996870756,20.0000002980232));
#2956=CARTESIAN_POINT('Origin',(0.,-25.4999995529652,25.5000002980232));
#2957=CARTESIAN_POINT('',(0.,-22.8639326290386,24.8999994434416));
#2958=CARTESIAN_POINT('Origin',(0.,-25.1000005565584,24.8999994434416));
#2959=CARTESIAN_POINT('',(0.,27.1360673709614,24.8999994434416));
#2960=CARTESIAN_POINT('Origin',(0.,24.8999994434416,24.8999994434416));
#2961=CARTESIAN_POINT('Origin',(0.,-21.1767921895392,-25.7209899575273));
#2962=CARTESIAN_POINT('',(0.,-21.1767921895392,-25.7209899575273));
#2963=CARTESIAN_POINT('',(-3.,-21.1767921895392,-25.7209899575273));
#2964=CARTESIAN_POINT('',(0.,-21.1767921895392,-25.7209899575273));
#2965=CARTESIAN_POINT('',(0.,-21.1767921895392,-29.7209899575273));
#2966=CARTESIAN_POINT('',(0.,-21.1767921895392,-29.2209900506595));
#2967=CARTESIAN_POINT('',(-3.,-21.1767921895392,-29.7209899575273));
#2968=CARTESIAN_POINT('',(0.,-21.1767921895392,-29.7209899575273));
#2969=CARTESIAN_POINT('',(-3.,-21.1767921895392,-29.2209900506595));
#2970=CARTESIAN_POINT('Origin',(-3.,19.8232076763503,-25.7209899575273));
#2971=CARTESIAN_POINT('',(-3.,19.8232076763503,-25.7209899575273));
#2972=CARTESIAN_POINT('',(0.,19.8232076763503,-25.7209899575273));
#2973=CARTESIAN_POINT('',(0.,19.8232076763503,-25.7209899575273));
#2974=CARTESIAN_POINT('',(-3.,19.8232076763503,-29.7209899575273));
#2975=CARTESIAN_POINT('',(-3.,19.8232076763503,-29.2209900506595));
#2976=CARTESIAN_POINT('',(0.,19.8232076763503,-29.7209899575273));
#2977=CARTESIAN_POINT('',(0.,19.8232076763503,-29.7209899575273));
#2978=CARTESIAN_POINT('',(0.,19.8232076763503,-29.2209900506595));
#2979=CARTESIAN_POINT('Origin',(0.,19.8232076763503,-29.7209899575273));
#2980=CARTESIAN_POINT('',(-3.,-2.92679229012208,-29.7209899575273));
#2981=CARTESIAN_POINT('',(0.,-2.92679229012208,-29.7209899575273));
#2982=CARTESIAN_POINT('Origin',(-3.,-25.6767922565945,-32.7209901437918));
#2983=CARTESIAN_POINT('',(-3.,25.3232076763503,-20.2209899575273));
#2984=CARTESIAN_POINT('Origin',(-3.,25.3232076763503,-25.7209899575273));
#2985=CARTESIAN_POINT('',(-3.,33.8232078104608,-20.2209899575273));
#2986=CARTESIAN_POINT('',(-3.,28.8232078104608,-20.2209899575273));
#2987=CARTESIAN_POINT('',(-3.,33.8232078104608,-38.0795619015134));
#2988=CARTESIAN_POINT('',(-3.,33.8232078104608,-45.2209903300563));
#2989=CARTESIAN_POINT('',(-3.,-35.1767923236497,-38.0795619015134));
#2990=CARTESIAN_POINT('',(-3.,-30.1767923236497,-38.0795619015134));
#2991=CARTESIAN_POINT('',(-3.,-35.1767923236497,-20.2209899575273));
#2992=CARTESIAN_POINT('',(-3.,-35.1767923236497,-20.2209899575273));
#2993=CARTESIAN_POINT('',(-3.,-26.6767921895392,-20.2209899575273));
#2994=CARTESIAN_POINT('',(-3.,-30.1767923236497,-20.2209899575273));
#2995=CARTESIAN_POINT('Origin',(-3.,-26.6767921895392,-25.7209899575273));
#2996=CARTESIAN_POINT('',(-3.,-22.8407233925367,-25.1209891029457));
#2997=CARTESIAN_POINT('Origin',(-3.,-25.0767913200565,-25.1209891029457));
#2998=CARTESIAN_POINT('',(-3.,22.6871407524237,-25.1209891029457));
#2999=CARTESIAN_POINT('Origin',(-3.,24.9232086799435,-25.1209891029457));
#3000=CARTESIAN_POINT('Origin',(0.,35.0000004470348,45.0000006705523));
#3001=CARTESIAN_POINT('',(0.,35.0000004470348,45.0000006705523));
#3002=CARTESIAN_POINT('Origin',(7.,35.0000004470348,37.8585722420094));
#3003=CARTESIAN_POINT('',(0.,35.0000004470348,20.0000002980232));
#3004=CARTESIAN_POINT('',(0.,35.0000004470348,22.5000003352761));
#3005=CARTESIAN_POINT('',(0.,35.0000004470348,20.0000002980232));
#3006=CARTESIAN_POINT('Origin',(0.,0.,0.));
#3007=CARTESIAN_POINT('',(0.,-65.,62.000000923872));
#3008=CARTESIAN_POINT('',(0.,-65.,-65.));
#3009=CARTESIAN_POINT('',(0.,-65.,35.));
#3010=CARTESIAN_POINT('',(0.,-23.2512510996254,62.000000923872));
#3011=CARTESIAN_POINT('',(0.,-32.5000004842877,62.000000923872));
#3012=CARTESIAN_POINT('',(0.,-23.2512510996254,50.4641016151377));
#3013=CARTESIAN_POINT('',(0.,-23.2512510996254,35.));
#3014=CARTESIAN_POINT('',(0.,-23.1512510996254,50.4641016151377));
#3015=CARTESIAN_POINT('',(0.,-23.1512510996254,50.4641016151377));
#3016=CARTESIAN_POINT('',(0.,-21.1512510996254,47.));
#3017=CARTESIAN_POINT('Ctrl Pts',(0.,-21.1512510996254,47.));
#3018=CARTESIAN_POINT('Ctrl Pts',(0.,-21.4283493217063,47.2770982220809));
#3019=CARTESIAN_POINT('Ctrl Pts',(0.,-21.7339330743375,47.581550671963));
#3020=CARTESIAN_POINT('Ctrl Pts',(0.,-22.2933735630719,48.2297129223017));
#3021=CARTESIAN_POINT('Ctrl Pts',(0.,-22.5447979940623,48.5755181136388));
#3022=CARTESIAN_POINT('Ctrl Pts',(0.,-22.8513132779758,49.1450253145856));
#3023=CARTESIAN_POINT('Ctrl Pts',(-1.03397576569128E-24,-22.9620888379118,
49.4018829341513));
#3024=CARTESIAN_POINT('Ctrl Pts',(-1.03397576569128E-24,-23.1123424433626,
49.9339020518596));
#3025=CARTESIAN_POINT('Ctrl Pts',(0.,-23.1512510996254,50.2092241932622));
#3026=CARTESIAN_POINT('Ctrl Pts',(0.,-23.1512510996254,50.4641016151377));
#3027=CARTESIAN_POINT('',(0.,-4.15000010211952,47.));
#3028=CARTESIAN_POINT('',(0.,-6.32531280043622,47.));
#3029=CARTESIAN_POINT('',(0.,-2.15000010211952,50.4641016151377));
#3030=CARTESIAN_POINT('Ctrl Pts',(0.,-2.15000010211952,50.4641016151377));
#3031=CARTESIAN_POINT('Ctrl Pts',(1.54408630023157E-17,-2.15000010211952,
50.2092241932622));
#3032=CARTESIAN_POINT('Ctrl Pts',(-1.03397576569128E-24,-2.1889087583823,
49.9339020518596));
#3033=CARTESIAN_POINT('Ctrl Pts',(-1.03397576569128E-24,-2.33916236383308,
49.4018829341512));
#3034=CARTESIAN_POINT('Ctrl Pts',(0.,-2.44993792376912,49.1450253145856));
#3035=CARTESIAN_POINT('Ctrl Pts',(0.,-2.75645320768263,48.5755181136387));
#3036=CARTESIAN_POINT('Ctrl Pts',(0.,-3.00787763867301,48.2297129223017));
#3037=CARTESIAN_POINT('Ctrl Pts',(0.,-3.5673181274074,47.5815506719629));
#3038=CARTESIAN_POINT('Ctrl Pts',(0.,-3.87290188003856,47.2770982220809));
#3039=CARTESIAN_POINT('Ctrl Pts',(0.,-4.15000010211952,47.));
#3040=CARTESIAN_POINT('',(0.,-2.05000010211952,50.4641016151377));
#3041=CARTESIAN_POINT('',(0.,-2.15000010211952,50.4641016151377));
#3042=CARTESIAN_POINT('',(0.,-2.05000010211952,62.000000923872));
#3043=CARTESIAN_POINT('',(0.,-2.05000010211952,35.));
#3044=CARTESIAN_POINT('',(0.,65.,62.000000923872));
#3045=CARTESIAN_POINT('',(0.,-32.5000004842877,62.000000923872));
#3046=CARTESIAN_POINT('',(0.,65.,-65.));
#3047=CARTESIAN_POINT('',(0.,65.,-35.));
#3048=CARTESIAN_POINT('',(0.,-35.,-65.));
#3049=CARTESIAN_POINT('',(0.,15.0000002235174,20.0000002980232));
#3050=CARTESIAN_POINT('',(0.,-33.9999996870756,45.0000006705523));
#3051=CARTESIAN_POINT('',(0.,30.0000004470348,45.0000006705523));
#3052=CARTESIAN_POINT('',(0.,-33.9999996870756,20.0000002980232));
#3053=CARTESIAN_POINT('',(0.,-33.9999996870756,10.0000001490116));
#3054=CARTESIAN_POINT('',(0.,-14.4999998435378,20.0000002980232));
#3055=CARTESIAN_POINT('',(0.,-30.1,-20.2209899575273));
#3056=CARTESIAN_POINT('',(0.,-30.1,15.));
#3057=CARTESIAN_POINT('',(0.,-35.1767923236497,-20.2209899575273));
#3058=CARTESIAN_POINT('',(0.,-15.0883961618248,-20.2209899575273));
#3059=CARTESIAN_POINT('',(0.,-35.1767923236497,-45.2209903300563));
#3060=CARTESIAN_POINT('',(0.,-35.1767923236497,-22.6104951650281));
#3061=CARTESIAN_POINT('',(0.,33.8232078104608,-45.2209903300563));
#3062=CARTESIAN_POINT('',(0.,14.4116039052304,-45.2209903300563));
#3063=CARTESIAN_POINT('',(0.,33.8232078104608,-20.2209899575273));
#3064=CARTESIAN_POINT('',(0.,33.8232078104608,-10.1104949787636));
#3065=CARTESIAN_POINT('',(0.,30.1,-20.2209899575273));
#3066=CARTESIAN_POINT('',(0.,14.4116039052304,-20.2209899575273));
#3067=CARTESIAN_POINT('',(0.,30.1,-15.));
#3068=CARTESIAN_POINT('Origin',(0.,-33.9999996870756,20.0000002980232));
#3069=CARTESIAN_POINT('Origin',(7.,-33.9999996870756,37.8585722420094));
#3070=CARTESIAN_POINT('',(0.,-33.9999996870756,20.0000002980232));
#3071=CARTESIAN_POINT('Origin',(0.,-35.1767923236497,-45.2209903300563));
#3072=CARTESIAN_POINT('Origin',(7.,-35.1767923236497,-38.0795619015134));
#3073=CARTESIAN_POINT('',(0.,-35.1767923236497,-20.2209899575273));
#3074=CARTESIAN_POINT('Origin',(0.,33.8232078104608,-20.2209899575273));
#3075=CARTESIAN_POINT('Origin',(7.,33.8232078104608,-38.0795619015134));
#3076=CARTESIAN_POINT('',(0.,33.8232078104608,-20.2209899575273));
#3077=CARTESIAN_POINT('Origin',(7.,-14.4999998435378,37.8585722420094));
#3078=CARTESIAN_POINT('Origin',(7.,-10.5883960947696,-38.0795619015134));
#3079=CARTESIAN_POINT('Origin',(0.,25.3232076763503,-25.7209899575273));
#3080=CARTESIAN_POINT('',(0.,25.3232076763503,-20.2209899575273));
#3081=CARTESIAN_POINT('Origin',(0.,25.3232076763503,-25.7209899575273));
#3082=CARTESIAN_POINT('',(0.,25.3232076763503,-20.2209899575273));
#3083=CARTESIAN_POINT('Origin',(0.,-26.6767921895392,-25.7209899575273));
#3084=CARTESIAN_POINT('',(0.,-26.6767921895392,-20.2209899575273));
#3085=CARTESIAN_POINT('',(0.,-26.6767921895392,-20.2209899575273));
#3086=CARTESIAN_POINT('Origin',(0.,-26.6767921895392,-25.7209899575273));
#3087=CARTESIAN_POINT('Origin',(0.,-25.6767922565945,-32.7209901437918));
#3088=CARTESIAN_POINT('',(0.,-21.1767921895392,-20.2209899575273));
#3089=CARTESIAN_POINT('',(0.,-30.1,-27.6));
#3090=CARTESIAN_POINT('',(0.,-30.1,15.));
#3091=CARTESIAN_POINT('',(0.,-27.6,-30.1));
#3092=CARTESIAN_POINT('Origin',(0.,-27.6,-27.6));
#3093=CARTESIAN_POINT('',(0.,27.6,-30.1));
#3094=CARTESIAN_POINT('',(0.,-15.,-30.1));
#3095=CARTESIAN_POINT('',(0.,30.1,-27.6));
#3096=CARTESIAN_POINT('Origin',(0.,27.6,-27.6));
#3097=CARTESIAN_POINT('',(0.,30.1,-15.));
#3098=CARTESIAN_POINT('',(0.,28.8232078104608,-20.2209899575273));
#3099=CARTESIAN_POINT('',(0.,22.6871407524237,-25.1209891029457));
#3100=CARTESIAN_POINT('Origin',(0.,24.9232086799435,-25.1209891029457));
#3101=CARTESIAN_POINT('',(0.,-22.8407233925367,-25.1209891029457));
#3102=CARTESIAN_POINT('Origin',(0.,-25.0767913200565,-25.1209891029457));
#3103=CARTESIAN_POINT('Origin',(0.,-25.4999995529652,25.5000002980232));
#3104=CARTESIAN_POINT('',(0.,-25.4999995529652,20.0000002980232));
#3105=CARTESIAN_POINT('Origin',(0.,26.5000003129244,25.5000002980232));
#3106=CARTESIAN_POINT('',(0.,26.5000003129244,20.0000002980232));
#3107=CARTESIAN_POINT('Origin',(0.,30.0000004470348,20.0000002980232));
#3108=CARTESIAN_POINT('Origin',(0.,24.9232086799435,-25.1209891029457));
#3109=CARTESIAN_POINT('',(0.,22.6871407524237,-25.1209891029457));
#3110=CARTESIAN_POINT('Origin',(0.,19.8232076763503,-20.2209899575273));
#3111=CARTESIAN_POINT('Origin',(0.,24.8999994434416,24.8999994434416));
#3112=CARTESIAN_POINT('',(0.,27.1360673709614,24.8999994434416));
#3113=CARTESIAN_POINT('Origin',(0.,-25.0767913200565,-25.1209891029457));
#3114=CARTESIAN_POINT('',(0.,-22.8407233925367,-25.1209891029457));
#3115=CARTESIAN_POINT('Origin',(0.,-30.1767923236497,-20.2209899575273));
#3116=CARTESIAN_POINT('Origin',(0.,-25.1000005565584,24.8999994434416));
#3117=CARTESIAN_POINT('',(0.,-22.8639326290386,24.8999994434416));
#3118=CARTESIAN_POINT('Origin',(0.,-19.9999995529652,20.0000002980232));
#3119=CARTESIAN_POINT('Origin',(0.,-27.6,-27.6));
#3120=CARTESIAN_POINT('',(42.,-30.1,-27.6));
#3121=CARTESIAN_POINT('',(42.,-27.6,-30.1));
#3122=CARTESIAN_POINT('Origin',(42.,-27.6,-27.6));
#3123=CARTESIAN_POINT('',(0.,-27.6,-30.1));
#3124=CARTESIAN_POINT('',(0.,-30.1,-27.6));
#3125=CARTESIAN_POINT('Origin',(0.,-30.,-30.1));
#3126=CARTESIAN_POINT('',(42.,27.6,-30.1));
#3127=CARTESIAN_POINT('',(42.,-15.,-30.1));
#3128=CARTESIAN_POINT('',(0.,27.6,-30.1));
#3129=CARTESIAN_POINT('Origin',(0.,27.6,-27.6));
#3130=CARTESIAN_POINT('',(42.,30.1,-27.6));
#3131=CARTESIAN_POINT('Origin',(42.,27.6,-27.6));
#3132=CARTESIAN_POINT('',(0.,30.1,-27.6));
#3133=CARTESIAN_POINT('Origin',(0.,-27.6,27.6));
#3134=CARTESIAN_POINT('',(42.,-27.6,30.1));
#3135=CARTESIAN_POINT('',(0.,-27.6,30.1));
#3136=CARTESIAN_POINT('',(42.,-30.1,27.6));
#3137=CARTESIAN_POINT('Origin',(42.,-27.6,27.6));
#3138=CARTESIAN_POINT('',(0.,-30.1,27.6));
#3139=CARTESIAN_POINT('Origin',(0.,30.,30.1));
#3140=CARTESIAN_POINT('',(42.,27.6,30.1));
#3141=CARTESIAN_POINT('',(0.,27.6,30.1));
#3142=CARTESIAN_POINT('',(42.,15.,30.1));
#3143=CARTESIAN_POINT('',(30.0000004470349,-21.0000003129244,30.1));
#3144=CARTESIAN_POINT('',(40.0000006109477,-21.0000003129244,30.1));
#3145=CARTESIAN_POINT('',(20.5000003054738,-21.0000003129244,30.1));
#3146=CARTESIAN_POINT('',(40.0000006109477,-4.00000005960464,30.1));
#3147=CARTESIAN_POINT('',(40.0000006109477,12.9999999701977,30.1));
#3148=CARTESIAN_POINT('',(30.0000004470349,-4.00000005960464,30.1));
#3149=CARTESIAN_POINT('',(15.0000002235174,-4.00000005960464,30.1));
#3150=CARTESIAN_POINT('',(30.0000004470349,4.49999984353781,30.1));
#3151=CARTESIAN_POINT('Origin',(0.,27.6,27.6));
#3152=CARTESIAN_POINT('',(42.,30.1,27.6));
#3153=CARTESIAN_POINT('Origin',(42.,27.6,27.6));
#3154=CARTESIAN_POINT('',(0.,30.1,27.6));
#3155=CARTESIAN_POINT('Origin',(0.,-30.1,30.));
#3156=CARTESIAN_POINT('',(42.,-30.1,-15.));
#3157=CARTESIAN_POINT('Origin',(0.,30.1,-30.));
#3158=CARTESIAN_POINT('',(42.,30.1,-15.));
#3159=CARTESIAN_POINT('Origin',(25.0000004470346,32.9999999701977,65.));
#3160=CARTESIAN_POINT('',(25.0000004470346,-26.0000003129244,70.));
#3161=CARTESIAN_POINT('',(30.0000004470346,-21.0000003129244,65.));
#3162=CARTESIAN_POINT('Origin',(25.0000004470346,-26.0000003129244,65.));
#3163=CARTESIAN_POINT('',(30.0000004470346,-4.00000005960464,65.));
#3164=CARTESIAN_POINT('',(30.0000004470346,32.9999999701977,65.));
#3165=CARTESIAN_POINT('',(25.0000004470346,0.999999940395355,70.));
#3166=CARTESIAN_POINT('Origin',(25.0000004470346,0.999999940395355,65.));
#3167=CARTESIAN_POINT('',(25.0000004470346,32.9999999701977,70.));
#3168=CARTESIAN_POINT('Origin',(30.0000004470348,-4.00000005960464,35.0000000000001));
#3169=CARTESIAN_POINT('',(30.0000004470347,-21.0000003129244,60.));
#3170=CARTESIAN_POINT('',(30.0000004470348,-21.0000003129244,35.));
#3171=CARTESIAN_POINT('',(30.0000004470347,-4.00000005960464,60.));
#3172=CARTESIAN_POINT('',(30.0000004470347,-32.0000000298023,60.));
#3173=CARTESIAN_POINT('',(30.0000004470348,-4.00000005960464,35.0000000000001));
#3174=CARTESIAN_POINT('Origin',(15.0000002235174,-26.0000003129244,65.));
#3175=CARTESIAN_POINT('',(40.0000006109474,-26.0000003129244,70.));
#3176=CARTESIAN_POINT('',(40.0000006109474,-21.0000003129244,65.));
#3177=CARTESIAN_POINT('Origin',(40.0000006109477,-26.0000003129244,65.));
#3178=CARTESIAN_POINT('',(15.0000002235174,-21.0000003129244,65.));
#3179=CARTESIAN_POINT('',(15.0000002235174,-26.0000003129244,70.));
#3180=CARTESIAN_POINT('Origin',(30.0000004470348,-21.0000003129244,35.));
#3181=CARTESIAN_POINT('',(40.0000006109475,-21.0000003129244,60.));
#3182=CARTESIAN_POINT('',(40.0000006109477,-21.0000003129244,35.0000000000001));
#3183=CARTESIAN_POINT('',(15.0000002235174,-21.0000003129244,60.));
#3184=CARTESIAN_POINT('Origin',(20.5000003054738,0.999999940395355,65.));
#3185=CARTESIAN_POINT('',(40.0000006109474,-4.00000005960464,65.));
#3186=CARTESIAN_POINT('',(20.5000003054738,-4.00000005960464,65.));
#3187=CARTESIAN_POINT('',(40.0000006109474,0.999999940395355,70.));
#3188=CARTESIAN_POINT('Origin',(40.0000006109477,0.999999940395355,65.));
#3189=CARTESIAN_POINT('',(20.5000003054738,0.999999940395355,70.));
#3190=CARTESIAN_POINT('Origin',(41.0000006109476,-4.00000005960464,35.0000000000001));
#3191=CARTESIAN_POINT('',(40.0000006109475,-4.00000005960464,60.));
#3192=CARTESIAN_POINT('',(20.5000003054738,-4.00000005960464,60.));
#3193=CARTESIAN_POINT('',(40.0000006109477,-4.00000005960464,35.0000000000001));
#3194=CARTESIAN_POINT('Origin',(-30.9,13.2,70.));
#3195=CARTESIAN_POINT('',(-30.9,13.2,62.000000923872));
#3196=CARTESIAN_POINT('',(-30.9,25.,62.000000923872));
#3197=CARTESIAN_POINT('',(-30.9,39.1,62.000000923872));
#3198=CARTESIAN_POINT('',(-30.9,25.,70.));
#3199=CARTESIAN_POINT('',(-30.9,25.,70.));
#3200=CARTESIAN_POINT('',(-30.9,13.2,70.));
#3201=CARTESIAN_POINT('',(-30.9,41.6,70.));
#3202=CARTESIAN_POINT('',(-30.9,13.2,70.));
#3203=CARTESIAN_POINT('Origin',(-30.,25.,70.));
#3204=CARTESIAN_POINT('',(-15.8,25.,62.000000923872));
#3205=CARTESIAN_POINT('',(-8.7,25.,62.000000923872));
#3206=CARTESIAN_POINT('',(-15.8,25.,70.));
#3207=CARTESIAN_POINT('',(-15.8,25.,70.));
#3208=CARTESIAN_POINT('',(-8.7,25.,70.));
#3209=CARTESIAN_POINT('Origin',(-15.8,25.,70.));
#3210=CARTESIAN_POINT('',(-15.8,13.2,62.000000923872));
#3211=CARTESIAN_POINT('',(-15.8,45.,62.000000923872));
#3212=CARTESIAN_POINT('',(-15.8,13.2,70.));
#3213=CARTESIAN_POINT('',(-15.8,13.2,70.));
#3214=CARTESIAN_POINT('',(-15.8,47.5,70.));
#3215=CARTESIAN_POINT('Origin',(0.,70.,70.));
#3216=CARTESIAN_POINT('',(-48.,-65.,70.));
#3217=CARTESIAN_POINT('',(-48.,65.,70.));
#3218=CARTESIAN_POINT('',(-48.,34.9999997578561,70.));
#3219=CARTESIAN_POINT('',(42.,-65.,70.));
#3220=CARTESIAN_POINT('',(-30.,-65.,70.));
#3221=CARTESIAN_POINT('',(42.,65.,70.));
#3222=CARTESIAN_POINT('',(42.,-70.,70.));
#3223=CARTESIAN_POINT('',(-30.,65.,70.));
#3224=CARTESIAN_POINT('',(40.0000006109474,24.4999998435378,70.));
#3225=CARTESIAN_POINT('',(-8.7,13.2,70.));
#3226=CARTESIAN_POINT('',(-41.797501980525,-2.05000010211952,70.));
#3227=CARTESIAN_POINT('',(9.40375044190441,-2.05000010211952,70.));
#3228=CARTESIAN_POINT('',(-20.8487509902625,-2.05000010211952,70.));
#3229=CARTESIAN_POINT('',(9.40375044190441,-23.2512510996254,70.));
#3230=CARTESIAN_POINT('',(9.40375044190441,33.9249999489402,70.));
#3231=CARTESIAN_POINT('',(-41.797501980525,-23.2512510996254,70.));
#3232=CARTESIAN_POINT('',(-20.8487509902625,-23.2512510996254,70.));
#3233=CARTESIAN_POINT('',(-41.797501980525,23.4243744501873,70.));
#3234=CARTESIAN_POINT('',(-5.3,33.5,70.));
#3235=CARTESIAN_POINT('',(-35.,33.5,70.));
#3236=CARTESIAN_POINT('',(-15.,33.5,70.));
#3237=CARTESIAN_POINT('',(-35.,50.,70.));
#3238=CARTESIAN_POINT('',(-35.,51.75,70.));
#3239=CARTESIAN_POINT('',(-5.3,50.,70.));
#3240=CARTESIAN_POINT('',(-15.,50.,70.));
#3241=CARTESIAN_POINT('',(-5.3,60.,70.));
#3242=CARTESIAN_POINT('Origin',(0.,65.,62.000000923872));
#3243=CARTESIAN_POINT('',(-41.797501980525,-2.05000010211952,62.000000923872));
#3244=CARTESIAN_POINT('',(-20.8487509902625,-2.05000010211952,62.000000923872));
#3245=CARTESIAN_POINT('',(-41.797501980525,-23.2512510996254,62.000000923872));
#3246=CARTESIAN_POINT('',(-41.797501980525,20.9243744501873,62.000000923872));
#3247=CARTESIAN_POINT('',(-20.8487509902625,-23.2512510996254,62.000000923872));
#3248=CARTESIAN_POINT('',(0.417424305044157,-67.,62.000000923872));
#3249=CARTESIAN_POINT('Origin',(5.,-65.,62.000000923872));
#3250=CARTESIAN_POINT('',(-48.,-67.,62.000000923872));
#3251=CARTESIAN_POINT('',(0.,-67.,62.000000923872));
#3252=CARTESIAN_POINT('',(-50.,-65.,62.000000923872));
#3253=CARTESIAN_POINT('Origin',(-48.,-65.,62.000000923872));
#3254=CARTESIAN_POINT('',(-50.,65.,62.000000923872));
#3255=CARTESIAN_POINT('',(-50.,32.4999997578561,62.000000923872));
#3256=CARTESIAN_POINT('',(-48.,67.,62.000000923872));
#3257=CARTESIAN_POINT('Origin',(-48.,65.,62.000000923872));
#3258=CARTESIAN_POINT('',(0.417424305044157,67.,62.000000923872));
#3259=CARTESIAN_POINT('',(0.,67.,62.000000923872));
#3260=CARTESIAN_POINT('Origin',(5.,65.,62.000000923872));
#3261=CARTESIAN_POINT('',(-8.7,13.2,62.000000923872));
#3262=CARTESIAN_POINT('',(-35.,33.5,62.000000923872));
#3263=CARTESIAN_POINT('',(-5.3,33.5,62.000000923872));
#3264=CARTESIAN_POINT('',(-15.,33.5,62.000000923872));
#3265=CARTESIAN_POINT('',(-5.3,50.,62.000000923872));
#3266=CARTESIAN_POINT('',(-5.3,57.5,62.000000923872));
#3267=CARTESIAN_POINT('',(-35.,50.,62.000000923872));
#3268=CARTESIAN_POINT('',(-15.,50.,62.000000923872));
#3269=CARTESIAN_POINT('',(-35.,49.25,62.000000923872));
#3270=CARTESIAN_POINT('Origin',(-41.797501980525,-23.1512510996254,70.));
#3271=CARTESIAN_POINT('',(-41.797501980525,-2.05000010211952,70.));
#3272=CARTESIAN_POINT('',(-41.797501980525,-23.2512510996254,70.));
#3273=CARTESIAN_POINT('Origin',(9.40375044190441,-2.15000010211952,70.));
#3274=CARTESIAN_POINT('',(9.40375044190441,-23.2512510996254,51.));
#3275=CARTESIAN_POINT('',(9.40375044190441,-2.05000010211952,51.));
#3276=CARTESIAN_POINT('',(9.40375044190441,-7.40031285149598,51.));
#3277=CARTESIAN_POINT('',(9.40375044190441,-23.2512510996254,70.));
#3278=CARTESIAN_POINT('',(9.40375044190441,-2.05000010211952,70.));
#3279=CARTESIAN_POINT('Origin',(9.30375044190441,-2.15000010211952,51.));
#3280=CARTESIAN_POINT('',(9.30375044190441,-2.15000010211952,51.));
#3281=CARTESIAN_POINT('',(2.,-2.15000010211952,51.));
#3282=CARTESIAN_POINT('',(-28.9471888749176,-2.15000010211952,51.));
#3283=CARTESIAN_POINT('',(9.30375044190441,-23.1512510996254,51.));
#3284=CARTESIAN_POINT('',(9.30375044190441,-7.40031285149598,51.));
#3285=CARTESIAN_POINT('',(2.,-23.1512510996254,51.));
#3286=CARTESIAN_POINT('',(-3.44656266370293,-23.1512510996254,51.));
#3287=CARTESIAN_POINT('',(2.,-23.2512510996254,51.));
#3288=CARTESIAN_POINT('',(2.,-23.1512510996254,51.));
#3289=CARTESIAN_POINT('',(9.30375044190441,-23.2512510996254,51.));
#3290=CARTESIAN_POINT('',(2.,-2.05000010211952,51.));
#3291=CARTESIAN_POINT('',(-28.9471888749176,-2.05000010211952,51.));
#3292=CARTESIAN_POINT('',(2.,-2.15000010211952,51.));
#3293=CARTESIAN_POINT('Origin',(2.,-2.15000010211952,47.));
#3294=CARTESIAN_POINT('Origin',(2.,-2.15000010211952,47.));
#3295=CARTESIAN_POINT('Origin',(2.,-2.05000010211952,47.));
#3296=CARTESIAN_POINT('Origin',(-41.697501980525,-2.05000010211952,70.));
#3297=CARTESIAN_POINT('Origin',(2.,-23.1512510996254,47.));
#3298=CARTESIAN_POINT('Origin',(2.,-23.1512510996254,47.));
#3299=CARTESIAN_POINT('Origin',(2.,-23.2512510996254,47.));
#3300=CARTESIAN_POINT('Origin',(9.30375044190441,-23.2512510996254,70.));
#3301=CARTESIAN_POINT('Origin',(0.,67.,65.000000923872));
#3302=CARTESIAN_POINT('',(-48.,70.,65.));
#3303=CARTESIAN_POINT('Origin',(-48.,67.,65.000000923872));
#3304=CARTESIAN_POINT('',(5.,70.,65.000000923872));
#3305=CARTESIAN_POINT('',(0.,70.,65.));
#3306=CARTESIAN_POINT('Ctrl Pts',(0.417424305044157,67.,62.000000923872));
#3307=CARTESIAN_POINT('Ctrl Pts',(0.587709042801038,67.3901713502333,62.000000923872));
#3308=CARTESIAN_POINT('Ctrl Pts',(0.82009656550117,67.7779552278887,62.0796141385955));
#3309=CARTESIAN_POINT('Ctrl Pts',(1.36168575768533,68.457064608324,62.3522025172089));
#3310=CARTESIAN_POINT('Ctrl Pts',(1.67055378949202,68.7491536967854,62.5439361660539));
#3311=CARTESIAN_POINT('Ctrl Pts',(2.41049525691048,69.3129681916579,63.0379430299566));
#3312=CARTESIAN_POINT('Ctrl Pts',(2.91781960192504,69.5790647126153,63.4082841453109));
#3313=CARTESIAN_POINT('Ctrl Pts',(3.96438336359692,69.92247945935,64.1973468614972));
#3314=CARTESIAN_POINT('Ctrl Pts',(4.50384722907402,70.,64.6156826400778));
#3315=CARTESIAN_POINT('Ctrl Pts',(5.,70.,65.000000923872));
#3316=CARTESIAN_POINT('Ctrl Pts',(-48.,67.,62.000000923872));
#3317=CARTESIAN_POINT('Ctrl Pts',(-50.,67.,62.000000923872));
#3318=CARTESIAN_POINT('Ctrl Pts',(-50.,65.,62.000000923872));
#3319=CARTESIAN_POINT('Ctrl Pts',(-48.,69.9999990761281,62.000000923872));
#3320=CARTESIAN_POINT('Ctrl Pts',(-52.9999990761282,69.9999990761281,62.000000923872));
#3321=CARTESIAN_POINT('Ctrl Pts',(-52.9999990761282,65.,62.000000923872));
#3322=CARTESIAN_POINT('Ctrl Pts',(-48.,69.9999999999999,65.));
#3323=CARTESIAN_POINT('Ctrl Pts',(-52.9999999999999,69.9999999999999,65.));
#3324=CARTESIAN_POINT('Ctrl Pts',(-52.9999999999999,65.,65.));
#3325=CARTESIAN_POINT('',(-53.,65.,65.));
#3326=CARTESIAN_POINT('Origin',(-50.,65.,65.000000923872));
#3327=CARTESIAN_POINT('Origin',(-48.,65.,65.));
#3328=CARTESIAN_POINT('Origin',(-50.,32.4999997578561,65.000000923872));
#3329=CARTESIAN_POINT('',(-53.,-65.,65.));
#3330=CARTESIAN_POINT('Origin',(-50.,-65.,65.000000923872));
#3331=CARTESIAN_POINT('',(-53.,34.9999997578561,65.));
#3332=CARTESIAN_POINT('Ctrl Pts',(-50.,-65.,62.000000923872));
#3333=CARTESIAN_POINT('Ctrl Pts',(-50.,-67.,62.000000923872));
#3334=CARTESIAN_POINT('Ctrl Pts',(-48.,-67.,62.000000923872));
#3335=CARTESIAN_POINT('Ctrl Pts',(-52.9999990761285,-65.,62.000000923872));
#3336=CARTESIAN_POINT('Ctrl Pts',(-52.9999990761285,-69.9999990761284,62.000000923872));
#3337=CARTESIAN_POINT('Ctrl Pts',(-48.,-69.9999990761284,62.000000923872));
#3338=CARTESIAN_POINT('Ctrl Pts',(-52.9999999999999,-65.,65.0000000000003));
#3339=CARTESIAN_POINT('Ctrl Pts',(-52.9999999999999,-69.9999999999999,65.0000000000003));
#3340=CARTESIAN_POINT('Ctrl Pts',(-48.,-69.9999999999999,65.0000000000003));
#3341=CARTESIAN_POINT('',(-48.,-70.0000009685755,65.));
#3342=CARTESIAN_POINT('Origin',(-48.,-67.,65.000000923872));
#3343=CARTESIAN_POINT('Origin',(-48.,-65.,65.));
#3344=CARTESIAN_POINT('Origin',(0.,-67.,65.000000923872));
#3345=CARTESIAN_POINT('',(5.,-70.,65.000000923872));
#3346=CARTESIAN_POINT('Ctrl Pts',(5.,-70.,65.000000923872));
#3347=CARTESIAN_POINT('Ctrl Pts',(4.50384722907402,-70.,64.6156826400778));
#3348=CARTESIAN_POINT('Ctrl Pts',(3.96438336359692,-69.92247945935,64.1973468614973));
#3349=CARTESIAN_POINT('Ctrl Pts',(2.91781960192505,-69.5790647126153,63.4082841453109));
#3350=CARTESIAN_POINT('Ctrl Pts',(2.41049525691048,-69.3129681916579,63.0379430299566));
#3351=CARTESIAN_POINT('Ctrl Pts',(1.67055378949202,-68.7491536967854,62.5439361660539));
#3352=CARTESIAN_POINT('Ctrl Pts',(1.36168575768533,-68.457064608324,62.3522025172089));
#3353=CARTESIAN_POINT('Ctrl Pts',(0.82009656550117,-67.7779552278887,62.0796141385955));
#3354=CARTESIAN_POINT('Ctrl Pts',(0.587709042801037,-67.3901713502333,62.000000923872));
#3355=CARTESIAN_POINT('Ctrl Pts',(0.417424305044157,-67.,62.000000923872));
#3356=CARTESIAN_POINT('',(-30.,-70.0000009685755,65.));
#3357=CARTESIAN_POINT('Origin',(0.,70.,-70.));
#3358=CARTESIAN_POINT('',(5.,70.,-65.));
#3359=CARTESIAN_POINT('',(5.,70.,-35.));
#3360=CARTESIAN_POINT('',(42.,70.,65.));
#3361=CARTESIAN_POINT('',(0.,70.,65.));
#3362=CARTESIAN_POINT('',(42.,70.,-65.));
#3363=CARTESIAN_POINT('',(42.,70.,70.));
#3364=CARTESIAN_POINT('',(0.,70.,-65.));
#3365=CARTESIAN_POINT('Origin',(-48.,34.9999997578561,65.));
#3366=CARTESIAN_POINT('Origin',(-48.,-65.,65.));
#3367=CARTESIAN_POINT('Origin',(-48.,65.,65.));
#3368=CARTESIAN_POINT('Origin',(-48.,-65.,65.));
#3369=CARTESIAN_POINT('Origin',(-48.,-65.,65.));
#3370=CARTESIAN_POINT('Origin',(-48.,65.,65.));
#3371=CARTESIAN_POINT('Origin',(-48.,65.,65.));
#3372=CARTESIAN_POINT('Origin',(-3.44656266370293,-21.1512510996254,51.));
#3373=CARTESIAN_POINT('',(7.30375044190441,-21.1512510996254,49.));
#3374=CARTESIAN_POINT('Origin',(7.30375044190441,-21.1512510996254,51.));
#3375=CARTESIAN_POINT('',(2.,-21.1512510996254,49.));
#3376=CARTESIAN_POINT('',(-3.44656266370293,-21.1512510996254,49.));
#3377=CARTESIAN_POINT('Origin',(2.,-21.1512510996254,51.));
#3378=CARTESIAN_POINT('Origin',(2.,-21.1512510996254,47.));
#3379=CARTESIAN_POINT('Origin',(2.,-21.1512510996254,47.));
#3380=CARTESIAN_POINT('Origin',(2.,-6.32531280043622,47.));
#3381=CARTESIAN_POINT('',(2.,-4.15000010211952,49.));
#3382=CARTESIAN_POINT('',(2.,-6.32531280043622,49.));
#3383=CARTESIAN_POINT('Origin',(2.,-4.15000010211952,47.));
#3384=CARTESIAN_POINT('Origin',(-16.1968757693103,-12.6506256008724,49.));
#3385=CARTESIAN_POINT('',(7.30375044190441,-4.15000010211952,49.));
#3386=CARTESIAN_POINT('',(7.30375044190441,-7.40031285149598,49.));
#3387=CARTESIAN_POINT('',(-28.9471888749176,-4.15000010211952,49.));
#3388=CARTESIAN_POINT('Origin',(-28.9471888749176,-4.15000010211952,51.));
#3389=CARTESIAN_POINT('Origin',(7.30375044190441,-4.15000010211952,51.));
#3390=CARTESIAN_POINT('Origin',(2.,-4.15000010211952,51.));
#3391=CARTESIAN_POINT('Origin',(2.,-4.15000010211952,47.));
#3392=CARTESIAN_POINT('Origin',(7.30375044190441,-7.40031285149598,51.));
#3393=CARTESIAN_POINT('Origin',(14.9000001490116,55.1000008940697,-70.));
#3394=CARTESIAN_POINT('',(9.90000014901161,55.1000008940697,-68.));
#3395=CARTESIAN_POINT('',(14.9000001490116,60.1000008940697,-68.));
#3396=CARTESIAN_POINT('Origin',(14.9000001490116,55.1000008940697,-68.));
#3397=CARTESIAN_POINT('',(9.90000014901161,55.1000008940697,-70.));
#3398=CARTESIAN_POINT('',(9.90000014901161,55.1000008940697,-70.));
#3399=CARTESIAN_POINT('',(14.9000001490116,60.1000008940697,-70.));
#3400=CARTESIAN_POINT('Origin',(14.9000001490116,55.1000008940697,-70.));
#3401=CARTESIAN_POINT('',(14.9000001490116,60.1000008940697,-70.));
#3402=CARTESIAN_POINT('Origin',(35.0000005215406,60.1000008940697,-70.));
#3403=CARTESIAN_POINT('',(30.1000005215406,60.1000008940697,-70.));
#3404=CARTESIAN_POINT('',(17.5000002607703,60.1000008940697,-70.));
#3405=CARTESIAN_POINT('',(30.1000005215406,60.1000008940697,-68.));
#3406=CARTESIAN_POINT('',(30.1000005215406,60.1000008940697,-70.));
#3407=CARTESIAN_POINT('',(10.0000001490116,60.1000008940697,-68.));
#3408=CARTESIAN_POINT('Origin',(14.9000001490116,-55.1000008940697,-70.));
#3409=CARTESIAN_POINT('',(14.9000001490116,-60.1000008940697,-68.));
#3410=CARTESIAN_POINT('',(9.90000014901161,-55.1000008940697,-68.));
#3411=CARTESIAN_POINT('Origin',(14.9000001490116,-55.1000008940697,-68.));
#3412=CARTESIAN_POINT('',(14.9000001490116,-60.1000008940697,-70.));
#3413=CARTESIAN_POINT('',(14.9000001490116,-60.1000008940697,-70.));
#3414=CARTESIAN_POINT('',(9.90000014901161,-55.1000008940697,-70.));
#3415=CARTESIAN_POINT('Origin',(14.9000001490116,-55.1000008940697,-70.));
#3416=CARTESIAN_POINT('',(9.90000014901161,-55.1000008940697,-70.));
#3417=CARTESIAN_POINT('Origin',(9.90000014901161,60.0000008940697,-70.));
#3418=CARTESIAN_POINT('',(9.90000014901161,60.0000008940697,-68.));
#3419=CARTESIAN_POINT('',(9.90000014901161,-4.99999955296516,-70.));
#3420=CARTESIAN_POINT('Origin',(30.1000005215406,-55.1000008940697,-70.));
#3421=CARTESIAN_POINT('',(35.1000005215406,-55.1000008940697,-68.));
#3422=CARTESIAN_POINT('',(30.1000005215406,-60.1000008940697,-68.));
#3423=CARTESIAN_POINT('Origin',(30.1000005215406,-55.1000008940697,-68.));
#3424=CARTESIAN_POINT('',(35.1000005215406,-55.1000008940697,-70.));
#3425=CARTESIAN_POINT('',(35.1000005215406,-55.1000008940697,-70.));
#3426=CARTESIAN_POINT('',(30.1000005215406,-60.1000008940697,-70.));
#3427=CARTESIAN_POINT('Origin',(30.1000005215406,-55.1000008940697,-70.));
#3428=CARTESIAN_POINT('',(30.1000005215406,-60.1000008940697,-70.));
#3429=CARTESIAN_POINT('Origin',(10.0000001490116,-60.1000008940697,-70.));
#3430=CARTESIAN_POINT('',(10.0000001490116,-60.1000008940697,-68.));
#3431=CARTESIAN_POINT('',(17.5000002607703,-60.1000008940697,-70.));
#3432=CARTESIAN_POINT('Origin',(30.1000005215406,55.1000008940697,-70.));
#3433=CARTESIAN_POINT('',(35.1000005215406,55.1000008940697,-68.));
#3434=CARTESIAN_POINT('Origin',(30.1000005215406,55.1000008940697,-68.));
#3435=CARTESIAN_POINT('',(35.1000005215406,55.1000008940697,-70.));
#3436=CARTESIAN_POINT('Origin',(30.1000005215406,55.1000008940697,-70.));
#3437=CARTESIAN_POINT('',(35.1000005215406,55.1000008940697,-70.));
#3438=CARTESIAN_POINT('Origin',(35.1000005215406,-60.0000008940697,-70.));
#3439=CARTESIAN_POINT('',(35.1000005215406,-60.0000008940697,-68.));
#3440=CARTESIAN_POINT('',(35.1000005215406,-4.99999955296516,-70.));
#3441=CARTESIAN_POINT('Origin',(22.5000003352761,0.,-68.));
#3442=CARTESIAN_POINT('Origin',(-5.3,50.,70.));
#3443=CARTESIAN_POINT('',(-5.3,33.5,70.));
#3444=CARTESIAN_POINT('',(-5.3,50.,70.));
#3445=CARTESIAN_POINT('Origin',(-30.,50.,70.));
#3446=CARTESIAN_POINT('',(-35.,50.,70.));
#3447=CARTESIAN_POINT('Origin',(-35.,33.5,70.));
#3448=CARTESIAN_POINT('',(-35.,33.5,70.));
#3449=CARTESIAN_POINT('Origin',(-0.299999999999998,33.5,70.));
#3450=CARTESIAN_POINT('Origin',(-17.4,13.2,70.));
#3451=CARTESIAN_POINT('Origin',(5.,-65.,35.));
#3452=CARTESIAN_POINT('',(5.,-70.,-65.));
#3453=CARTESIAN_POINT('Origin',(5.,-65.,-65.));
#3454=CARTESIAN_POINT('',(5.,-70.,35.));
#3455=CARTESIAN_POINT('Origin',(5.,-35.,-65.));
#3456=CARTESIAN_POINT('',(5.,65.,-70.));
#3457=CARTESIAN_POINT('Origin',(5.,65.,-65.));
#3458=CARTESIAN_POINT('',(5.,-65.,-70.));
#3459=CARTESIAN_POINT('',(5.,-35.,-70.));
#3460=CARTESIAN_POINT('Origin',(5.,-65.,-65.));
#3461=CARTESIAN_POINT('Origin',(5.,65.,-35.));
#3462=CARTESIAN_POINT('Origin',(5.,65.,-65.));
#3463=CARTESIAN_POINT('Origin',(5.,65.,-65.));
#3464=CARTESIAN_POINT('Origin',(5.,65.,-65.));
#3465=CARTESIAN_POINT('Origin',(5.,-65.,-65.));
#3466=CARTESIAN_POINT('Origin',(5.,-65.,-65.));
#3467=CARTESIAN_POINT('Origin',(0.,-70.,70.));
#3468=CARTESIAN_POINT('',(42.,-70.,-65.));
#3469=CARTESIAN_POINT('',(0.,-70.,-65.));
#3470=CARTESIAN_POINT('',(42.,-70.,65.));
#3471=CARTESIAN_POINT('',(42.,-70.,-70.));
#3472=CARTESIAN_POINT('',(-30.,-70.0000009685755,65.));
#3473=CARTESIAN_POINT('Origin',(0.,-65.,-65.));
#3474=CARTESIAN_POINT('',(42.,-65.,-70.));
#3475=CARTESIAN_POINT('',(0.,-65.,-70.));
#3476=CARTESIAN_POINT('Origin',(42.,-65.,-65.));
#3477=CARTESIAN_POINT('Origin',(0.,-70.,-70.));
#3478=CARTESIAN_POINT('',(42.,65.,-70.));
#3479=CARTESIAN_POINT('',(0.,65.,-70.));
#3480=CARTESIAN_POINT('',(42.,70.,-70.));
#3481=CARTESIAN_POINT('Origin',(0.,65.,-65.));
#3482=CARTESIAN_POINT('Origin',(42.,65.,-65.));
#3483=CARTESIAN_POINT('Origin',(40.0000006109476,-4.00000005960464,35.0000000000001));
#3484=CARTESIAN_POINT('',(40.0000006109476,-21.0000003129244,35.0000000000001));
#3485=CARTESIAN_POINT('',(40.0000006109476,-21.0000003129244,35.0000000000001));
#3486=CARTESIAN_POINT('',(40.0000006109476,-4.00000005960464,35.0000000000001));
#3487=CARTESIAN_POINT('',(40.0000006109476,15.4999999701977,35.));
#3488=CARTESIAN_POINT('',(40.0000006109476,-4.00000005960464,35.0000000000001));
#3489=CARTESIAN_POINT('Origin',(30.0000004470348,-4.00000005960464,35.0000000000001));
#3490=CARTESIAN_POINT('',(30.0000004470348,-4.00000005960464,35.0000000000001));
#3491=CARTESIAN_POINT('',(15.0000002235174,-4.00000005960464,35.));
#3492=CARTESIAN_POINT('',(30.0000004470348,-4.00000005960464,35.0000000000001));
#3493=CARTESIAN_POINT('Origin',(40.0000006109477,-21.0000003129244,35.0000000000001));
#3494=CARTESIAN_POINT('',(40.0000006109475,-40.5000001564622,60.));
#3495=CARTESIAN_POINT('Origin',(30.0000004470348,-21.0000003129244,35.));
#3496=CARTESIAN_POINT('',(30.0000004470348,-21.0000003129244,35.));
#3497=CARTESIAN_POINT('',(30.0000004470348,6.99999984353781,35.));
#3498=CARTESIAN_POINT('',(30.0000004470348,-21.0000003129244,35.));
#3499=CARTESIAN_POINT('Origin',(41.0000006109476,-21.0000003129244,35.0000000000001));
#3500=CARTESIAN_POINT('',(20.5000003054738,-21.0000003129244,35.));
#3501=CARTESIAN_POINT('Origin',(42.,0.,0.));
#3502=CARTESIAN_POINT('',(42.,35.,-35.));
#3503=CARTESIAN_POINT('',(42.,35.,35.));
#3504=CARTESIAN_POINT('',(42.,35.,-35.));
#3505=CARTESIAN_POINT('',(42.,-35.,35.));
#3506=CARTESIAN_POINT('',(42.,35.,35.));
#3507=CARTESIAN_POINT('',(42.,-35.,-35.));
#3508=CARTESIAN_POINT('',(42.,-35.,35.));
#3509=CARTESIAN_POINT('',(42.,-35.,-35.));
#3510=CARTESIAN_POINT('Origin',(0.,-65.,65.));
#3511=CARTESIAN_POINT('Origin',(42.,-65.,65.));
#3512=CARTESIAN_POINT('Origin',(0.,65.,65.));
#3513=CARTESIAN_POINT('Origin',(42.,65.,65.));
#3514=CARTESIAN_POINT('Origin',(0.,-35.,35.));
#3515=CARTESIAN_POINT('',(20.,-35.,-35.));
#3516=CARTESIAN_POINT('',(20.,-35.,35.));
#3517=CARTESIAN_POINT('',(20.,-35.,17.5));
#3518=CARTESIAN_POINT('',(0.,-35.,-35.));
#3519=CARTESIAN_POINT('',(0.,-35.,35.));
#3520=CARTESIAN_POINT('Origin',(0.,-35.,-35.));
#3521=CARTESIAN_POINT('',(20.,35.,-35.));
#3522=CARTESIAN_POINT('',(20.,-17.5,-35.));
#3523=CARTESIAN_POINT('',(0.,35.,-35.));
#3524=CARTESIAN_POINT('Origin',(0.,35.,35.));
#3525=CARTESIAN_POINT('',(20.,35.,35.));
#3526=CARTESIAN_POINT('',(20.,17.5,35.));
#3527=CARTESIAN_POINT('',(0.,35.,35.));
#3528=CARTESIAN_POINT('Origin',(0.,35.,-35.));
#3529=CARTESIAN_POINT('',(20.,35.,-17.5));
#3530=CARTESIAN_POINT('Origin',(20.,0.,0.));
#3531=CARTESIAN_POINT('',(20.,-60.,-60.));
#3532=CARTESIAN_POINT('',(20.,-60.,60.));
#3533=CARTESIAN_POINT('',(20.,-60.,-30.));
#3534=CARTESIAN_POINT('',(20.,60.,-60.));
#3535=CARTESIAN_POINT('',(20.,30.,-60.));
#3536=CARTESIAN_POINT('',(20.,60.,60.));
#3537=CARTESIAN_POINT('',(20.,60.,30.));
#3538=CARTESIAN_POINT('',(20.,-30.,60.));
#3539=CARTESIAN_POINT('Origin',(0.,60.,60.));
#3540=CARTESIAN_POINT('',(42.,60.,-60.));
#3541=CARTESIAN_POINT('',(0.,60.,-60.));
#3542=CARTESIAN_POINT('',(42.,60.,60.));
#3543=CARTESIAN_POINT('',(42.,60.,-60.));
#3544=CARTESIAN_POINT('',(0.,60.,60.));
#3545=CARTESIAN_POINT('Origin',(0.,60.,-60.));
#3546=CARTESIAN_POINT('',(42.,-60.,-60.));
#3547=CARTESIAN_POINT('',(0.,-60.,-60.));
#3548=CARTESIAN_POINT('',(42.,-60.,-60.));
#3549=CARTESIAN_POINT('Origin',(0.,-60.,60.));
#3550=CARTESIAN_POINT('',(42.,-60.,60.));
#3551=CARTESIAN_POINT('',(42.,60.,60.));
#3552=CARTESIAN_POINT('',(0.,-60.,60.));
#3553=CARTESIAN_POINT('Origin',(0.,-60.,-60.));
#3554=CARTESIAN_POINT('',(42.,-60.,60.));
#3555=CARTESIAN_POINT('Origin',(42.,0.,0.));
#3556=UNCERTAINTY_MEASURE_WITH_UNIT(LENGTH_MEASURE(0.01),#3560,
'DISTANCE_ACCURACY_VALUE',
'Maximum model space distance between geometric entities at asserted c
onnectivities');
#3557=UNCERTAINTY_MEASURE_WITH_UNIT(LENGTH_MEASURE(0.01),#3560,
'DISTANCE_ACCURACY_VALUE',
'Maximum model space distance between geometric entities at asserted c
onnectivities');
#3558=(
GEOMETRIC_REPRESENTATION_CONTEXT(3)
GLOBAL_UNCERTAINTY_ASSIGNED_CONTEXT((#3556))
GLOBAL_UNIT_ASSIGNED_CONTEXT((#3560,#3561,#3562))
REPRESENTATION_CONTEXT('','3D')
);
#3559=(
GEOMETRIC_REPRESENTATION_CONTEXT(3)
GLOBAL_UNCERTAINTY_ASSIGNED_CONTEXT((#3557))
GLOBAL_UNIT_ASSIGNED_CONTEXT((#3560,#3561,#3562))
REPRESENTATION_CONTEXT('','3D')
);
#3560=(
LENGTH_UNIT()
NAMED_UNIT(*)
SI_UNIT(.MILLI.,.METRE.)
);
#3561=(
NAMED_UNIT(*)
PLANE_ANGLE_UNIT()
SI_UNIT($,.RADIAN.)
);
#3562=(
NAMED_UNIT(*)
SI_UNIT($,.STERADIAN.)
SOLID_ANGLE_UNIT()
);
#3563=SHAPE_DEFINITION_REPRESENTATION(#3564,#3565);
#3564=PRODUCT_DEFINITION_SHAPE('',$,#3567);
#3565=SHAPE_REPRESENTATION('',(#2122),#3558);
#3566=PRODUCT_DEFINITION_CONTEXT('part definition',#3571,'design');
#3567=PRODUCT_DEFINITION('2026-07-21-18-37-04-393','Main Housing',#3568,
#3566);
#3568=PRODUCT_DEFINITION_FORMATION('',$,#3573);
#3569=PRODUCT_RELATED_PRODUCT_CATEGORY('Main Housing','Main Housing',(#3573));
#3570=APPLICATION_PROTOCOL_DEFINITION('international standard',
'automotive_design',2009,#3571);
#3571=APPLICATION_CONTEXT(
'Core Data for Automotive Mechanical Design Process');
#3572=PRODUCT_CONTEXT('part definition',#3571,'mechanical');
#3573=PRODUCT('2026-07-21-18-37-04-393','Main Housing',$,(#3572));
#3574=PRESENTATION_STYLE_ASSIGNMENT((#3575));
#3575=SURFACE_STYLE_USAGE(.BOTH.,#3576);
#3576=SURFACE_SIDE_STYLE('',(#3577));
#3577=SURFACE_STYLE_FILL_AREA(#3578);
#3578=FILL_AREA_STYLE('Steel - Satin',(#3579));
#3579=FILL_AREA_STYLE_COLOUR('Steel - Satin',#3580);
#3580=COLOUR_RGB('Steel - Satin',0.627450980392157,0.627450980392157,0.627450980392157);
ENDSEC;
END-ISO-10303-21;
