ISO-10303-21;
HEADER;
/* Generated by software containing ST-Developer
 * from STEP Tools, Inc. (www.steptools.com) 
 */

FILE_DESCRIPTION(
/* description */ (''),
/* implementation_level */ '2;1');

FILE_NAME(
/* name */ 'Inlet Mesh.step',
/* time_stamp */ '2026-07-22T22:26:11-07:00',
/* author */ (''),
/* organization */ (''),
/* preprocessor_version */ 'ST-DEVELOPER v20.1',
/* originating_system */ 'Autodesk Translation Framework v15.8.0.0',
/* authorisation */ '');

FILE_SCHEMA (('AUTOMOTIVE_DESIGN { 1 0 10303 214 3 1 1 }'));
ENDSEC;

DATA;
#10=MECHANICAL_DESIGN_GEOMETRIC_PRESENTATION_REPRESENTATION('',(#13),#5377);
#11=SHAPE_REPRESENTATION_RELATIONSHIP('SRR','None',#5383,#12);
#12=ADVANCED_BREP_SHAPE_REPRESENTATION('',(#14),#5376);
#13=STYLED_ITEM('',(#5392),#14);
#14=MANIFOLD_SOLID_BREP('Inlet Mesh',#3449);
#15=FACE_BOUND('',#548,.T.);
#16=FACE_BOUND('',#549,.T.);
#17=FACE_BOUND('',#550,.T.);
#18=FACE_BOUND('',#551,.T.);
#19=FACE_BOUND('',#552,.T.);
#20=FACE_BOUND('',#553,.T.);
#21=FACE_BOUND('',#554,.T.);
#22=FACE_BOUND('',#555,.T.);
#23=FACE_BOUND('',#556,.T.);
#24=FACE_BOUND('',#557,.T.);
#25=FACE_BOUND('',#558,.T.);
#26=FACE_BOUND('',#559,.T.);
#27=FACE_BOUND('',#560,.T.);
#28=FACE_BOUND('',#561,.T.);
#29=FACE_BOUND('',#562,.T.);
#30=FACE_BOUND('',#563,.T.);
#31=FACE_BOUND('',#564,.T.);
#32=FACE_BOUND('',#565,.T.);
#33=FACE_BOUND('',#566,.T.);
#34=FACE_BOUND('',#567,.T.);
#35=FACE_BOUND('',#568,.T.);
#36=FACE_BOUND('',#569,.T.);
#37=FACE_BOUND('',#570,.T.);
#38=FACE_BOUND('',#571,.T.);
#39=FACE_BOUND('',#572,.T.);
#40=FACE_BOUND('',#573,.T.);
#41=FACE_BOUND('',#574,.T.);
#42=FACE_BOUND('',#575,.T.);
#43=FACE_BOUND('',#576,.T.);
#44=FACE_BOUND('',#578,.T.);
#45=FACE_BOUND('',#579,.T.);
#46=FACE_BOUND('',#580,.T.);
#47=FACE_BOUND('',#581,.T.);
#48=FACE_BOUND('',#582,.T.);
#49=FACE_BOUND('',#583,.T.);
#50=FACE_BOUND('',#584,.T.);
#51=FACE_BOUND('',#585,.T.);
#52=FACE_BOUND('',#586,.T.);
#53=FACE_BOUND('',#587,.T.);
#54=FACE_BOUND('',#588,.T.);
#55=FACE_BOUND('',#589,.T.);
#56=FACE_BOUND('',#590,.T.);
#57=FACE_BOUND('',#591,.T.);
#58=FACE_BOUND('',#592,.T.);
#59=FACE_BOUND('',#593,.T.);
#60=FACE_BOUND('',#594,.T.);
#61=FACE_BOUND('',#595,.T.);
#62=FACE_BOUND('',#596,.T.);
#63=FACE_BOUND('',#597,.T.);
#64=FACE_BOUND('',#598,.T.);
#65=FACE_BOUND('',#599,.T.);
#66=FACE_BOUND('',#600,.T.);
#67=FACE_BOUND('',#601,.T.);
#68=FACE_BOUND('',#602,.T.);
#69=FACE_BOUND('',#603,.T.);
#70=FACE_BOUND('',#604,.T.);
#71=FACE_BOUND('',#605,.T.);
#72=FACE_BOUND('',#606,.T.);
#73=PLANE('',#3463);
#74=PLANE('',#3464);
#75=PLANE('',#3465);
#76=PLANE('',#3466);
#77=PLANE('',#3467);
#78=PLANE('',#3468);
#79=PLANE('',#3469);
#80=PLANE('',#3470);
#81=PLANE('',#3471);
#82=PLANE('',#3472);
#83=PLANE('',#3473);
#84=PLANE('',#3474);
#85=PLANE('',#3475);
#86=PLANE('',#3476);
#87=PLANE('',#3477);
#88=PLANE('',#3478);
#89=PLANE('',#3479);
#90=PLANE('',#3480);
#91=PLANE('',#3481);
#92=PLANE('',#3482);
#93=PLANE('',#3483);
#94=PLANE('',#3484);
#95=PLANE('',#3485);
#96=PLANE('',#3486);
#97=PLANE('',#3487);
#98=PLANE('',#3488);
#99=PLANE('',#3489);
#100=PLANE('',#3490);
#101=PLANE('',#3491);
#102=PLANE('',#3492);
#103=PLANE('',#3493);
#104=PLANE('',#3494);
#105=PLANE('',#3495);
#106=PLANE('',#3496);
#107=PLANE('',#3497);
#108=PLANE('',#3498);
#109=PLANE('',#3499);
#110=PLANE('',#3500);
#111=PLANE('',#3501);
#112=PLANE('',#3502);
#113=PLANE('',#3503);
#114=PLANE('',#3504);
#115=PLANE('',#3505);
#116=PLANE('',#3506);
#117=PLANE('',#3507);
#118=PLANE('',#3508);
#119=PLANE('',#3509);
#120=PLANE('',#3510);
#121=PLANE('',#3511);
#122=PLANE('',#3512);
#123=PLANE('',#3513);
#124=PLANE('',#3514);
#125=PLANE('',#3515);
#126=PLANE('',#3516);
#127=PLANE('',#3517);
#128=PLANE('',#3518);
#129=PLANE('',#3519);
#130=PLANE('',#3520);
#131=PLANE('',#3521);
#132=PLANE('',#3522);
#133=PLANE('',#3523);
#134=PLANE('',#3524);
#135=PLANE('',#3525);
#136=PLANE('',#3526);
#137=PLANE('',#3527);
#138=PLANE('',#3528);
#139=PLANE('',#3529);
#140=PLANE('',#3530);
#141=PLANE('',#3531);
#142=PLANE('',#3532);
#143=PLANE('',#3533);
#144=PLANE('',#3534);
#145=PLANE('',#3535);
#146=PLANE('',#3536);
#147=PLANE('',#3537);
#148=PLANE('',#3538);
#149=PLANE('',#3539);
#150=PLANE('',#3540);
#151=PLANE('',#3541);
#152=PLANE('',#3542);
#153=PLANE('',#3543);
#154=PLANE('',#3544);
#155=PLANE('',#3545);
#156=PLANE('',#3546);
#157=PLANE('',#3547);
#158=PLANE('',#3548);
#159=PLANE('',#3549);
#160=PLANE('',#3550);
#161=PLANE('',#3551);
#162=PLANE('',#3552);
#163=PLANE('',#3553);
#164=PLANE('',#3554);
#165=PLANE('',#3555);
#166=PLANE('',#3556);
#167=PLANE('',#3557);
#168=PLANE('',#3558);
#169=PLANE('',#3559);
#170=PLANE('',#3560);
#171=PLANE('',#3561);
#172=PLANE('',#3562);
#173=PLANE('',#3563);
#174=PLANE('',#3564);
#175=PLANE('',#3565);
#176=PLANE('',#3566);
#177=PLANE('',#3567);
#178=PLANE('',#3568);
#179=PLANE('',#3569);
#180=PLANE('',#3570);
#181=PLANE('',#3571);
#182=PLANE('',#3572);
#183=PLANE('',#3573);
#184=PLANE('',#3574);
#185=PLANE('',#3575);
#186=PLANE('',#3576);
#187=PLANE('',#3577);
#188=PLANE('',#3578);
#189=PLANE('',#3579);
#190=PLANE('',#3580);
#191=PLANE('',#3581);
#192=PLANE('',#3582);
#193=PLANE('',#3583);
#194=PLANE('',#3584);
#195=PLANE('',#3585);
#196=PLANE('',#3586);
#197=PLANE('',#3587);
#198=PLANE('',#3588);
#199=PLANE('',#3589);
#200=PLANE('',#3590);
#201=PLANE('',#3591);
#202=PLANE('',#3592);
#203=PLANE('',#3593);
#204=PLANE('',#3594);
#205=PLANE('',#3595);
#206=PLANE('',#3596);
#207=PLANE('',#3597);
#208=PLANE('',#3598);
#209=PLANE('',#3599);
#210=PLANE('',#3600);
#211=PLANE('',#3601);
#212=PLANE('',#3602);
#213=PLANE('',#3603);
#214=PLANE('',#3604);
#215=PLANE('',#3605);
#216=PLANE('',#3606);
#217=PLANE('',#3607);
#218=PLANE('',#3608);
#219=PLANE('',#3609);
#220=PLANE('',#3610);
#221=PLANE('',#3611);
#222=PLANE('',#3612);
#223=PLANE('',#3613);
#224=PLANE('',#3614);
#225=PLANE('',#3615);
#226=PLANE('',#3616);
#227=PLANE('',#3617);
#228=PLANE('',#3618);
#229=FACE_OUTER_BOUND('',#389,.T.);
#230=FACE_OUTER_BOUND('',#390,.T.);
#231=FACE_OUTER_BOUND('',#391,.T.);
#232=FACE_OUTER_BOUND('',#392,.T.);
#233=FACE_OUTER_BOUND('',#393,.T.);
#234=FACE_OUTER_BOUND('',#394,.T.);
#235=FACE_OUTER_BOUND('',#395,.T.);
#236=FACE_OUTER_BOUND('',#396,.T.);
#237=FACE_OUTER_BOUND('',#397,.T.);
#238=FACE_OUTER_BOUND('',#398,.T.);
#239=FACE_OUTER_BOUND('',#399,.T.);
#240=FACE_OUTER_BOUND('',#400,.T.);
#241=FACE_OUTER_BOUND('',#401,.T.);
#242=FACE_OUTER_BOUND('',#402,.T.);
#243=FACE_OUTER_BOUND('',#403,.T.);
#244=FACE_OUTER_BOUND('',#404,.T.);
#245=FACE_OUTER_BOUND('',#405,.T.);
#246=FACE_OUTER_BOUND('',#406,.T.);
#247=FACE_OUTER_BOUND('',#407,.T.);
#248=FACE_OUTER_BOUND('',#408,.T.);
#249=FACE_OUTER_BOUND('',#409,.T.);
#250=FACE_OUTER_BOUND('',#410,.T.);
#251=FACE_OUTER_BOUND('',#411,.T.);
#252=FACE_OUTER_BOUND('',#412,.T.);
#253=FACE_OUTER_BOUND('',#413,.T.);
#254=FACE_OUTER_BOUND('',#414,.T.);
#255=FACE_OUTER_BOUND('',#415,.T.);
#256=FACE_OUTER_BOUND('',#416,.T.);
#257=FACE_OUTER_BOUND('',#417,.T.);
#258=FACE_OUTER_BOUND('',#418,.T.);
#259=FACE_OUTER_BOUND('',#419,.T.);
#260=FACE_OUTER_BOUND('',#420,.T.);
#261=FACE_OUTER_BOUND('',#421,.T.);
#262=FACE_OUTER_BOUND('',#422,.T.);
#263=FACE_OUTER_BOUND('',#423,.T.);
#264=FACE_OUTER_BOUND('',#424,.T.);
#265=FACE_OUTER_BOUND('',#425,.T.);
#266=FACE_OUTER_BOUND('',#426,.T.);
#267=FACE_OUTER_BOUND('',#427,.T.);
#268=FACE_OUTER_BOUND('',#428,.T.);
#269=FACE_OUTER_BOUND('',#429,.T.);
#270=FACE_OUTER_BOUND('',#430,.T.);
#271=FACE_OUTER_BOUND('',#431,.T.);
#272=FACE_OUTER_BOUND('',#432,.T.);
#273=FACE_OUTER_BOUND('',#433,.T.);
#274=FACE_OUTER_BOUND('',#434,.T.);
#275=FACE_OUTER_BOUND('',#435,.T.);
#276=FACE_OUTER_BOUND('',#436,.T.);
#277=FACE_OUTER_BOUND('',#437,.T.);
#278=FACE_OUTER_BOUND('',#438,.T.);
#279=FACE_OUTER_BOUND('',#439,.T.);
#280=FACE_OUTER_BOUND('',#440,.T.);
#281=FACE_OUTER_BOUND('',#441,.T.);
#282=FACE_OUTER_BOUND('',#442,.T.);
#283=FACE_OUTER_BOUND('',#443,.T.);
#284=FACE_OUTER_BOUND('',#444,.T.);
#285=FACE_OUTER_BOUND('',#445,.T.);
#286=FACE_OUTER_BOUND('',#446,.T.);
#287=FACE_OUTER_BOUND('',#447,.T.);
#288=FACE_OUTER_BOUND('',#448,.T.);
#289=FACE_OUTER_BOUND('',#449,.T.);
#290=FACE_OUTER_BOUND('',#450,.T.);
#291=FACE_OUTER_BOUND('',#451,.T.);
#292=FACE_OUTER_BOUND('',#452,.T.);
#293=FACE_OUTER_BOUND('',#453,.T.);
#294=FACE_OUTER_BOUND('',#454,.T.);
#295=FACE_OUTER_BOUND('',#455,.T.);
#296=FACE_OUTER_BOUND('',#456,.T.);
#297=FACE_OUTER_BOUND('',#457,.T.);
#298=FACE_OUTER_BOUND('',#458,.T.);
#299=FACE_OUTER_BOUND('',#459,.T.);
#300=FACE_OUTER_BOUND('',#460,.T.);
#301=FACE_OUTER_BOUND('',#461,.T.);
#302=FACE_OUTER_BOUND('',#462,.T.);
#303=FACE_OUTER_BOUND('',#463,.T.);
#304=FACE_OUTER_BOUND('',#464,.T.);
#305=FACE_OUTER_BOUND('',#465,.T.);
#306=FACE_OUTER_BOUND('',#466,.T.);
#307=FACE_OUTER_BOUND('',#467,.T.);
#308=FACE_OUTER_BOUND('',#468,.T.);
#309=FACE_OUTER_BOUND('',#469,.T.);
#310=FACE_OUTER_BOUND('',#470,.T.);
#311=FACE_OUTER_BOUND('',#471,.T.);
#312=FACE_OUTER_BOUND('',#472,.T.);
#313=FACE_OUTER_BOUND('',#473,.T.);
#314=FACE_OUTER_BOUND('',#474,.T.);
#315=FACE_OUTER_BOUND('',#475,.T.);
#316=FACE_OUTER_BOUND('',#476,.T.);
#317=FACE_OUTER_BOUND('',#477,.T.);
#318=FACE_OUTER_BOUND('',#478,.T.);
#319=FACE_OUTER_BOUND('',#479,.T.);
#320=FACE_OUTER_BOUND('',#480,.T.);
#321=FACE_OUTER_BOUND('',#481,.T.);
#322=FACE_OUTER_BOUND('',#482,.T.);
#323=FACE_OUTER_BOUND('',#483,.T.);
#324=FACE_OUTER_BOUND('',#484,.T.);
#325=FACE_OUTER_BOUND('',#485,.T.);
#326=FACE_OUTER_BOUND('',#486,.T.);
#327=FACE_OUTER_BOUND('',#487,.T.);
#328=FACE_OUTER_BOUND('',#488,.T.);
#329=FACE_OUTER_BOUND('',#489,.T.);
#330=FACE_OUTER_BOUND('',#490,.T.);
#331=FACE_OUTER_BOUND('',#491,.T.);
#332=FACE_OUTER_BOUND('',#492,.T.);
#333=FACE_OUTER_BOUND('',#493,.T.);
#334=FACE_OUTER_BOUND('',#494,.T.);
#335=FACE_OUTER_BOUND('',#495,.T.);
#336=FACE_OUTER_BOUND('',#496,.T.);
#337=FACE_OUTER_BOUND('',#497,.T.);
#338=FACE_OUTER_BOUND('',#498,.T.);
#339=FACE_OUTER_BOUND('',#499,.T.);
#340=FACE_OUTER_BOUND('',#500,.T.);
#341=FACE_OUTER_BOUND('',#501,.T.);
#342=FACE_OUTER_BOUND('',#502,.T.);
#343=FACE_OUTER_BOUND('',#503,.T.);
#344=FACE_OUTER_BOUND('',#504,.T.);
#345=FACE_OUTER_BOUND('',#505,.T.);
#346=FACE_OUTER_BOUND('',#506,.T.);
#347=FACE_OUTER_BOUND('',#507,.T.);
#348=FACE_OUTER_BOUND('',#508,.T.);
#349=FACE_OUTER_BOUND('',#509,.T.);
#350=FACE_OUTER_BOUND('',#510,.T.);
#351=FACE_OUTER_BOUND('',#511,.T.);
#352=FACE_OUTER_BOUND('',#512,.T.);
#353=FACE_OUTER_BOUND('',#513,.T.);
#354=FACE_OUTER_BOUND('',#514,.T.);
#355=FACE_OUTER_BOUND('',#515,.T.);
#356=FACE_OUTER_BOUND('',#516,.T.);
#357=FACE_OUTER_BOUND('',#517,.T.);
#358=FACE_OUTER_BOUND('',#518,.T.);
#359=FACE_OUTER_BOUND('',#519,.T.);
#360=FACE_OUTER_BOUND('',#520,.T.);
#361=FACE_OUTER_BOUND('',#521,.T.);
#362=FACE_OUTER_BOUND('',#522,.T.);
#363=FACE_OUTER_BOUND('',#523,.T.);
#364=FACE_OUTER_BOUND('',#524,.T.);
#365=FACE_OUTER_BOUND('',#525,.T.);
#366=FACE_OUTER_BOUND('',#526,.T.);
#367=FACE_OUTER_BOUND('',#527,.T.);
#368=FACE_OUTER_BOUND('',#528,.T.);
#369=FACE_OUTER_BOUND('',#529,.T.);
#370=FACE_OUTER_BOUND('',#530,.T.);
#371=FACE_OUTER_BOUND('',#531,.T.);
#372=FACE_OUTER_BOUND('',#532,.T.);
#373=FACE_OUTER_BOUND('',#533,.T.);
#374=FACE_OUTER_BOUND('',#534,.T.);
#375=FACE_OUTER_BOUND('',#535,.T.);
#376=FACE_OUTER_BOUND('',#536,.T.);
#377=FACE_OUTER_BOUND('',#537,.T.);
#378=FACE_OUTER_BOUND('',#538,.T.);
#379=FACE_OUTER_BOUND('',#539,.T.);
#380=FACE_OUTER_BOUND('',#540,.T.);
#381=FACE_OUTER_BOUND('',#541,.T.);
#382=FACE_OUTER_BOUND('',#542,.T.);
#383=FACE_OUTER_BOUND('',#543,.T.);
#384=FACE_OUTER_BOUND('',#544,.T.);
#385=FACE_OUTER_BOUND('',#545,.T.);
#386=FACE_OUTER_BOUND('',#546,.T.);
#387=FACE_OUTER_BOUND('',#547,.T.);
#388=FACE_OUTER_BOUND('',#577,.T.);
#389=EDGE_LOOP('',(#2337,#2338,#2339,#2340));
#390=EDGE_LOOP('',(#2341,#2342,#2343,#2344));
#391=EDGE_LOOP('',(#2345,#2346,#2347,#2348));
#392=EDGE_LOOP('',(#2349,#2350,#2351,#2352));
#393=EDGE_LOOP('',(#2353,#2354,#2355,#2356));
#394=EDGE_LOOP('',(#2357,#2358,#2359,#2360));
#395=EDGE_LOOP('',(#2361,#2362,#2363,#2364));
#396=EDGE_LOOP('',(#2365,#2366,#2367,#2368));
#397=EDGE_LOOP('',(#2369,#2370,#2371,#2372));
#398=EDGE_LOOP('',(#2373,#2374,#2375,#2376));
#399=EDGE_LOOP('',(#2377,#2378,#2379,#2380));
#400=EDGE_LOOP('',(#2381,#2382,#2383,#2384));
#401=EDGE_LOOP('',(#2385,#2386,#2387,#2388));
#402=EDGE_LOOP('',(#2389,#2390,#2391,#2392));
#403=EDGE_LOOP('',(#2393,#2394,#2395,#2396));
#404=EDGE_LOOP('',(#2397,#2398,#2399,#2400));
#405=EDGE_LOOP('',(#2401,#2402,#2403,#2404));
#406=EDGE_LOOP('',(#2405,#2406,#2407,#2408));
#407=EDGE_LOOP('',(#2409,#2410,#2411,#2412));
#408=EDGE_LOOP('',(#2413,#2414,#2415,#2416));
#409=EDGE_LOOP('',(#2417,#2418,#2419,#2420));
#410=EDGE_LOOP('',(#2421,#2422,#2423,#2424));
#411=EDGE_LOOP('',(#2425,#2426,#2427,#2428));
#412=EDGE_LOOP('',(#2429,#2430,#2431,#2432));
#413=EDGE_LOOP('',(#2433,#2434,#2435,#2436));
#414=EDGE_LOOP('',(#2437,#2438,#2439,#2440));
#415=EDGE_LOOP('',(#2441,#2442,#2443,#2444));
#416=EDGE_LOOP('',(#2445,#2446,#2447,#2448));
#417=EDGE_LOOP('',(#2449,#2450,#2451,#2452));
#418=EDGE_LOOP('',(#2453,#2454,#2455,#2456));
#419=EDGE_LOOP('',(#2457,#2458,#2459,#2460));
#420=EDGE_LOOP('',(#2461,#2462,#2463,#2464));
#421=EDGE_LOOP('',(#2465,#2466,#2467,#2468));
#422=EDGE_LOOP('',(#2469,#2470,#2471,#2472));
#423=EDGE_LOOP('',(#2473,#2474,#2475,#2476));
#424=EDGE_LOOP('',(#2477,#2478,#2479,#2480));
#425=EDGE_LOOP('',(#2481,#2482,#2483,#2484));
#426=EDGE_LOOP('',(#2485,#2486,#2487,#2488));
#427=EDGE_LOOP('',(#2489,#2490,#2491,#2492));
#428=EDGE_LOOP('',(#2493,#2494,#2495,#2496));
#429=EDGE_LOOP('',(#2497,#2498,#2499,#2500));
#430=EDGE_LOOP('',(#2501,#2502,#2503,#2504));
#431=EDGE_LOOP('',(#2505,#2506,#2507,#2508));
#432=EDGE_LOOP('',(#2509,#2510,#2511,#2512));
#433=EDGE_LOOP('',(#2513,#2514,#2515,#2516));
#434=EDGE_LOOP('',(#2517,#2518,#2519,#2520));
#435=EDGE_LOOP('',(#2521,#2522,#2523,#2524));
#436=EDGE_LOOP('',(#2525,#2526,#2527,#2528));
#437=EDGE_LOOP('',(#2529,#2530,#2531,#2532));
#438=EDGE_LOOP('',(#2533,#2534,#2535,#2536));
#439=EDGE_LOOP('',(#2537,#2538,#2539,#2540));
#440=EDGE_LOOP('',(#2541,#2542,#2543,#2544));
#441=EDGE_LOOP('',(#2545,#2546,#2547,#2548));
#442=EDGE_LOOP('',(#2549,#2550,#2551,#2552));
#443=EDGE_LOOP('',(#2553,#2554,#2555,#2556));
#444=EDGE_LOOP('',(#2557,#2558,#2559,#2560));
#445=EDGE_LOOP('',(#2561,#2562,#2563,#2564));
#446=EDGE_LOOP('',(#2565,#2566,#2567,#2568));
#447=EDGE_LOOP('',(#2569,#2570,#2571,#2572));
#448=EDGE_LOOP('',(#2573,#2574,#2575,#2576));
#449=EDGE_LOOP('',(#2577,#2578,#2579,#2580));
#450=EDGE_LOOP('',(#2581,#2582,#2583,#2584));
#451=EDGE_LOOP('',(#2585,#2586,#2587,#2588));
#452=EDGE_LOOP('',(#2589,#2590,#2591,#2592));
#453=EDGE_LOOP('',(#2593,#2594,#2595,#2596));
#454=EDGE_LOOP('',(#2597,#2598,#2599,#2600));
#455=EDGE_LOOP('',(#2601,#2602,#2603,#2604));
#456=EDGE_LOOP('',(#2605,#2606,#2607,#2608));
#457=EDGE_LOOP('',(#2609,#2610,#2611,#2612));
#458=EDGE_LOOP('',(#2613,#2614,#2615,#2616));
#459=EDGE_LOOP('',(#2617,#2618,#2619,#2620));
#460=EDGE_LOOP('',(#2621,#2622,#2623,#2624));
#461=EDGE_LOOP('',(#2625,#2626,#2627,#2628));
#462=EDGE_LOOP('',(#2629,#2630,#2631,#2632));
#463=EDGE_LOOP('',(#2633,#2634,#2635,#2636));
#464=EDGE_LOOP('',(#2637,#2638,#2639,#2640));
#465=EDGE_LOOP('',(#2641,#2642,#2643,#2644));
#466=EDGE_LOOP('',(#2645,#2646,#2647,#2648));
#467=EDGE_LOOP('',(#2649,#2650,#2651,#2652));
#468=EDGE_LOOP('',(#2653,#2654,#2655,#2656));
#469=EDGE_LOOP('',(#2657,#2658,#2659,#2660));
#470=EDGE_LOOP('',(#2661,#2662,#2663,#2664));
#471=EDGE_LOOP('',(#2665,#2666,#2667,#2668));
#472=EDGE_LOOP('',(#2669,#2670,#2671,#2672));
#473=EDGE_LOOP('',(#2673,#2674,#2675,#2676));
#474=EDGE_LOOP('',(#2677,#2678,#2679,#2680));
#475=EDGE_LOOP('',(#2681,#2682,#2683,#2684));
#476=EDGE_LOOP('',(#2685,#2686,#2687,#2688));
#477=EDGE_LOOP('',(#2689,#2690,#2691,#2692));
#478=EDGE_LOOP('',(#2693,#2694,#2695,#2696));
#479=EDGE_LOOP('',(#2697,#2698,#2699,#2700));
#480=EDGE_LOOP('',(#2701,#2702,#2703,#2704));
#481=EDGE_LOOP('',(#2705,#2706,#2707,#2708));
#482=EDGE_LOOP('',(#2709,#2710,#2711,#2712));
#483=EDGE_LOOP('',(#2713,#2714,#2715,#2716));
#484=EDGE_LOOP('',(#2717,#2718,#2719,#2720));
#485=EDGE_LOOP('',(#2721,#2722,#2723,#2724));
#486=EDGE_LOOP('',(#2725,#2726,#2727,#2728));
#487=EDGE_LOOP('',(#2729,#2730,#2731,#2732));
#488=EDGE_LOOP('',(#2733,#2734,#2735,#2736));
#489=EDGE_LOOP('',(#2737,#2738,#2739,#2740));
#490=EDGE_LOOP('',(#2741,#2742,#2743,#2744));
#491=EDGE_LOOP('',(#2745,#2746,#2747,#2748));
#492=EDGE_LOOP('',(#2749,#2750,#2751,#2752));
#493=EDGE_LOOP('',(#2753,#2754,#2755,#2756));
#494=EDGE_LOOP('',(#2757,#2758,#2759,#2760));
#495=EDGE_LOOP('',(#2761,#2762,#2763,#2764));
#496=EDGE_LOOP('',(#2765,#2766,#2767,#2768));
#497=EDGE_LOOP('',(#2769,#2770,#2771,#2772));
#498=EDGE_LOOP('',(#2773,#2774,#2775,#2776));
#499=EDGE_LOOP('',(#2777,#2778,#2779,#2780));
#500=EDGE_LOOP('',(#2781,#2782,#2783,#2784));
#501=EDGE_LOOP('',(#2785,#2786,#2787,#2788));
#502=EDGE_LOOP('',(#2789,#2790,#2791,#2792));
#503=EDGE_LOOP('',(#2793,#2794,#2795,#2796));
#504=EDGE_LOOP('',(#2797,#2798,#2799,#2800));
#505=EDGE_LOOP('',(#2801,#2802,#2803,#2804));
#506=EDGE_LOOP('',(#2805,#2806,#2807,#2808));
#507=EDGE_LOOP('',(#2809,#2810,#2811,#2812));
#508=EDGE_LOOP('',(#2813,#2814,#2815,#2816));
#509=EDGE_LOOP('',(#2817,#2818,#2819,#2820));
#510=EDGE_LOOP('',(#2821,#2822,#2823,#2824));
#511=EDGE_LOOP('',(#2825,#2826,#2827,#2828));
#512=EDGE_LOOP('',(#2829,#2830,#2831,#2832));
#513=EDGE_LOOP('',(#2833,#2834,#2835,#2836));
#514=EDGE_LOOP('',(#2837,#2838,#2839,#2840));
#515=EDGE_LOOP('',(#2841,#2842,#2843,#2844));
#516=EDGE_LOOP('',(#2845,#2846,#2847,#2848));
#517=EDGE_LOOP('',(#2849,#2850,#2851,#2852));
#518=EDGE_LOOP('',(#2853,#2854,#2855,#2856));
#519=EDGE_LOOP('',(#2857,#2858,#2859,#2860));
#520=EDGE_LOOP('',(#2861,#2862,#2863,#2864));
#521=EDGE_LOOP('',(#2865,#2866,#2867,#2868));
#522=EDGE_LOOP('',(#2869,#2870,#2871,#2872));
#523=EDGE_LOOP('',(#2873,#2874,#2875,#2876));
#524=EDGE_LOOP('',(#2877,#2878,#2879,#2880));
#525=EDGE_LOOP('',(#2881,#2882,#2883,#2884));
#526=EDGE_LOOP('',(#2885,#2886,#2887,#2888));
#527=EDGE_LOOP('',(#2889,#2890,#2891,#2892));
#528=EDGE_LOOP('',(#2893,#2894,#2895,#2896));
#529=EDGE_LOOP('',(#2897,#2898,#2899,#2900));
#530=EDGE_LOOP('',(#2901,#2902,#2903,#2904));
#531=EDGE_LOOP('',(#2905,#2906,#2907,#2908));
#532=EDGE_LOOP('',(#2909,#2910,#2911,#2912));
#533=EDGE_LOOP('',(#2913,#2914,#2915,#2916));
#534=EDGE_LOOP('',(#2917,#2918,#2919,#2920));
#535=EDGE_LOOP('',(#2921,#2922,#2923,#2924));
#536=EDGE_LOOP('',(#2925,#2926,#2927,#2928));
#537=EDGE_LOOP('',(#2929,#2930,#2931,#2932));
#538=EDGE_LOOP('',(#2933,#2934,#2935,#2936));
#539=EDGE_LOOP('',(#2937,#2938,#2939,#2940));
#540=EDGE_LOOP('',(#2941,#2942,#2943,#2944));
#541=EDGE_LOOP('',(#2945,#2946,#2947,#2948));
#542=EDGE_LOOP('',(#2949,#2950,#2951,#2952));
#543=EDGE_LOOP('',(#2953,#2954,#2955,#2956));
#544=EDGE_LOOP('',(#2957,#2958,#2959,#2960));
#545=EDGE_LOOP('',(#2961,#2962,#2963,#2964));
#546=EDGE_LOOP('',(#2965,#2966,#2967,#2968));
#547=EDGE_LOOP('',(#2969,#2970,#2971,#2972));
#548=EDGE_LOOP('',(#2973,#2974,#2975,#2976,#2977,#2978));
#549=EDGE_LOOP('',(#2979,#2980,#2981,#2982,#2983,#2984));
#550=EDGE_LOOP('',(#2985,#2986,#2987,#2988,#2989,#2990));
#551=EDGE_LOOP('',(#2991,#2992,#2993,#2994,#2995,#2996));
#552=EDGE_LOOP('',(#2997,#2998,#2999,#3000,#3001,#3002));
#553=EDGE_LOOP('',(#3003,#3004,#3005,#3006,#3007,#3008));
#554=EDGE_LOOP('',(#3009,#3010,#3011,#3012,#3013,#3014));
#555=EDGE_LOOP('',(#3015,#3016,#3017,#3018,#3019,#3020));
#556=EDGE_LOOP('',(#3021,#3022,#3023,#3024,#3025,#3026));
#557=EDGE_LOOP('',(#3027,#3028,#3029,#3030,#3031,#3032));
#558=EDGE_LOOP('',(#3033,#3034,#3035,#3036,#3037,#3038));
#559=EDGE_LOOP('',(#3039,#3040,#3041,#3042,#3043,#3044));
#560=EDGE_LOOP('',(#3045,#3046,#3047,#3048,#3049,#3050));
#561=EDGE_LOOP('',(#3051,#3052,#3053,#3054,#3055,#3056));
#562=EDGE_LOOP('',(#3057,#3058,#3059,#3060,#3061,#3062));
#563=EDGE_LOOP('',(#3063,#3064,#3065,#3066,#3067,#3068));
#564=EDGE_LOOP('',(#3069,#3070,#3071,#3072,#3073,#3074));
#565=EDGE_LOOP('',(#3075,#3076,#3077,#3078,#3079,#3080));
#566=EDGE_LOOP('',(#3081,#3082,#3083,#3084,#3085,#3086));
#567=EDGE_LOOP('',(#3087,#3088,#3089,#3090,#3091,#3092));
#568=EDGE_LOOP('',(#3093,#3094,#3095,#3096,#3097,#3098));
#569=EDGE_LOOP('',(#3099,#3100,#3101,#3102,#3103,#3104));
#570=EDGE_LOOP('',(#3105,#3106,#3107,#3108,#3109,#3110));
#571=EDGE_LOOP('',(#3111,#3112,#3113,#3114,#3115,#3116));
#572=EDGE_LOOP('',(#3117,#3118,#3119,#3120,#3121,#3122));
#573=EDGE_LOOP('',(#3123));
#574=EDGE_LOOP('',(#3124));
#575=EDGE_LOOP('',(#3125));
#576=EDGE_LOOP('',(#3126));
#577=EDGE_LOOP('',(#3127,#3128,#3129,#3130));
#578=EDGE_LOOP('',(#3131,#3132,#3133,#3134,#3135,#3136));
#579=EDGE_LOOP('',(#3137,#3138,#3139,#3140,#3141,#3142));
#580=EDGE_LOOP('',(#3143,#3144,#3145,#3146,#3147,#3148));
#581=EDGE_LOOP('',(#3149,#3150,#3151,#3152,#3153,#3154));
#582=EDGE_LOOP('',(#3155,#3156,#3157,#3158,#3159,#3160));
#583=EDGE_LOOP('',(#3161,#3162,#3163,#3164,#3165,#3166));
#584=EDGE_LOOP('',(#3167,#3168,#3169,#3170,#3171,#3172));
#585=EDGE_LOOP('',(#3173,#3174,#3175,#3176,#3177,#3178));
#586=EDGE_LOOP('',(#3179,#3180,#3181,#3182,#3183,#3184));
#587=EDGE_LOOP('',(#3185,#3186,#3187,#3188,#3189,#3190));
#588=EDGE_LOOP('',(#3191,#3192,#3193,#3194,#3195,#3196));
#589=EDGE_LOOP('',(#3197,#3198,#3199,#3200,#3201,#3202));
#590=EDGE_LOOP('',(#3203,#3204,#3205,#3206,#3207,#3208));
#591=EDGE_LOOP('',(#3209,#3210,#3211,#3212,#3213,#3214));
#592=EDGE_LOOP('',(#3215,#3216,#3217,#3218,#3219,#3220));
#593=EDGE_LOOP('',(#3221,#3222,#3223,#3224,#3225,#3226));
#594=EDGE_LOOP('',(#3227,#3228,#3229,#3230,#3231,#3232));
#595=EDGE_LOOP('',(#3233,#3234,#3235,#3236,#3237,#3238));
#596=EDGE_LOOP('',(#3239,#3240,#3241,#3242,#3243,#3244));
#597=EDGE_LOOP('',(#3245,#3246,#3247,#3248,#3249,#3250));
#598=EDGE_LOOP('',(#3251,#3252,#3253,#3254,#3255,#3256));
#599=EDGE_LOOP('',(#3257,#3258,#3259,#3260,#3261,#3262));
#600=EDGE_LOOP('',(#3263,#3264,#3265,#3266,#3267,#3268));
#601=EDGE_LOOP('',(#3269,#3270,#3271,#3272,#3273,#3274));
#602=EDGE_LOOP('',(#3275,#3276,#3277,#3278,#3279,#3280));
#603=EDGE_LOOP('',(#3281));
#604=EDGE_LOOP('',(#3282));
#605=EDGE_LOOP('',(#3283));
#606=EDGE_LOOP('',(#3284));
#607=LINE('',#4428,#1073);
#608=LINE('',#4434,#1074);
#609=LINE('',#4440,#1075);
#610=LINE('',#4446,#1076);
#611=LINE('',#4451,#1077);
#612=LINE('',#4453,#1078);
#613=LINE('',#4455,#1079);
#614=LINE('',#4456,#1080);
#615=LINE('',#4459,#1081);
#616=LINE('',#4461,#1082);
#617=LINE('',#4462,#1083);
#618=LINE('',#4465,#1084);
#619=LINE('',#4467,#1085);
#620=LINE('',#4468,#1086);
#621=LINE('',#4471,#1087);
#622=LINE('',#4473,#1088);
#623=LINE('',#4474,#1089);
#624=LINE('',#4477,#1090);
#625=LINE('',#4479,#1091);
#626=LINE('',#4480,#1092);
#627=LINE('',#4482,#1093);
#628=LINE('',#4483,#1094);
#629=LINE('',#4487,#1095);
#630=LINE('',#4489,#1096);
#631=LINE('',#4491,#1097);
#632=LINE('',#4492,#1098);
#633=LINE('',#4495,#1099);
#634=LINE('',#4497,#1100);
#635=LINE('',#4498,#1101);
#636=LINE('',#4501,#1102);
#637=LINE('',#4503,#1103);
#638=LINE('',#4504,#1104);
#639=LINE('',#4507,#1105);
#640=LINE('',#4509,#1106);
#641=LINE('',#4510,#1107);
#642=LINE('',#4513,#1108);
#643=LINE('',#4515,#1109);
#644=LINE('',#4516,#1110);
#645=LINE('',#4518,#1111);
#646=LINE('',#4519,#1112);
#647=LINE('',#4523,#1113);
#648=LINE('',#4525,#1114);
#649=LINE('',#4527,#1115);
#650=LINE('',#4528,#1116);
#651=LINE('',#4531,#1117);
#652=LINE('',#4533,#1118);
#653=LINE('',#4534,#1119);
#654=LINE('',#4537,#1120);
#655=LINE('',#4539,#1121);
#656=LINE('',#4540,#1122);
#657=LINE('',#4543,#1123);
#658=LINE('',#4545,#1124);
#659=LINE('',#4546,#1125);
#660=LINE('',#4549,#1126);
#661=LINE('',#4551,#1127);
#662=LINE('',#4552,#1128);
#663=LINE('',#4554,#1129);
#664=LINE('',#4555,#1130);
#665=LINE('',#4559,#1131);
#666=LINE('',#4561,#1132);
#667=LINE('',#4563,#1133);
#668=LINE('',#4564,#1134);
#669=LINE('',#4567,#1135);
#670=LINE('',#4569,#1136);
#671=LINE('',#4570,#1137);
#672=LINE('',#4573,#1138);
#673=LINE('',#4575,#1139);
#674=LINE('',#4576,#1140);
#675=LINE('',#4579,#1141);
#676=LINE('',#4581,#1142);
#677=LINE('',#4582,#1143);
#678=LINE('',#4585,#1144);
#679=LINE('',#4587,#1145);
#680=LINE('',#4588,#1146);
#681=LINE('',#4590,#1147);
#682=LINE('',#4591,#1148);
#683=LINE('',#4595,#1149);
#684=LINE('',#4597,#1150);
#685=LINE('',#4599,#1151);
#686=LINE('',#4600,#1152);
#687=LINE('',#4603,#1153);
#688=LINE('',#4605,#1154);
#689=LINE('',#4606,#1155);
#690=LINE('',#4609,#1156);
#691=LINE('',#4611,#1157);
#692=LINE('',#4612,#1158);
#693=LINE('',#4615,#1159);
#694=LINE('',#4617,#1160);
#695=LINE('',#4618,#1161);
#696=LINE('',#4621,#1162);
#697=LINE('',#4623,#1163);
#698=LINE('',#4624,#1164);
#699=LINE('',#4626,#1165);
#700=LINE('',#4627,#1166);
#701=LINE('',#4631,#1167);
#702=LINE('',#4633,#1168);
#703=LINE('',#4635,#1169);
#704=LINE('',#4636,#1170);
#705=LINE('',#4639,#1171);
#706=LINE('',#4641,#1172);
#707=LINE('',#4642,#1173);
#708=LINE('',#4645,#1174);
#709=LINE('',#4647,#1175);
#710=LINE('',#4648,#1176);
#711=LINE('',#4651,#1177);
#712=LINE('',#4653,#1178);
#713=LINE('',#4654,#1179);
#714=LINE('',#4657,#1180);
#715=LINE('',#4659,#1181);
#716=LINE('',#4660,#1182);
#717=LINE('',#4662,#1183);
#718=LINE('',#4663,#1184);
#719=LINE('',#4667,#1185);
#720=LINE('',#4669,#1186);
#721=LINE('',#4671,#1187);
#722=LINE('',#4672,#1188);
#723=LINE('',#4675,#1189);
#724=LINE('',#4677,#1190);
#725=LINE('',#4678,#1191);
#726=LINE('',#4681,#1192);
#727=LINE('',#4683,#1193);
#728=LINE('',#4684,#1194);
#729=LINE('',#4687,#1195);
#730=LINE('',#4689,#1196);
#731=LINE('',#4690,#1197);
#732=LINE('',#4693,#1198);
#733=LINE('',#4695,#1199);
#734=LINE('',#4696,#1200);
#735=LINE('',#4698,#1201);
#736=LINE('',#4699,#1202);
#737=LINE('',#4703,#1203);
#738=LINE('',#4705,#1204);
#739=LINE('',#4707,#1205);
#740=LINE('',#4708,#1206);
#741=LINE('',#4711,#1207);
#742=LINE('',#4713,#1208);
#743=LINE('',#4714,#1209);
#744=LINE('',#4717,#1210);
#745=LINE('',#4719,#1211);
#746=LINE('',#4720,#1212);
#747=LINE('',#4723,#1213);
#748=LINE('',#4725,#1214);
#749=LINE('',#4726,#1215);
#750=LINE('',#4729,#1216);
#751=LINE('',#4731,#1217);
#752=LINE('',#4732,#1218);
#753=LINE('',#4734,#1219);
#754=LINE('',#4735,#1220);
#755=LINE('',#4739,#1221);
#756=LINE('',#4741,#1222);
#757=LINE('',#4743,#1223);
#758=LINE('',#4744,#1224);
#759=LINE('',#4747,#1225);
#760=LINE('',#4749,#1226);
#761=LINE('',#4750,#1227);
#762=LINE('',#4753,#1228);
#763=LINE('',#4755,#1229);
#764=LINE('',#4756,#1230);
#765=LINE('',#4759,#1231);
#766=LINE('',#4761,#1232);
#767=LINE('',#4762,#1233);
#768=LINE('',#4765,#1234);
#769=LINE('',#4767,#1235);
#770=LINE('',#4768,#1236);
#771=LINE('',#4770,#1237);
#772=LINE('',#4771,#1238);
#773=LINE('',#4775,#1239);
#774=LINE('',#4777,#1240);
#775=LINE('',#4779,#1241);
#776=LINE('',#4780,#1242);
#777=LINE('',#4783,#1243);
#778=LINE('',#4785,#1244);
#779=LINE('',#4786,#1245);
#780=LINE('',#4789,#1246);
#781=LINE('',#4791,#1247);
#782=LINE('',#4792,#1248);
#783=LINE('',#4795,#1249);
#784=LINE('',#4797,#1250);
#785=LINE('',#4798,#1251);
#786=LINE('',#4801,#1252);
#787=LINE('',#4803,#1253);
#788=LINE('',#4804,#1254);
#789=LINE('',#4806,#1255);
#790=LINE('',#4807,#1256);
#791=LINE('',#4811,#1257);
#792=LINE('',#4813,#1258);
#793=LINE('',#4815,#1259);
#794=LINE('',#4816,#1260);
#795=LINE('',#4819,#1261);
#796=LINE('',#4821,#1262);
#797=LINE('',#4822,#1263);
#798=LINE('',#4825,#1264);
#799=LINE('',#4827,#1265);
#800=LINE('',#4828,#1266);
#801=LINE('',#4831,#1267);
#802=LINE('',#4833,#1268);
#803=LINE('',#4834,#1269);
#804=LINE('',#4837,#1270);
#805=LINE('',#4839,#1271);
#806=LINE('',#4840,#1272);
#807=LINE('',#4842,#1273);
#808=LINE('',#4843,#1274);
#809=LINE('',#4847,#1275);
#810=LINE('',#4849,#1276);
#811=LINE('',#4851,#1277);
#812=LINE('',#4852,#1278);
#813=LINE('',#4855,#1279);
#814=LINE('',#4857,#1280);
#815=LINE('',#4858,#1281);
#816=LINE('',#4861,#1282);
#817=LINE('',#4863,#1283);
#818=LINE('',#4864,#1284);
#819=LINE('',#4867,#1285);
#820=LINE('',#4869,#1286);
#821=LINE('',#4870,#1287);
#822=LINE('',#4873,#1288);
#823=LINE('',#4875,#1289);
#824=LINE('',#4876,#1290);
#825=LINE('',#4878,#1291);
#826=LINE('',#4879,#1292);
#827=LINE('',#4883,#1293);
#828=LINE('',#4885,#1294);
#829=LINE('',#4887,#1295);
#830=LINE('',#4888,#1296);
#831=LINE('',#4891,#1297);
#832=LINE('',#4893,#1298);
#833=LINE('',#4894,#1299);
#834=LINE('',#4897,#1300);
#835=LINE('',#4899,#1301);
#836=LINE('',#4900,#1302);
#837=LINE('',#4903,#1303);
#838=LINE('',#4905,#1304);
#839=LINE('',#4906,#1305);
#840=LINE('',#4909,#1306);
#841=LINE('',#4911,#1307);
#842=LINE('',#4912,#1308);
#843=LINE('',#4914,#1309);
#844=LINE('',#4915,#1310);
#845=LINE('',#4919,#1311);
#846=LINE('',#4921,#1312);
#847=LINE('',#4923,#1313);
#848=LINE('',#4924,#1314);
#849=LINE('',#4927,#1315);
#850=LINE('',#4929,#1316);
#851=LINE('',#4930,#1317);
#852=LINE('',#4933,#1318);
#853=LINE('',#4935,#1319);
#854=LINE('',#4936,#1320);
#855=LINE('',#4939,#1321);
#856=LINE('',#4941,#1322);
#857=LINE('',#4942,#1323);
#858=LINE('',#4945,#1324);
#859=LINE('',#4947,#1325);
#860=LINE('',#4948,#1326);
#861=LINE('',#4950,#1327);
#862=LINE('',#4951,#1328);
#863=LINE('',#4955,#1329);
#864=LINE('',#4957,#1330);
#865=LINE('',#4959,#1331);
#866=LINE('',#4960,#1332);
#867=LINE('',#4963,#1333);
#868=LINE('',#4965,#1334);
#869=LINE('',#4966,#1335);
#870=LINE('',#4969,#1336);
#871=LINE('',#4971,#1337);
#872=LINE('',#4972,#1338);
#873=LINE('',#4975,#1339);
#874=LINE('',#4977,#1340);
#875=LINE('',#4978,#1341);
#876=LINE('',#4981,#1342);
#877=LINE('',#4983,#1343);
#878=LINE('',#4984,#1344);
#879=LINE('',#4986,#1345);
#880=LINE('',#4987,#1346);
#881=LINE('',#4991,#1347);
#882=LINE('',#4993,#1348);
#883=LINE('',#4995,#1349);
#884=LINE('',#4996,#1350);
#885=LINE('',#4999,#1351);
#886=LINE('',#5001,#1352);
#887=LINE('',#5002,#1353);
#888=LINE('',#5005,#1354);
#889=LINE('',#5007,#1355);
#890=LINE('',#5008,#1356);
#891=LINE('',#5011,#1357);
#892=LINE('',#5013,#1358);
#893=LINE('',#5014,#1359);
#894=LINE('',#5017,#1360);
#895=LINE('',#5019,#1361);
#896=LINE('',#5020,#1362);
#897=LINE('',#5022,#1363);
#898=LINE('',#5023,#1364);
#899=LINE('',#5027,#1365);
#900=LINE('',#5029,#1366);
#901=LINE('',#5031,#1367);
#902=LINE('',#5032,#1368);
#903=LINE('',#5035,#1369);
#904=LINE('',#5037,#1370);
#905=LINE('',#5038,#1371);
#906=LINE('',#5041,#1372);
#907=LINE('',#5043,#1373);
#908=LINE('',#5044,#1374);
#909=LINE('',#5047,#1375);
#910=LINE('',#5049,#1376);
#911=LINE('',#5050,#1377);
#912=LINE('',#5053,#1378);
#913=LINE('',#5055,#1379);
#914=LINE('',#5056,#1380);
#915=LINE('',#5058,#1381);
#916=LINE('',#5059,#1382);
#917=LINE('',#5063,#1383);
#918=LINE('',#5065,#1384);
#919=LINE('',#5067,#1385);
#920=LINE('',#5068,#1386);
#921=LINE('',#5071,#1387);
#922=LINE('',#5073,#1388);
#923=LINE('',#5074,#1389);
#924=LINE('',#5077,#1390);
#925=LINE('',#5079,#1391);
#926=LINE('',#5080,#1392);
#927=LINE('',#5083,#1393);
#928=LINE('',#5085,#1394);
#929=LINE('',#5086,#1395);
#930=LINE('',#5089,#1396);
#931=LINE('',#5091,#1397);
#932=LINE('',#5092,#1398);
#933=LINE('',#5094,#1399);
#934=LINE('',#5095,#1400);
#935=LINE('',#5099,#1401);
#936=LINE('',#5101,#1402);
#937=LINE('',#5103,#1403);
#938=LINE('',#5104,#1404);
#939=LINE('',#5107,#1405);
#940=LINE('',#5109,#1406);
#941=LINE('',#5110,#1407);
#942=LINE('',#5113,#1408);
#943=LINE('',#5115,#1409);
#944=LINE('',#5116,#1410);
#945=LINE('',#5119,#1411);
#946=LINE('',#5121,#1412);
#947=LINE('',#5122,#1413);
#948=LINE('',#5125,#1414);
#949=LINE('',#5127,#1415);
#950=LINE('',#5128,#1416);
#951=LINE('',#5130,#1417);
#952=LINE('',#5131,#1418);
#953=LINE('',#5135,#1419);
#954=LINE('',#5137,#1420);
#955=LINE('',#5139,#1421);
#956=LINE('',#5140,#1422);
#957=LINE('',#5143,#1423);
#958=LINE('',#5145,#1424);
#959=LINE('',#5146,#1425);
#960=LINE('',#5149,#1426);
#961=LINE('',#5151,#1427);
#962=LINE('',#5152,#1428);
#963=LINE('',#5155,#1429);
#964=LINE('',#5157,#1430);
#965=LINE('',#5158,#1431);
#966=LINE('',#5161,#1432);
#967=LINE('',#5163,#1433);
#968=LINE('',#5164,#1434);
#969=LINE('',#5166,#1435);
#970=LINE('',#5167,#1436);
#971=LINE('',#5171,#1437);
#972=LINE('',#5173,#1438);
#973=LINE('',#5175,#1439);
#974=LINE('',#5176,#1440);
#975=LINE('',#5179,#1441);
#976=LINE('',#5181,#1442);
#977=LINE('',#5182,#1443);
#978=LINE('',#5185,#1444);
#979=LINE('',#5187,#1445);
#980=LINE('',#5188,#1446);
#981=LINE('',#5191,#1447);
#982=LINE('',#5193,#1448);
#983=LINE('',#5194,#1449);
#984=LINE('',#5197,#1450);
#985=LINE('',#5199,#1451);
#986=LINE('',#5200,#1452);
#987=LINE('',#5202,#1453);
#988=LINE('',#5203,#1454);
#989=LINE('',#5207,#1455);
#990=LINE('',#5209,#1456);
#991=LINE('',#5211,#1457);
#992=LINE('',#5212,#1458);
#993=LINE('',#5215,#1459);
#994=LINE('',#5217,#1460);
#995=LINE('',#5218,#1461);
#996=LINE('',#5221,#1462);
#997=LINE('',#5223,#1463);
#998=LINE('',#5224,#1464);
#999=LINE('',#5227,#1465);
#1000=LINE('',#5229,#1466);
#1001=LINE('',#5230,#1467);
#1002=LINE('',#5233,#1468);
#1003=LINE('',#5235,#1469);
#1004=LINE('',#5236,#1470);
#1005=LINE('',#5238,#1471);
#1006=LINE('',#5239,#1472);
#1007=LINE('',#5243,#1473);
#1008=LINE('',#5245,#1474);
#1009=LINE('',#5247,#1475);
#1010=LINE('',#5248,#1476);
#1011=LINE('',#5251,#1477);
#1012=LINE('',#5253,#1478);
#1013=LINE('',#5254,#1479);
#1014=LINE('',#5257,#1480);
#1015=LINE('',#5259,#1481);
#1016=LINE('',#5260,#1482);
#1017=LINE('',#5263,#1483);
#1018=LINE('',#5265,#1484);
#1019=LINE('',#5266,#1485);
#1020=LINE('',#5269,#1486);
#1021=LINE('',#5271,#1487);
#1022=LINE('',#5272,#1488);
#1023=LINE('',#5274,#1489);
#1024=LINE('',#5275,#1490);
#1025=LINE('',#5279,#1491);
#1026=LINE('',#5281,#1492);
#1027=LINE('',#5283,#1493);
#1028=LINE('',#5284,#1494);
#1029=LINE('',#5287,#1495);
#1030=LINE('',#5289,#1496);
#1031=LINE('',#5290,#1497);
#1032=LINE('',#5293,#1498);
#1033=LINE('',#5295,#1499);
#1034=LINE('',#5296,#1500);
#1035=LINE('',#5299,#1501);
#1036=LINE('',#5301,#1502);
#1037=LINE('',#5302,#1503);
#1038=LINE('',#5305,#1504);
#1039=LINE('',#5307,#1505);
#1040=LINE('',#5308,#1506);
#1041=LINE('',#5310,#1507);
#1042=LINE('',#5311,#1508);
#1043=LINE('',#5315,#1509);
#1044=LINE('',#5317,#1510);
#1045=LINE('',#5319,#1511);
#1046=LINE('',#5320,#1512);
#1047=LINE('',#5323,#1513);
#1048=LINE('',#5325,#1514);
#1049=LINE('',#5326,#1515);
#1050=LINE('',#5329,#1516);
#1051=LINE('',#5331,#1517);
#1052=LINE('',#5332,#1518);
#1053=LINE('',#5335,#1519);
#1054=LINE('',#5337,#1520);
#1055=LINE('',#5338,#1521);
#1056=LINE('',#5341,#1522);
#1057=LINE('',#5343,#1523);
#1058=LINE('',#5344,#1524);
#1059=LINE('',#5346,#1525);
#1060=LINE('',#5347,#1526);
#1061=LINE('',#5351,#1527);
#1062=LINE('',#5353,#1528);
#1063=LINE('',#5355,#1529);
#1064=LINE('',#5356,#1530);
#1065=LINE('',#5359,#1531);
#1066=LINE('',#5361,#1532);
#1067=LINE('',#5362,#1533);
#1068=LINE('',#5365,#1534);
#1069=LINE('',#5367,#1535);
#1070=LINE('',#5368,#1536);
#1071=LINE('',#5370,#1537);
#1072=LINE('',#5371,#1538);
#1073=VECTOR('',#3625,1.5);
#1074=VECTOR('',#3632,1.5);
#1075=VECTOR('',#3639,1.5);
#1076=VECTOR('',#3646,1.5);
#1077=VECTOR('',#3651,10.);
#1078=VECTOR('',#3652,10.);
#1079=VECTOR('',#3653,10.);
#1080=VECTOR('',#3654,10.);
#1081=VECTOR('',#3657,10.);
#1082=VECTOR('',#3658,10.);
#1083=VECTOR('',#3659,10.);
#1084=VECTOR('',#3662,10.);
#1085=VECTOR('',#3663,10.);
#1086=VECTOR('',#3664,10.);
#1087=VECTOR('',#3667,10.);
#1088=VECTOR('',#3668,10.);
#1089=VECTOR('',#3669,10.);
#1090=VECTOR('',#3672,10.);
#1091=VECTOR('',#3673,10.);
#1092=VECTOR('',#3674,10.);
#1093=VECTOR('',#3677,10.);
#1094=VECTOR('',#3678,10.);
#1095=VECTOR('',#3681,10.);
#1096=VECTOR('',#3682,10.);
#1097=VECTOR('',#3683,10.);
#1098=VECTOR('',#3684,10.);
#1099=VECTOR('',#3687,10.);
#1100=VECTOR('',#3688,10.);
#1101=VECTOR('',#3689,10.);
#1102=VECTOR('',#3692,10.);
#1103=VECTOR('',#3693,10.);
#1104=VECTOR('',#3694,10.);
#1105=VECTOR('',#3697,10.);
#1106=VECTOR('',#3698,10.);
#1107=VECTOR('',#3699,10.);
#1108=VECTOR('',#3702,10.);
#1109=VECTOR('',#3703,10.);
#1110=VECTOR('',#3704,10.);
#1111=VECTOR('',#3707,10.);
#1112=VECTOR('',#3708,10.);
#1113=VECTOR('',#3711,10.);
#1114=VECTOR('',#3712,10.);
#1115=VECTOR('',#3713,10.);
#1116=VECTOR('',#3714,10.);
#1117=VECTOR('',#3717,10.);
#1118=VECTOR('',#3718,10.);
#1119=VECTOR('',#3719,10.);
#1120=VECTOR('',#3722,10.);
#1121=VECTOR('',#3723,10.);
#1122=VECTOR('',#3724,10.);
#1123=VECTOR('',#3727,10.);
#1124=VECTOR('',#3728,10.);
#1125=VECTOR('',#3729,10.);
#1126=VECTOR('',#3732,10.);
#1127=VECTOR('',#3733,10.);
#1128=VECTOR('',#3734,10.);
#1129=VECTOR('',#3737,10.);
#1130=VECTOR('',#3738,10.);
#1131=VECTOR('',#3741,10.);
#1132=VECTOR('',#3742,10.);
#1133=VECTOR('',#3743,10.);
#1134=VECTOR('',#3744,10.);
#1135=VECTOR('',#3747,10.);
#1136=VECTOR('',#3748,10.);
#1137=VECTOR('',#3749,10.);
#1138=VECTOR('',#3752,10.);
#1139=VECTOR('',#3753,10.);
#1140=VECTOR('',#3754,10.);
#1141=VECTOR('',#3757,10.);
#1142=VECTOR('',#3758,10.);
#1143=VECTOR('',#3759,10.);
#1144=VECTOR('',#3762,10.);
#1145=VECTOR('',#3763,10.);
#1146=VECTOR('',#3764,10.);
#1147=VECTOR('',#3767,10.);
#1148=VECTOR('',#3768,10.);
#1149=VECTOR('',#3771,10.);
#1150=VECTOR('',#3772,10.);
#1151=VECTOR('',#3773,10.);
#1152=VECTOR('',#3774,10.);
#1153=VECTOR('',#3777,10.);
#1154=VECTOR('',#3778,10.);
#1155=VECTOR('',#3779,10.);
#1156=VECTOR('',#3782,10.);
#1157=VECTOR('',#3783,10.);
#1158=VECTOR('',#3784,10.);
#1159=VECTOR('',#3787,10.);
#1160=VECTOR('',#3788,10.);
#1161=VECTOR('',#3789,10.);
#1162=VECTOR('',#3792,10.);
#1163=VECTOR('',#3793,10.);
#1164=VECTOR('',#3794,10.);
#1165=VECTOR('',#3797,10.);
#1166=VECTOR('',#3798,10.);
#1167=VECTOR('',#3801,10.);
#1168=VECTOR('',#3802,10.);
#1169=VECTOR('',#3803,10.);
#1170=VECTOR('',#3804,10.);
#1171=VECTOR('',#3807,10.);
#1172=VECTOR('',#3808,10.);
#1173=VECTOR('',#3809,10.);
#1174=VECTOR('',#3812,10.);
#1175=VECTOR('',#3813,10.);
#1176=VECTOR('',#3814,10.);
#1177=VECTOR('',#3817,10.);
#1178=VECTOR('',#3818,10.);
#1179=VECTOR('',#3819,10.);
#1180=VECTOR('',#3822,10.);
#1181=VECTOR('',#3823,10.);
#1182=VECTOR('',#3824,10.);
#1183=VECTOR('',#3827,10.);
#1184=VECTOR('',#3828,10.);
#1185=VECTOR('',#3831,10.);
#1186=VECTOR('',#3832,10.);
#1187=VECTOR('',#3833,10.);
#1188=VECTOR('',#3834,10.);
#1189=VECTOR('',#3837,10.);
#1190=VECTOR('',#3838,10.);
#1191=VECTOR('',#3839,10.);
#1192=VECTOR('',#3842,10.);
#1193=VECTOR('',#3843,10.);
#1194=VECTOR('',#3844,10.);
#1195=VECTOR('',#3847,10.);
#1196=VECTOR('',#3848,10.);
#1197=VECTOR('',#3849,10.);
#1198=VECTOR('',#3852,10.);
#1199=VECTOR('',#3853,10.);
#1200=VECTOR('',#3854,10.);
#1201=VECTOR('',#3857,10.);
#1202=VECTOR('',#3858,10.);
#1203=VECTOR('',#3861,10.);
#1204=VECTOR('',#3862,10.);
#1205=VECTOR('',#3863,10.);
#1206=VECTOR('',#3864,10.);
#1207=VECTOR('',#3867,10.);
#1208=VECTOR('',#3868,10.);
#1209=VECTOR('',#3869,10.);
#1210=VECTOR('',#3872,10.);
#1211=VECTOR('',#3873,10.);
#1212=VECTOR('',#3874,10.);
#1213=VECTOR('',#3877,10.);
#1214=VECTOR('',#3878,10.);
#1215=VECTOR('',#3879,10.);
#1216=VECTOR('',#3882,10.);
#1217=VECTOR('',#3883,10.);
#1218=VECTOR('',#3884,10.);
#1219=VECTOR('',#3887,10.);
#1220=VECTOR('',#3888,10.);
#1221=VECTOR('',#3891,10.);
#1222=VECTOR('',#3892,10.);
#1223=VECTOR('',#3893,10.);
#1224=VECTOR('',#3894,10.);
#1225=VECTOR('',#3897,10.);
#1226=VECTOR('',#3898,10.);
#1227=VECTOR('',#3899,10.);
#1228=VECTOR('',#3902,10.);
#1229=VECTOR('',#3903,10.);
#1230=VECTOR('',#3904,10.);
#1231=VECTOR('',#3907,10.);
#1232=VECTOR('',#3908,10.);
#1233=VECTOR('',#3909,10.);
#1234=VECTOR('',#3912,10.);
#1235=VECTOR('',#3913,10.);
#1236=VECTOR('',#3914,10.);
#1237=VECTOR('',#3917,10.);
#1238=VECTOR('',#3918,10.);
#1239=VECTOR('',#3921,10.);
#1240=VECTOR('',#3922,10.);
#1241=VECTOR('',#3923,10.);
#1242=VECTOR('',#3924,10.);
#1243=VECTOR('',#3927,10.);
#1244=VECTOR('',#3928,10.);
#1245=VECTOR('',#3929,10.);
#1246=VECTOR('',#3932,10.);
#1247=VECTOR('',#3933,10.);
#1248=VECTOR('',#3934,10.);
#1249=VECTOR('',#3937,10.);
#1250=VECTOR('',#3938,10.);
#1251=VECTOR('',#3939,10.);
#1252=VECTOR('',#3942,10.);
#1253=VECTOR('',#3943,10.);
#1254=VECTOR('',#3944,10.);
#1255=VECTOR('',#3947,10.);
#1256=VECTOR('',#3948,10.);
#1257=VECTOR('',#3951,10.);
#1258=VECTOR('',#3952,10.);
#1259=VECTOR('',#3953,10.);
#1260=VECTOR('',#3954,10.);
#1261=VECTOR('',#3957,10.);
#1262=VECTOR('',#3958,10.);
#1263=VECTOR('',#3959,10.);
#1264=VECTOR('',#3962,10.);
#1265=VECTOR('',#3963,10.);
#1266=VECTOR('',#3964,10.);
#1267=VECTOR('',#3967,10.);
#1268=VECTOR('',#3968,10.);
#1269=VECTOR('',#3969,10.);
#1270=VECTOR('',#3972,10.);
#1271=VECTOR('',#3973,10.);
#1272=VECTOR('',#3974,10.);
#1273=VECTOR('',#3977,10.);
#1274=VECTOR('',#3978,10.);
#1275=VECTOR('',#3981,10.);
#1276=VECTOR('',#3982,10.);
#1277=VECTOR('',#3983,10.);
#1278=VECTOR('',#3984,10.);
#1279=VECTOR('',#3987,10.);
#1280=VECTOR('',#3988,10.);
#1281=VECTOR('',#3989,10.);
#1282=VECTOR('',#3992,10.);
#1283=VECTOR('',#3993,10.);
#1284=VECTOR('',#3994,10.);
#1285=VECTOR('',#3997,10.);
#1286=VECTOR('',#3998,10.);
#1287=VECTOR('',#3999,10.);
#1288=VECTOR('',#4002,10.);
#1289=VECTOR('',#4003,10.);
#1290=VECTOR('',#4004,10.);
#1291=VECTOR('',#4007,10.);
#1292=VECTOR('',#4008,10.);
#1293=VECTOR('',#4011,10.);
#1294=VECTOR('',#4012,10.);
#1295=VECTOR('',#4013,10.);
#1296=VECTOR('',#4014,10.);
#1297=VECTOR('',#4017,10.);
#1298=VECTOR('',#4018,10.);
#1299=VECTOR('',#4019,10.);
#1300=VECTOR('',#4022,10.);
#1301=VECTOR('',#4023,10.);
#1302=VECTOR('',#4024,10.);
#1303=VECTOR('',#4027,10.);
#1304=VECTOR('',#4028,10.);
#1305=VECTOR('',#4029,10.);
#1306=VECTOR('',#4032,10.);
#1307=VECTOR('',#4033,10.);
#1308=VECTOR('',#4034,10.);
#1309=VECTOR('',#4037,10.);
#1310=VECTOR('',#4038,10.);
#1311=VECTOR('',#4041,10.);
#1312=VECTOR('',#4042,10.);
#1313=VECTOR('',#4043,10.);
#1314=VECTOR('',#4044,10.);
#1315=VECTOR('',#4047,10.);
#1316=VECTOR('',#4048,10.);
#1317=VECTOR('',#4049,10.);
#1318=VECTOR('',#4052,10.);
#1319=VECTOR('',#4053,10.);
#1320=VECTOR('',#4054,10.);
#1321=VECTOR('',#4057,10.);
#1322=VECTOR('',#4058,10.);
#1323=VECTOR('',#4059,10.);
#1324=VECTOR('',#4062,10.);
#1325=VECTOR('',#4063,10.);
#1326=VECTOR('',#4064,10.);
#1327=VECTOR('',#4067,10.);
#1328=VECTOR('',#4068,10.);
#1329=VECTOR('',#4071,10.);
#1330=VECTOR('',#4072,10.);
#1331=VECTOR('',#4073,10.);
#1332=VECTOR('',#4074,10.);
#1333=VECTOR('',#4077,10.);
#1334=VECTOR('',#4078,10.);
#1335=VECTOR('',#4079,10.);
#1336=VECTOR('',#4082,10.);
#1337=VECTOR('',#4083,10.);
#1338=VECTOR('',#4084,10.);
#1339=VECTOR('',#4087,10.);
#1340=VECTOR('',#4088,10.);
#1341=VECTOR('',#4089,10.);
#1342=VECTOR('',#4092,10.);
#1343=VECTOR('',#4093,10.);
#1344=VECTOR('',#4094,10.);
#1345=VECTOR('',#4097,10.);
#1346=VECTOR('',#4098,10.);
#1347=VECTOR('',#4101,10.);
#1348=VECTOR('',#4102,10.);
#1349=VECTOR('',#4103,10.);
#1350=VECTOR('',#4104,10.);
#1351=VECTOR('',#4107,10.);
#1352=VECTOR('',#4108,10.);
#1353=VECTOR('',#4109,10.);
#1354=VECTOR('',#4112,10.);
#1355=VECTOR('',#4113,10.);
#1356=VECTOR('',#4114,10.);
#1357=VECTOR('',#4117,10.);
#1358=VECTOR('',#4118,10.);
#1359=VECTOR('',#4119,10.);
#1360=VECTOR('',#4122,10.);
#1361=VECTOR('',#4123,10.);
#1362=VECTOR('',#4124,10.);
#1363=VECTOR('',#4127,10.);
#1364=VECTOR('',#4128,10.);
#1365=VECTOR('',#4131,10.);
#1366=VECTOR('',#4132,10.);
#1367=VECTOR('',#4133,10.);
#1368=VECTOR('',#4134,10.);
#1369=VECTOR('',#4137,10.);
#1370=VECTOR('',#4138,10.);
#1371=VECTOR('',#4139,10.);
#1372=VECTOR('',#4142,10.);
#1373=VECTOR('',#4143,10.);
#1374=VECTOR('',#4144,10.);
#1375=VECTOR('',#4147,10.);
#1376=VECTOR('',#4148,10.);
#1377=VECTOR('',#4149,10.);
#1378=VECTOR('',#4152,10.);
#1379=VECTOR('',#4153,10.);
#1380=VECTOR('',#4154,10.);
#1381=VECTOR('',#4157,10.);
#1382=VECTOR('',#4158,10.);
#1383=VECTOR('',#4161,10.);
#1384=VECTOR('',#4162,10.);
#1385=VECTOR('',#4163,10.);
#1386=VECTOR('',#4164,10.);
#1387=VECTOR('',#4167,10.);
#1388=VECTOR('',#4168,10.);
#1389=VECTOR('',#4169,10.);
#1390=VECTOR('',#4172,10.);
#1391=VECTOR('',#4173,10.);
#1392=VECTOR('',#4174,10.);
#1393=VECTOR('',#4177,10.);
#1394=VECTOR('',#4178,10.);
#1395=VECTOR('',#4179,10.);
#1396=VECTOR('',#4182,10.);
#1397=VECTOR('',#4183,10.);
#1398=VECTOR('',#4184,10.);
#1399=VECTOR('',#4187,10.);
#1400=VECTOR('',#4188,10.);
#1401=VECTOR('',#4191,10.);
#1402=VECTOR('',#4192,10.);
#1403=VECTOR('',#4193,10.);
#1404=VECTOR('',#4194,10.);
#1405=VECTOR('',#4197,10.);
#1406=VECTOR('',#4198,10.);
#1407=VECTOR('',#4199,10.);
#1408=VECTOR('',#4202,10.);
#1409=VECTOR('',#4203,10.);
#1410=VECTOR('',#4204,10.);
#1411=VECTOR('',#4207,10.);
#1412=VECTOR('',#4208,10.);
#1413=VECTOR('',#4209,10.);
#1414=VECTOR('',#4212,10.);
#1415=VECTOR('',#4213,10.);
#1416=VECTOR('',#4214,10.);
#1417=VECTOR('',#4217,10.);
#1418=VECTOR('',#4218,10.);
#1419=VECTOR('',#4221,10.);
#1420=VECTOR('',#4222,10.);
#1421=VECTOR('',#4223,10.);
#1422=VECTOR('',#4224,10.);
#1423=VECTOR('',#4227,10.);
#1424=VECTOR('',#4228,10.);
#1425=VECTOR('',#4229,10.);
#1426=VECTOR('',#4232,10.);
#1427=VECTOR('',#4233,10.);
#1428=VECTOR('',#4234,10.);
#1429=VECTOR('',#4237,10.);
#1430=VECTOR('',#4238,10.);
#1431=VECTOR('',#4239,10.);
#1432=VECTOR('',#4242,10.);
#1433=VECTOR('',#4243,10.);
#1434=VECTOR('',#4244,10.);
#1435=VECTOR('',#4247,10.);
#1436=VECTOR('',#4248,10.);
#1437=VECTOR('',#4251,10.);
#1438=VECTOR('',#4252,10.);
#1439=VECTOR('',#4253,10.);
#1440=VECTOR('',#4254,10.);
#1441=VECTOR('',#4257,10.);
#1442=VECTOR('',#4258,10.);
#1443=VECTOR('',#4259,10.);
#1444=VECTOR('',#4262,10.);
#1445=VECTOR('',#4263,10.);
#1446=VECTOR('',#4264,10.);
#1447=VECTOR('',#4267,10.);
#1448=VECTOR('',#4268,10.);
#1449=VECTOR('',#4269,10.);
#1450=VECTOR('',#4272,10.);
#1451=VECTOR('',#4273,10.);
#1452=VECTOR('',#4274,10.);
#1453=VECTOR('',#4277,10.);
#1454=VECTOR('',#4278,10.);
#1455=VECTOR('',#4281,10.);
#1456=VECTOR('',#4282,10.);
#1457=VECTOR('',#4283,10.);
#1458=VECTOR('',#4284,10.);
#1459=VECTOR('',#4287,10.);
#1460=VECTOR('',#4288,10.);
#1461=VECTOR('',#4289,10.);
#1462=VECTOR('',#4292,10.);
#1463=VECTOR('',#4293,10.);
#1464=VECTOR('',#4294,10.);
#1465=VECTOR('',#4297,10.);
#1466=VECTOR('',#4298,10.);
#1467=VECTOR('',#4299,10.);
#1468=VECTOR('',#4302,10.);
#1469=VECTOR('',#4303,10.);
#1470=VECTOR('',#4304,10.);
#1471=VECTOR('',#4307,10.);
#1472=VECTOR('',#4308,10.);
#1473=VECTOR('',#4311,10.);
#1474=VECTOR('',#4312,10.);
#1475=VECTOR('',#4313,10.);
#1476=VECTOR('',#4314,10.);
#1477=VECTOR('',#4317,10.);
#1478=VECTOR('',#4318,10.);
#1479=VECTOR('',#4319,10.);
#1480=VECTOR('',#4322,10.);
#1481=VECTOR('',#4323,10.);
#1482=VECTOR('',#4324,10.);
#1483=VECTOR('',#4327,10.);
#1484=VECTOR('',#4328,10.);
#1485=VECTOR('',#4329,10.);
#1486=VECTOR('',#4332,10.);
#1487=VECTOR('',#4333,10.);
#1488=VECTOR('',#4334,10.);
#1489=VECTOR('',#4337,10.);
#1490=VECTOR('',#4338,10.);
#1491=VECTOR('',#4341,10.);
#1492=VECTOR('',#4342,10.);
#1493=VECTOR('',#4343,10.);
#1494=VECTOR('',#4344,10.);
#1495=VECTOR('',#4347,10.);
#1496=VECTOR('',#4348,10.);
#1497=VECTOR('',#4349,10.);
#1498=VECTOR('',#4352,10.);
#1499=VECTOR('',#4353,10.);
#1500=VECTOR('',#4354,10.);
#1501=VECTOR('',#4357,10.);
#1502=VECTOR('',#4358,10.);
#1503=VECTOR('',#4359,10.);
#1504=VECTOR('',#4362,10.);
#1505=VECTOR('',#4363,10.);
#1506=VECTOR('',#4364,10.);
#1507=VECTOR('',#4367,10.);
#1508=VECTOR('',#4368,10.);
#1509=VECTOR('',#4371,10.);
#1510=VECTOR('',#4372,10.);
#1511=VECTOR('',#4373,10.);
#1512=VECTOR('',#4374,10.);
#1513=VECTOR('',#4377,10.);
#1514=VECTOR('',#4378,10.);
#1515=VECTOR('',#4379,10.);
#1516=VECTOR('',#4382,10.);
#1517=VECTOR('',#4383,10.);
#1518=VECTOR('',#4384,10.);
#1519=VECTOR('',#4387,10.);
#1520=VECTOR('',#4388,10.);
#1521=VECTOR('',#4389,10.);
#1522=VECTOR('',#4392,10.);
#1523=VECTOR('',#4393,10.);
#1524=VECTOR('',#4394,10.);
#1525=VECTOR('',#4397,10.);
#1526=VECTOR('',#4398,10.);
#1527=VECTOR('',#4401,10.);
#1528=VECTOR('',#4402,10.);
#1529=VECTOR('',#4403,10.);
#1530=VECTOR('',#4404,10.);
#1531=VECTOR('',#4407,10.);
#1532=VECTOR('',#4408,10.);
#1533=VECTOR('',#4409,10.);
#1534=VECTOR('',#4412,10.);
#1535=VECTOR('',#4413,10.);
#1536=VECTOR('',#4414,10.);
#1537=VECTOR('',#4417,10.);
#1538=VECTOR('',#4418,10.);
#1539=CIRCLE('',#3452,1.5);
#1540=CIRCLE('',#3453,1.5);
#1541=CIRCLE('',#3455,1.5);
#1542=CIRCLE('',#3456,1.5);
#1543=CIRCLE('',#3458,1.5);
#1544=CIRCLE('',#3459,1.5);
#1545=CIRCLE('',#3461,1.5);
#1546=CIRCLE('',#3462,1.5);
#1547=VERTEX_POINT('',#4425);
#1548=VERTEX_POINT('',#4427);
#1549=VERTEX_POINT('',#4431);
#1550=VERTEX_POINT('',#4433);
#1551=VERTEX_POINT('',#4437);
#1552=VERTEX_POINT('',#4439);
#1553=VERTEX_POINT('',#4443);
#1554=VERTEX_POINT('',#4445);
#1555=VERTEX_POINT('',#4449);
#1556=VERTEX_POINT('',#4450);
#1557=VERTEX_POINT('',#4452);
#1558=VERTEX_POINT('',#4454);
#1559=VERTEX_POINT('',#4458);
#1560=VERTEX_POINT('',#4460);
#1561=VERTEX_POINT('',#4464);
#1562=VERTEX_POINT('',#4466);
#1563=VERTEX_POINT('',#4470);
#1564=VERTEX_POINT('',#4472);
#1565=VERTEX_POINT('',#4476);
#1566=VERTEX_POINT('',#4478);
#1567=VERTEX_POINT('',#4485);
#1568=VERTEX_POINT('',#4486);
#1569=VERTEX_POINT('',#4488);
#1570=VERTEX_POINT('',#4490);
#1571=VERTEX_POINT('',#4494);
#1572=VERTEX_POINT('',#4496);
#1573=VERTEX_POINT('',#4500);
#1574=VERTEX_POINT('',#4502);
#1575=VERTEX_POINT('',#4506);
#1576=VERTEX_POINT('',#4508);
#1577=VERTEX_POINT('',#4512);
#1578=VERTEX_POINT('',#4514);
#1579=VERTEX_POINT('',#4521);
#1580=VERTEX_POINT('',#4522);
#1581=VERTEX_POINT('',#4524);
#1582=VERTEX_POINT('',#4526);
#1583=VERTEX_POINT('',#4530);
#1584=VERTEX_POINT('',#4532);
#1585=VERTEX_POINT('',#4536);
#1586=VERTEX_POINT('',#4538);
#1587=VERTEX_POINT('',#4542);
#1588=VERTEX_POINT('',#4544);
#1589=VERTEX_POINT('',#4548);
#1590=VERTEX_POINT('',#4550);
#1591=VERTEX_POINT('',#4557);
#1592=VERTEX_POINT('',#4558);
#1593=VERTEX_POINT('',#4560);
#1594=VERTEX_POINT('',#4562);
#1595=VERTEX_POINT('',#4566);
#1596=VERTEX_POINT('',#4568);
#1597=VERTEX_POINT('',#4572);
#1598=VERTEX_POINT('',#4574);
#1599=VERTEX_POINT('',#4578);
#1600=VERTEX_POINT('',#4580);
#1601=VERTEX_POINT('',#4584);
#1602=VERTEX_POINT('',#4586);
#1603=VERTEX_POINT('',#4593);
#1604=VERTEX_POINT('',#4594);
#1605=VERTEX_POINT('',#4596);
#1606=VERTEX_POINT('',#4598);
#1607=VERTEX_POINT('',#4602);
#1608=VERTEX_POINT('',#4604);
#1609=VERTEX_POINT('',#4608);
#1610=VERTEX_POINT('',#4610);
#1611=VERTEX_POINT('',#4614);
#1612=VERTEX_POINT('',#4616);
#1613=VERTEX_POINT('',#4620);
#1614=VERTEX_POINT('',#4622);
#1615=VERTEX_POINT('',#4629);
#1616=VERTEX_POINT('',#4630);
#1617=VERTEX_POINT('',#4632);
#1618=VERTEX_POINT('',#4634);
#1619=VERTEX_POINT('',#4638);
#1620=VERTEX_POINT('',#4640);
#1621=VERTEX_POINT('',#4644);
#1622=VERTEX_POINT('',#4646);
#1623=VERTEX_POINT('',#4650);
#1624=VERTEX_POINT('',#4652);
#1625=VERTEX_POINT('',#4656);
#1626=VERTEX_POINT('',#4658);
#1627=VERTEX_POINT('',#4665);
#1628=VERTEX_POINT('',#4666);
#1629=VERTEX_POINT('',#4668);
#1630=VERTEX_POINT('',#4670);
#1631=VERTEX_POINT('',#4674);
#1632=VERTEX_POINT('',#4676);
#1633=VERTEX_POINT('',#4680);
#1634=VERTEX_POINT('',#4682);
#1635=VERTEX_POINT('',#4686);
#1636=VERTEX_POINT('',#4688);
#1637=VERTEX_POINT('',#4692);
#1638=VERTEX_POINT('',#4694);
#1639=VERTEX_POINT('',#4701);
#1640=VERTEX_POINT('',#4702);
#1641=VERTEX_POINT('',#4704);
#1642=VERTEX_POINT('',#4706);
#1643=VERTEX_POINT('',#4710);
#1644=VERTEX_POINT('',#4712);
#1645=VERTEX_POINT('',#4716);
#1646=VERTEX_POINT('',#4718);
#1647=VERTEX_POINT('',#4722);
#1648=VERTEX_POINT('',#4724);
#1649=VERTEX_POINT('',#4728);
#1650=VERTEX_POINT('',#4730);
#1651=VERTEX_POINT('',#4737);
#1652=VERTEX_POINT('',#4738);
#1653=VERTEX_POINT('',#4740);
#1654=VERTEX_POINT('',#4742);
#1655=VERTEX_POINT('',#4746);
#1656=VERTEX_POINT('',#4748);
#1657=VERTEX_POINT('',#4752);
#1658=VERTEX_POINT('',#4754);
#1659=VERTEX_POINT('',#4758);
#1660=VERTEX_POINT('',#4760);
#1661=VERTEX_POINT('',#4764);
#1662=VERTEX_POINT('',#4766);
#1663=VERTEX_POINT('',#4773);
#1664=VERTEX_POINT('',#4774);
#1665=VERTEX_POINT('',#4776);
#1666=VERTEX_POINT('',#4778);
#1667=VERTEX_POINT('',#4782);
#1668=VERTEX_POINT('',#4784);
#1669=VERTEX_POINT('',#4788);
#1670=VERTEX_POINT('',#4790);
#1671=VERTEX_POINT('',#4794);
#1672=VERTEX_POINT('',#4796);
#1673=VERTEX_POINT('',#4800);
#1674=VERTEX_POINT('',#4802);
#1675=VERTEX_POINT('',#4809);
#1676=VERTEX_POINT('',#4810);
#1677=VERTEX_POINT('',#4812);
#1678=VERTEX_POINT('',#4814);
#1679=VERTEX_POINT('',#4818);
#1680=VERTEX_POINT('',#4820);
#1681=VERTEX_POINT('',#4824);
#1682=VERTEX_POINT('',#4826);
#1683=VERTEX_POINT('',#4830);
#1684=VERTEX_POINT('',#4832);
#1685=VERTEX_POINT('',#4836);
#1686=VERTEX_POINT('',#4838);
#1687=VERTEX_POINT('',#4845);
#1688=VERTEX_POINT('',#4846);
#1689=VERTEX_POINT('',#4848);
#1690=VERTEX_POINT('',#4850);
#1691=VERTEX_POINT('',#4854);
#1692=VERTEX_POINT('',#4856);
#1693=VERTEX_POINT('',#4860);
#1694=VERTEX_POINT('',#4862);
#1695=VERTEX_POINT('',#4866);
#1696=VERTEX_POINT('',#4868);
#1697=VERTEX_POINT('',#4872);
#1698=VERTEX_POINT('',#4874);
#1699=VERTEX_POINT('',#4881);
#1700=VERTEX_POINT('',#4882);
#1701=VERTEX_POINT('',#4884);
#1702=VERTEX_POINT('',#4886);
#1703=VERTEX_POINT('',#4890);
#1704=VERTEX_POINT('',#4892);
#1705=VERTEX_POINT('',#4896);
#1706=VERTEX_POINT('',#4898);
#1707=VERTEX_POINT('',#4902);
#1708=VERTEX_POINT('',#4904);
#1709=VERTEX_POINT('',#4908);
#1710=VERTEX_POINT('',#4910);
#1711=VERTEX_POINT('',#4917);
#1712=VERTEX_POINT('',#4918);
#1713=VERTEX_POINT('',#4920);
#1714=VERTEX_POINT('',#4922);
#1715=VERTEX_POINT('',#4926);
#1716=VERTEX_POINT('',#4928);
#1717=VERTEX_POINT('',#4932);
#1718=VERTEX_POINT('',#4934);
#1719=VERTEX_POINT('',#4938);
#1720=VERTEX_POINT('',#4940);
#1721=VERTEX_POINT('',#4944);
#1722=VERTEX_POINT('',#4946);
#1723=VERTEX_POINT('',#4953);
#1724=VERTEX_POINT('',#4954);
#1725=VERTEX_POINT('',#4956);
#1726=VERTEX_POINT('',#4958);
#1727=VERTEX_POINT('',#4962);
#1728=VERTEX_POINT('',#4964);
#1729=VERTEX_POINT('',#4968);
#1730=VERTEX_POINT('',#4970);
#1731=VERTEX_POINT('',#4974);
#1732=VERTEX_POINT('',#4976);
#1733=VERTEX_POINT('',#4980);
#1734=VERTEX_POINT('',#4982);
#1735=VERTEX_POINT('',#4989);
#1736=VERTEX_POINT('',#4990);
#1737=VERTEX_POINT('',#4992);
#1738=VERTEX_POINT('',#4994);
#1739=VERTEX_POINT('',#4998);
#1740=VERTEX_POINT('',#5000);
#1741=VERTEX_POINT('',#5004);
#1742=VERTEX_POINT('',#5006);
#1743=VERTEX_POINT('',#5010);
#1744=VERTEX_POINT('',#5012);
#1745=VERTEX_POINT('',#5016);
#1746=VERTEX_POINT('',#5018);
#1747=VERTEX_POINT('',#5025);
#1748=VERTEX_POINT('',#5026);
#1749=VERTEX_POINT('',#5028);
#1750=VERTEX_POINT('',#5030);
#1751=VERTEX_POINT('',#5034);
#1752=VERTEX_POINT('',#5036);
#1753=VERTEX_POINT('',#5040);
#1754=VERTEX_POINT('',#5042);
#1755=VERTEX_POINT('',#5046);
#1756=VERTEX_POINT('',#5048);
#1757=VERTEX_POINT('',#5052);
#1758=VERTEX_POINT('',#5054);
#1759=VERTEX_POINT('',#5061);
#1760=VERTEX_POINT('',#5062);
#1761=VERTEX_POINT('',#5064);
#1762=VERTEX_POINT('',#5066);
#1763=VERTEX_POINT('',#5070);
#1764=VERTEX_POINT('',#5072);
#1765=VERTEX_POINT('',#5076);
#1766=VERTEX_POINT('',#5078);
#1767=VERTEX_POINT('',#5082);
#1768=VERTEX_POINT('',#5084);
#1769=VERTEX_POINT('',#5088);
#1770=VERTEX_POINT('',#5090);
#1771=VERTEX_POINT('',#5097);
#1772=VERTEX_POINT('',#5098);
#1773=VERTEX_POINT('',#5100);
#1774=VERTEX_POINT('',#5102);
#1775=VERTEX_POINT('',#5106);
#1776=VERTEX_POINT('',#5108);
#1777=VERTEX_POINT('',#5112);
#1778=VERTEX_POINT('',#5114);
#1779=VERTEX_POINT('',#5118);
#1780=VERTEX_POINT('',#5120);
#1781=VERTEX_POINT('',#5124);
#1782=VERTEX_POINT('',#5126);
#1783=VERTEX_POINT('',#5133);
#1784=VERTEX_POINT('',#5134);
#1785=VERTEX_POINT('',#5136);
#1786=VERTEX_POINT('',#5138);
#1787=VERTEX_POINT('',#5142);
#1788=VERTEX_POINT('',#5144);
#1789=VERTEX_POINT('',#5148);
#1790=VERTEX_POINT('',#5150);
#1791=VERTEX_POINT('',#5154);
#1792=VERTEX_POINT('',#5156);
#1793=VERTEX_POINT('',#5160);
#1794=VERTEX_POINT('',#5162);
#1795=VERTEX_POINT('',#5169);
#1796=VERTEX_POINT('',#5170);
#1797=VERTEX_POINT('',#5172);
#1798=VERTEX_POINT('',#5174);
#1799=VERTEX_POINT('',#5178);
#1800=VERTEX_POINT('',#5180);
#1801=VERTEX_POINT('',#5184);
#1802=VERTEX_POINT('',#5186);
#1803=VERTEX_POINT('',#5190);
#1804=VERTEX_POINT('',#5192);
#1805=VERTEX_POINT('',#5196);
#1806=VERTEX_POINT('',#5198);
#1807=VERTEX_POINT('',#5205);
#1808=VERTEX_POINT('',#5206);
#1809=VERTEX_POINT('',#5208);
#1810=VERTEX_POINT('',#5210);
#1811=VERTEX_POINT('',#5214);
#1812=VERTEX_POINT('',#5216);
#1813=VERTEX_POINT('',#5220);
#1814=VERTEX_POINT('',#5222);
#1815=VERTEX_POINT('',#5226);
#1816=VERTEX_POINT('',#5228);
#1817=VERTEX_POINT('',#5232);
#1818=VERTEX_POINT('',#5234);
#1819=VERTEX_POINT('',#5241);
#1820=VERTEX_POINT('',#5242);
#1821=VERTEX_POINT('',#5244);
#1822=VERTEX_POINT('',#5246);
#1823=VERTEX_POINT('',#5250);
#1824=VERTEX_POINT('',#5252);
#1825=VERTEX_POINT('',#5256);
#1826=VERTEX_POINT('',#5258);
#1827=VERTEX_POINT('',#5262);
#1828=VERTEX_POINT('',#5264);
#1829=VERTEX_POINT('',#5268);
#1830=VERTEX_POINT('',#5270);
#1831=VERTEX_POINT('',#5277);
#1832=VERTEX_POINT('',#5278);
#1833=VERTEX_POINT('',#5280);
#1834=VERTEX_POINT('',#5282);
#1835=VERTEX_POINT('',#5286);
#1836=VERTEX_POINT('',#5288);
#1837=VERTEX_POINT('',#5292);
#1838=VERTEX_POINT('',#5294);
#1839=VERTEX_POINT('',#5298);
#1840=VERTEX_POINT('',#5300);
#1841=VERTEX_POINT('',#5304);
#1842=VERTEX_POINT('',#5306);
#1843=VERTEX_POINT('',#5313);
#1844=VERTEX_POINT('',#5314);
#1845=VERTEX_POINT('',#5316);
#1846=VERTEX_POINT('',#5318);
#1847=VERTEX_POINT('',#5322);
#1848=VERTEX_POINT('',#5324);
#1849=VERTEX_POINT('',#5328);
#1850=VERTEX_POINT('',#5330);
#1851=VERTEX_POINT('',#5334);
#1852=VERTEX_POINT('',#5336);
#1853=VERTEX_POINT('',#5340);
#1854=VERTEX_POINT('',#5342);
#1855=VERTEX_POINT('',#5349);
#1856=VERTEX_POINT('',#5350);
#1857=VERTEX_POINT('',#5352);
#1858=VERTEX_POINT('',#5354);
#1859=VERTEX_POINT('',#5358);
#1860=VERTEX_POINT('',#5360);
#1861=VERTEX_POINT('',#5364);
#1862=VERTEX_POINT('',#5366);
#1863=EDGE_CURVE('',#1547,#1547,#1539,.T.);
#1864=EDGE_CURVE('',#1547,#1548,#607,.T.);
#1865=EDGE_CURVE('',#1548,#1548,#1540,.T.);
#1866=EDGE_CURVE('',#1549,#1549,#1541,.T.);
#1867=EDGE_CURVE('',#1549,#1550,#608,.T.);
#1868=EDGE_CURVE('',#1550,#1550,#1542,.T.);
#1869=EDGE_CURVE('',#1551,#1551,#1543,.T.);
#1870=EDGE_CURVE('',#1551,#1552,#609,.T.);
#1871=EDGE_CURVE('',#1552,#1552,#1544,.T.);
#1872=EDGE_CURVE('',#1553,#1553,#1545,.T.);
#1873=EDGE_CURVE('',#1553,#1554,#610,.T.);
#1874=EDGE_CURVE('',#1554,#1554,#1546,.T.);
#1875=EDGE_CURVE('',#1555,#1556,#611,.T.);
#1876=EDGE_CURVE('',#1557,#1555,#612,.T.);
#1877=EDGE_CURVE('',#1558,#1557,#613,.T.);
#1878=EDGE_CURVE('',#1558,#1556,#614,.T.);
#1879=EDGE_CURVE('',#1556,#1559,#615,.T.);
#1880=EDGE_CURVE('',#1560,#1558,#616,.T.);
#1881=EDGE_CURVE('',#1560,#1559,#617,.T.);
#1882=EDGE_CURVE('',#1559,#1561,#618,.T.);
#1883=EDGE_CURVE('',#1562,#1560,#619,.T.);
#1884=EDGE_CURVE('',#1562,#1561,#620,.T.);
#1885=EDGE_CURVE('',#1561,#1563,#621,.T.);
#1886=EDGE_CURVE('',#1564,#1562,#622,.T.);
#1887=EDGE_CURVE('',#1564,#1563,#623,.T.);
#1888=EDGE_CURVE('',#1563,#1565,#624,.T.);
#1889=EDGE_CURVE('',#1566,#1564,#625,.T.);
#1890=EDGE_CURVE('',#1566,#1565,#626,.T.);
#1891=EDGE_CURVE('',#1565,#1555,#627,.T.);
#1892=EDGE_CURVE('',#1557,#1566,#628,.T.);
#1893=EDGE_CURVE('',#1567,#1568,#629,.T.);
#1894=EDGE_CURVE('',#1569,#1567,#630,.T.);
#1895=EDGE_CURVE('',#1570,#1569,#631,.T.);
#1896=EDGE_CURVE('',#1570,#1568,#632,.T.);
#1897=EDGE_CURVE('',#1568,#1571,#633,.T.);
#1898=EDGE_CURVE('',#1572,#1570,#634,.T.);
#1899=EDGE_CURVE('',#1572,#1571,#635,.T.);
#1900=EDGE_CURVE('',#1571,#1573,#636,.T.);
#1901=EDGE_CURVE('',#1574,#1572,#637,.T.);
#1902=EDGE_CURVE('',#1574,#1573,#638,.T.);
#1903=EDGE_CURVE('',#1573,#1575,#639,.T.);
#1904=EDGE_CURVE('',#1576,#1574,#640,.T.);
#1905=EDGE_CURVE('',#1576,#1575,#641,.T.);
#1906=EDGE_CURVE('',#1575,#1577,#642,.T.);
#1907=EDGE_CURVE('',#1578,#1576,#643,.T.);
#1908=EDGE_CURVE('',#1578,#1577,#644,.T.);
#1909=EDGE_CURVE('',#1577,#1567,#645,.T.);
#1910=EDGE_CURVE('',#1569,#1578,#646,.T.);
#1911=EDGE_CURVE('',#1579,#1580,#647,.T.);
#1912=EDGE_CURVE('',#1581,#1579,#648,.T.);
#1913=EDGE_CURVE('',#1582,#1581,#649,.T.);
#1914=EDGE_CURVE('',#1582,#1580,#650,.T.);
#1915=EDGE_CURVE('',#1580,#1583,#651,.T.);
#1916=EDGE_CURVE('',#1584,#1582,#652,.T.);
#1917=EDGE_CURVE('',#1584,#1583,#653,.T.);
#1918=EDGE_CURVE('',#1583,#1585,#654,.T.);
#1919=EDGE_CURVE('',#1586,#1584,#655,.T.);
#1920=EDGE_CURVE('',#1586,#1585,#656,.T.);
#1921=EDGE_CURVE('',#1585,#1587,#657,.T.);
#1922=EDGE_CURVE('',#1588,#1586,#658,.T.);
#1923=EDGE_CURVE('',#1588,#1587,#659,.T.);
#1924=EDGE_CURVE('',#1587,#1589,#660,.T.);
#1925=EDGE_CURVE('',#1590,#1588,#661,.T.);
#1926=EDGE_CURVE('',#1590,#1589,#662,.T.);
#1927=EDGE_CURVE('',#1589,#1579,#663,.T.);
#1928=EDGE_CURVE('',#1581,#1590,#664,.T.);
#1929=EDGE_CURVE('',#1591,#1592,#665,.T.);
#1930=EDGE_CURVE('',#1593,#1591,#666,.T.);
#1931=EDGE_CURVE('',#1594,#1593,#667,.T.);
#1932=EDGE_CURVE('',#1594,#1592,#668,.T.);
#1933=EDGE_CURVE('',#1592,#1595,#669,.T.);
#1934=EDGE_CURVE('',#1596,#1594,#670,.T.);
#1935=EDGE_CURVE('',#1596,#1595,#671,.T.);
#1936=EDGE_CURVE('',#1595,#1597,#672,.T.);
#1937=EDGE_CURVE('',#1598,#1596,#673,.T.);
#1938=EDGE_CURVE('',#1598,#1597,#674,.T.);
#1939=EDGE_CURVE('',#1597,#1599,#675,.T.);
#1940=EDGE_CURVE('',#1600,#1598,#676,.T.);
#1941=EDGE_CURVE('',#1600,#1599,#677,.T.);
#1942=EDGE_CURVE('',#1599,#1601,#678,.T.);
#1943=EDGE_CURVE('',#1602,#1600,#679,.T.);
#1944=EDGE_CURVE('',#1602,#1601,#680,.T.);
#1945=EDGE_CURVE('',#1601,#1591,#681,.T.);
#1946=EDGE_CURVE('',#1593,#1602,#682,.T.);
#1947=EDGE_CURVE('',#1603,#1604,#683,.T.);
#1948=EDGE_CURVE('',#1605,#1603,#684,.T.);
#1949=EDGE_CURVE('',#1606,#1605,#685,.T.);
#1950=EDGE_CURVE('',#1606,#1604,#686,.T.);
#1951=EDGE_CURVE('',#1604,#1607,#687,.T.);
#1952=EDGE_CURVE('',#1608,#1606,#688,.T.);
#1953=EDGE_CURVE('',#1608,#1607,#689,.T.);
#1954=EDGE_CURVE('',#1607,#1609,#690,.T.);
#1955=EDGE_CURVE('',#1610,#1608,#691,.T.);
#1956=EDGE_CURVE('',#1610,#1609,#692,.T.);
#1957=EDGE_CURVE('',#1609,#1611,#693,.T.);
#1958=EDGE_CURVE('',#1612,#1610,#694,.T.);
#1959=EDGE_CURVE('',#1612,#1611,#695,.T.);
#1960=EDGE_CURVE('',#1611,#1613,#696,.T.);
#1961=EDGE_CURVE('',#1614,#1612,#697,.T.);
#1962=EDGE_CURVE('',#1614,#1613,#698,.T.);
#1963=EDGE_CURVE('',#1613,#1603,#699,.T.);
#1964=EDGE_CURVE('',#1605,#1614,#700,.T.);
#1965=EDGE_CURVE('',#1615,#1616,#701,.T.);
#1966=EDGE_CURVE('',#1617,#1615,#702,.T.);
#1967=EDGE_CURVE('',#1618,#1617,#703,.T.);
#1968=EDGE_CURVE('',#1618,#1616,#704,.T.);
#1969=EDGE_CURVE('',#1616,#1619,#705,.T.);
#1970=EDGE_CURVE('',#1620,#1618,#706,.T.);
#1971=EDGE_CURVE('',#1620,#1619,#707,.T.);
#1972=EDGE_CURVE('',#1619,#1621,#708,.T.);
#1973=EDGE_CURVE('',#1622,#1620,#709,.T.);
#1974=EDGE_CURVE('',#1622,#1621,#710,.T.);
#1975=EDGE_CURVE('',#1621,#1623,#711,.T.);
#1976=EDGE_CURVE('',#1624,#1622,#712,.T.);
#1977=EDGE_CURVE('',#1624,#1623,#713,.T.);
#1978=EDGE_CURVE('',#1623,#1625,#714,.T.);
#1979=EDGE_CURVE('',#1626,#1624,#715,.T.);
#1980=EDGE_CURVE('',#1626,#1625,#716,.T.);
#1981=EDGE_CURVE('',#1625,#1615,#717,.T.);
#1982=EDGE_CURVE('',#1617,#1626,#718,.T.);
#1983=EDGE_CURVE('',#1627,#1628,#719,.T.);
#1984=EDGE_CURVE('',#1629,#1627,#720,.T.);
#1985=EDGE_CURVE('',#1630,#1629,#721,.T.);
#1986=EDGE_CURVE('',#1630,#1628,#722,.T.);
#1987=EDGE_CURVE('',#1628,#1631,#723,.T.);
#1988=EDGE_CURVE('',#1632,#1630,#724,.T.);
#1989=EDGE_CURVE('',#1632,#1631,#725,.T.);
#1990=EDGE_CURVE('',#1631,#1633,#726,.T.);
#1991=EDGE_CURVE('',#1634,#1632,#727,.T.);
#1992=EDGE_CURVE('',#1634,#1633,#728,.T.);
#1993=EDGE_CURVE('',#1633,#1635,#729,.T.);
#1994=EDGE_CURVE('',#1636,#1634,#730,.T.);
#1995=EDGE_CURVE('',#1636,#1635,#731,.T.);
#1996=EDGE_CURVE('',#1635,#1637,#732,.T.);
#1997=EDGE_CURVE('',#1638,#1636,#733,.T.);
#1998=EDGE_CURVE('',#1638,#1637,#734,.T.);
#1999=EDGE_CURVE('',#1637,#1627,#735,.T.);
#2000=EDGE_CURVE('',#1629,#1638,#736,.T.);
#2001=EDGE_CURVE('',#1639,#1640,#737,.T.);
#2002=EDGE_CURVE('',#1641,#1639,#738,.T.);
#2003=EDGE_CURVE('',#1642,#1641,#739,.T.);
#2004=EDGE_CURVE('',#1642,#1640,#740,.T.);
#2005=EDGE_CURVE('',#1640,#1643,#741,.T.);
#2006=EDGE_CURVE('',#1644,#1642,#742,.T.);
#2007=EDGE_CURVE('',#1644,#1643,#743,.T.);
#2008=EDGE_CURVE('',#1643,#1645,#744,.T.);
#2009=EDGE_CURVE('',#1646,#1644,#745,.T.);
#2010=EDGE_CURVE('',#1646,#1645,#746,.T.);
#2011=EDGE_CURVE('',#1645,#1647,#747,.T.);
#2012=EDGE_CURVE('',#1648,#1646,#748,.T.);
#2013=EDGE_CURVE('',#1648,#1647,#749,.T.);
#2014=EDGE_CURVE('',#1647,#1649,#750,.T.);
#2015=EDGE_CURVE('',#1650,#1648,#751,.T.);
#2016=EDGE_CURVE('',#1650,#1649,#752,.T.);
#2017=EDGE_CURVE('',#1649,#1639,#753,.T.);
#2018=EDGE_CURVE('',#1641,#1650,#754,.T.);
#2019=EDGE_CURVE('',#1651,#1652,#755,.T.);
#2020=EDGE_CURVE('',#1653,#1651,#756,.T.);
#2021=EDGE_CURVE('',#1654,#1653,#757,.T.);
#2022=EDGE_CURVE('',#1654,#1652,#758,.T.);
#2023=EDGE_CURVE('',#1652,#1655,#759,.T.);
#2024=EDGE_CURVE('',#1656,#1654,#760,.T.);
#2025=EDGE_CURVE('',#1656,#1655,#761,.T.);
#2026=EDGE_CURVE('',#1655,#1657,#762,.T.);
#2027=EDGE_CURVE('',#1658,#1656,#763,.T.);
#2028=EDGE_CURVE('',#1658,#1657,#764,.T.);
#2029=EDGE_CURVE('',#1657,#1659,#765,.T.);
#2030=EDGE_CURVE('',#1660,#1658,#766,.T.);
#2031=EDGE_CURVE('',#1660,#1659,#767,.T.);
#2032=EDGE_CURVE('',#1659,#1661,#768,.T.);
#2033=EDGE_CURVE('',#1662,#1660,#769,.T.);
#2034=EDGE_CURVE('',#1662,#1661,#770,.T.);
#2035=EDGE_CURVE('',#1661,#1651,#771,.T.);
#2036=EDGE_CURVE('',#1653,#1662,#772,.T.);
#2037=EDGE_CURVE('',#1663,#1664,#773,.T.);
#2038=EDGE_CURVE('',#1665,#1663,#774,.T.);
#2039=EDGE_CURVE('',#1666,#1665,#775,.T.);
#2040=EDGE_CURVE('',#1666,#1664,#776,.T.);
#2041=EDGE_CURVE('',#1664,#1667,#777,.T.);
#2042=EDGE_CURVE('',#1668,#1666,#778,.T.);
#2043=EDGE_CURVE('',#1668,#1667,#779,.T.);
#2044=EDGE_CURVE('',#1667,#1669,#780,.T.);
#2045=EDGE_CURVE('',#1670,#1668,#781,.T.);
#2046=EDGE_CURVE('',#1670,#1669,#782,.T.);
#2047=EDGE_CURVE('',#1669,#1671,#783,.T.);
#2048=EDGE_CURVE('',#1672,#1670,#784,.T.);
#2049=EDGE_CURVE('',#1672,#1671,#785,.T.);
#2050=EDGE_CURVE('',#1671,#1673,#786,.T.);
#2051=EDGE_CURVE('',#1674,#1672,#787,.T.);
#2052=EDGE_CURVE('',#1674,#1673,#788,.T.);
#2053=EDGE_CURVE('',#1673,#1663,#789,.T.);
#2054=EDGE_CURVE('',#1665,#1674,#790,.T.);
#2055=EDGE_CURVE('',#1675,#1676,#791,.T.);
#2056=EDGE_CURVE('',#1677,#1675,#792,.T.);
#2057=EDGE_CURVE('',#1678,#1677,#793,.T.);
#2058=EDGE_CURVE('',#1678,#1676,#794,.T.);
#2059=EDGE_CURVE('',#1676,#1679,#795,.T.);
#2060=EDGE_CURVE('',#1680,#1678,#796,.T.);
#2061=EDGE_CURVE('',#1680,#1679,#797,.T.);
#2062=EDGE_CURVE('',#1679,#1681,#798,.T.);
#2063=EDGE_CURVE('',#1682,#1680,#799,.T.);
#2064=EDGE_CURVE('',#1682,#1681,#800,.T.);
#2065=EDGE_CURVE('',#1681,#1683,#801,.T.);
#2066=EDGE_CURVE('',#1684,#1682,#802,.T.);
#2067=EDGE_CURVE('',#1684,#1683,#803,.T.);
#2068=EDGE_CURVE('',#1683,#1685,#804,.T.);
#2069=EDGE_CURVE('',#1686,#1684,#805,.T.);
#2070=EDGE_CURVE('',#1686,#1685,#806,.T.);
#2071=EDGE_CURVE('',#1685,#1675,#807,.T.);
#2072=EDGE_CURVE('',#1677,#1686,#808,.T.);
#2073=EDGE_CURVE('',#1687,#1688,#809,.T.);
#2074=EDGE_CURVE('',#1689,#1687,#810,.T.);
#2075=EDGE_CURVE('',#1690,#1689,#811,.T.);
#2076=EDGE_CURVE('',#1690,#1688,#812,.T.);
#2077=EDGE_CURVE('',#1688,#1691,#813,.T.);
#2078=EDGE_CURVE('',#1692,#1690,#814,.T.);
#2079=EDGE_CURVE('',#1692,#1691,#815,.T.);
#2080=EDGE_CURVE('',#1691,#1693,#816,.T.);
#2081=EDGE_CURVE('',#1694,#1692,#817,.T.);
#2082=EDGE_CURVE('',#1694,#1693,#818,.T.);
#2083=EDGE_CURVE('',#1693,#1695,#819,.T.);
#2084=EDGE_CURVE('',#1696,#1694,#820,.T.);
#2085=EDGE_CURVE('',#1696,#1695,#821,.T.);
#2086=EDGE_CURVE('',#1695,#1697,#822,.T.);
#2087=EDGE_CURVE('',#1698,#1696,#823,.T.);
#2088=EDGE_CURVE('',#1698,#1697,#824,.T.);
#2089=EDGE_CURVE('',#1697,#1687,#825,.T.);
#2090=EDGE_CURVE('',#1689,#1698,#826,.T.);
#2091=EDGE_CURVE('',#1699,#1700,#827,.T.);
#2092=EDGE_CURVE('',#1701,#1699,#828,.T.);
#2093=EDGE_CURVE('',#1702,#1701,#829,.T.);
#2094=EDGE_CURVE('',#1702,#1700,#830,.T.);
#2095=EDGE_CURVE('',#1700,#1703,#831,.T.);
#2096=EDGE_CURVE('',#1704,#1702,#832,.T.);
#2097=EDGE_CURVE('',#1704,#1703,#833,.T.);
#2098=EDGE_CURVE('',#1703,#1705,#834,.T.);
#2099=EDGE_CURVE('',#1706,#1704,#835,.T.);
#2100=EDGE_CURVE('',#1706,#1705,#836,.T.);
#2101=EDGE_CURVE('',#1705,#1707,#837,.T.);
#2102=EDGE_CURVE('',#1708,#1706,#838,.T.);
#2103=EDGE_CURVE('',#1708,#1707,#839,.T.);
#2104=EDGE_CURVE('',#1707,#1709,#840,.T.);
#2105=EDGE_CURVE('',#1710,#1708,#841,.T.);
#2106=EDGE_CURVE('',#1710,#1709,#842,.T.);
#2107=EDGE_CURVE('',#1709,#1699,#843,.T.);
#2108=EDGE_CURVE('',#1701,#1710,#844,.T.);
#2109=EDGE_CURVE('',#1711,#1712,#845,.T.);
#2110=EDGE_CURVE('',#1713,#1711,#846,.T.);
#2111=EDGE_CURVE('',#1714,#1713,#847,.T.);
#2112=EDGE_CURVE('',#1714,#1712,#848,.T.);
#2113=EDGE_CURVE('',#1712,#1715,#849,.T.);
#2114=EDGE_CURVE('',#1716,#1714,#850,.T.);
#2115=EDGE_CURVE('',#1716,#1715,#851,.T.);
#2116=EDGE_CURVE('',#1715,#1717,#852,.T.);
#2117=EDGE_CURVE('',#1718,#1716,#853,.T.);
#2118=EDGE_CURVE('',#1718,#1717,#854,.T.);
#2119=EDGE_CURVE('',#1717,#1719,#855,.T.);
#2120=EDGE_CURVE('',#1720,#1718,#856,.T.);
#2121=EDGE_CURVE('',#1720,#1719,#857,.T.);
#2122=EDGE_CURVE('',#1719,#1721,#858,.T.);
#2123=EDGE_CURVE('',#1722,#1720,#859,.T.);
#2124=EDGE_CURVE('',#1722,#1721,#860,.T.);
#2125=EDGE_CURVE('',#1721,#1711,#861,.T.);
#2126=EDGE_CURVE('',#1713,#1722,#862,.T.);
#2127=EDGE_CURVE('',#1723,#1724,#863,.T.);
#2128=EDGE_CURVE('',#1725,#1723,#864,.T.);
#2129=EDGE_CURVE('',#1726,#1725,#865,.T.);
#2130=EDGE_CURVE('',#1726,#1724,#866,.T.);
#2131=EDGE_CURVE('',#1724,#1727,#867,.T.);
#2132=EDGE_CURVE('',#1728,#1726,#868,.T.);
#2133=EDGE_CURVE('',#1728,#1727,#869,.T.);
#2134=EDGE_CURVE('',#1727,#1729,#870,.T.);
#2135=EDGE_CURVE('',#1730,#1728,#871,.T.);
#2136=EDGE_CURVE('',#1730,#1729,#872,.T.);
#2137=EDGE_CURVE('',#1729,#1731,#873,.T.);
#2138=EDGE_CURVE('',#1732,#1730,#874,.T.);
#2139=EDGE_CURVE('',#1732,#1731,#875,.T.);
#2140=EDGE_CURVE('',#1731,#1733,#876,.T.);
#2141=EDGE_CURVE('',#1734,#1732,#877,.T.);
#2142=EDGE_CURVE('',#1734,#1733,#878,.T.);
#2143=EDGE_CURVE('',#1733,#1723,#879,.T.);
#2144=EDGE_CURVE('',#1725,#1734,#880,.T.);
#2145=EDGE_CURVE('',#1735,#1736,#881,.T.);
#2146=EDGE_CURVE('',#1737,#1735,#882,.T.);
#2147=EDGE_CURVE('',#1738,#1737,#883,.T.);
#2148=EDGE_CURVE('',#1738,#1736,#884,.T.);
#2149=EDGE_CURVE('',#1736,#1739,#885,.T.);
#2150=EDGE_CURVE('',#1740,#1738,#886,.T.);
#2151=EDGE_CURVE('',#1740,#1739,#887,.T.);
#2152=EDGE_CURVE('',#1739,#1741,#888,.T.);
#2153=EDGE_CURVE('',#1742,#1740,#889,.T.);
#2154=EDGE_CURVE('',#1742,#1741,#890,.T.);
#2155=EDGE_CURVE('',#1741,#1743,#891,.T.);
#2156=EDGE_CURVE('',#1744,#1742,#892,.T.);
#2157=EDGE_CURVE('',#1744,#1743,#893,.T.);
#2158=EDGE_CURVE('',#1743,#1745,#894,.T.);
#2159=EDGE_CURVE('',#1746,#1744,#895,.T.);
#2160=EDGE_CURVE('',#1746,#1745,#896,.T.);
#2161=EDGE_CURVE('',#1745,#1735,#897,.T.);
#2162=EDGE_CURVE('',#1737,#1746,#898,.T.);
#2163=EDGE_CURVE('',#1747,#1748,#899,.T.);
#2164=EDGE_CURVE('',#1749,#1747,#900,.T.);
#2165=EDGE_CURVE('',#1750,#1749,#901,.T.);
#2166=EDGE_CURVE('',#1750,#1748,#902,.T.);
#2167=EDGE_CURVE('',#1748,#1751,#903,.T.);
#2168=EDGE_CURVE('',#1752,#1750,#904,.T.);
#2169=EDGE_CURVE('',#1752,#1751,#905,.T.);
#2170=EDGE_CURVE('',#1751,#1753,#906,.T.);
#2171=EDGE_CURVE('',#1754,#1752,#907,.T.);
#2172=EDGE_CURVE('',#1754,#1753,#908,.T.);
#2173=EDGE_CURVE('',#1753,#1755,#909,.T.);
#2174=EDGE_CURVE('',#1756,#1754,#910,.T.);
#2175=EDGE_CURVE('',#1756,#1755,#911,.T.);
#2176=EDGE_CURVE('',#1755,#1757,#912,.T.);
#2177=EDGE_CURVE('',#1758,#1756,#913,.T.);
#2178=EDGE_CURVE('',#1758,#1757,#914,.T.);
#2179=EDGE_CURVE('',#1757,#1747,#915,.T.);
#2180=EDGE_CURVE('',#1749,#1758,#916,.T.);
#2181=EDGE_CURVE('',#1759,#1760,#917,.T.);
#2182=EDGE_CURVE('',#1761,#1759,#918,.T.);
#2183=EDGE_CURVE('',#1762,#1761,#919,.T.);
#2184=EDGE_CURVE('',#1762,#1760,#920,.T.);
#2185=EDGE_CURVE('',#1760,#1763,#921,.T.);
#2186=EDGE_CURVE('',#1764,#1762,#922,.T.);
#2187=EDGE_CURVE('',#1764,#1763,#923,.T.);
#2188=EDGE_CURVE('',#1763,#1765,#924,.T.);
#2189=EDGE_CURVE('',#1766,#1764,#925,.T.);
#2190=EDGE_CURVE('',#1766,#1765,#926,.T.);
#2191=EDGE_CURVE('',#1765,#1767,#927,.T.);
#2192=EDGE_CURVE('',#1768,#1766,#928,.T.);
#2193=EDGE_CURVE('',#1768,#1767,#929,.T.);
#2194=EDGE_CURVE('',#1767,#1769,#930,.T.);
#2195=EDGE_CURVE('',#1770,#1768,#931,.T.);
#2196=EDGE_CURVE('',#1770,#1769,#932,.T.);
#2197=EDGE_CURVE('',#1769,#1759,#933,.T.);
#2198=EDGE_CURVE('',#1761,#1770,#934,.T.);
#2199=EDGE_CURVE('',#1771,#1772,#935,.T.);
#2200=EDGE_CURVE('',#1773,#1771,#936,.T.);
#2201=EDGE_CURVE('',#1774,#1773,#937,.T.);
#2202=EDGE_CURVE('',#1774,#1772,#938,.T.);
#2203=EDGE_CURVE('',#1772,#1775,#939,.T.);
#2204=EDGE_CURVE('',#1776,#1774,#940,.T.);
#2205=EDGE_CURVE('',#1776,#1775,#941,.T.);
#2206=EDGE_CURVE('',#1775,#1777,#942,.T.);
#2207=EDGE_CURVE('',#1778,#1776,#943,.T.);
#2208=EDGE_CURVE('',#1778,#1777,#944,.T.);
#2209=EDGE_CURVE('',#1777,#1779,#945,.T.);
#2210=EDGE_CURVE('',#1780,#1778,#946,.T.);
#2211=EDGE_CURVE('',#1780,#1779,#947,.T.);
#2212=EDGE_CURVE('',#1779,#1781,#948,.T.);
#2213=EDGE_CURVE('',#1782,#1780,#949,.T.);
#2214=EDGE_CURVE('',#1782,#1781,#950,.T.);
#2215=EDGE_CURVE('',#1781,#1771,#951,.T.);
#2216=EDGE_CURVE('',#1773,#1782,#952,.T.);
#2217=EDGE_CURVE('',#1783,#1784,#953,.T.);
#2218=EDGE_CURVE('',#1785,#1783,#954,.T.);
#2219=EDGE_CURVE('',#1786,#1785,#955,.T.);
#2220=EDGE_CURVE('',#1786,#1784,#956,.T.);
#2221=EDGE_CURVE('',#1784,#1787,#957,.T.);
#2222=EDGE_CURVE('',#1788,#1786,#958,.T.);
#2223=EDGE_CURVE('',#1788,#1787,#959,.T.);
#2224=EDGE_CURVE('',#1787,#1789,#960,.T.);
#2225=EDGE_CURVE('',#1790,#1788,#961,.T.);
#2226=EDGE_CURVE('',#1790,#1789,#962,.T.);
#2227=EDGE_CURVE('',#1789,#1791,#963,.T.);
#2228=EDGE_CURVE('',#1792,#1790,#964,.T.);
#2229=EDGE_CURVE('',#1792,#1791,#965,.T.);
#2230=EDGE_CURVE('',#1791,#1793,#966,.T.);
#2231=EDGE_CURVE('',#1794,#1792,#967,.T.);
#2232=EDGE_CURVE('',#1794,#1793,#968,.T.);
#2233=EDGE_CURVE('',#1793,#1783,#969,.T.);
#2234=EDGE_CURVE('',#1785,#1794,#970,.T.);
#2235=EDGE_CURVE('',#1795,#1796,#971,.T.);
#2236=EDGE_CURVE('',#1797,#1795,#972,.T.);
#2237=EDGE_CURVE('',#1798,#1797,#973,.T.);
#2238=EDGE_CURVE('',#1798,#1796,#974,.T.);
#2239=EDGE_CURVE('',#1796,#1799,#975,.T.);
#2240=EDGE_CURVE('',#1800,#1798,#976,.T.);
#2241=EDGE_CURVE('',#1800,#1799,#977,.T.);
#2242=EDGE_CURVE('',#1799,#1801,#978,.T.);
#2243=EDGE_CURVE('',#1802,#1800,#979,.T.);
#2244=EDGE_CURVE('',#1802,#1801,#980,.T.);
#2245=EDGE_CURVE('',#1801,#1803,#981,.T.);
#2246=EDGE_CURVE('',#1804,#1802,#982,.T.);
#2247=EDGE_CURVE('',#1804,#1803,#983,.T.);
#2248=EDGE_CURVE('',#1803,#1805,#984,.T.);
#2249=EDGE_CURVE('',#1806,#1804,#985,.T.);
#2250=EDGE_CURVE('',#1806,#1805,#986,.T.);
#2251=EDGE_CURVE('',#1805,#1795,#987,.T.);
#2252=EDGE_CURVE('',#1797,#1806,#988,.T.);
#2253=EDGE_CURVE('',#1807,#1808,#989,.T.);
#2254=EDGE_CURVE('',#1809,#1807,#990,.T.);
#2255=EDGE_CURVE('',#1810,#1809,#991,.T.);
#2256=EDGE_CURVE('',#1810,#1808,#992,.T.);
#2257=EDGE_CURVE('',#1808,#1811,#993,.T.);
#2258=EDGE_CURVE('',#1812,#1810,#994,.T.);
#2259=EDGE_CURVE('',#1812,#1811,#995,.T.);
#2260=EDGE_CURVE('',#1811,#1813,#996,.T.);
#2261=EDGE_CURVE('',#1814,#1812,#997,.T.);
#2262=EDGE_CURVE('',#1814,#1813,#998,.T.);
#2263=EDGE_CURVE('',#1813,#1815,#999,.T.);
#2264=EDGE_CURVE('',#1816,#1814,#1000,.T.);
#2265=EDGE_CURVE('',#1816,#1815,#1001,.T.);
#2266=EDGE_CURVE('',#1815,#1817,#1002,.T.);
#2267=EDGE_CURVE('',#1818,#1816,#1003,.T.);
#2268=EDGE_CURVE('',#1818,#1817,#1004,.T.);
#2269=EDGE_CURVE('',#1817,#1807,#1005,.T.);
#2270=EDGE_CURVE('',#1809,#1818,#1006,.T.);
#2271=EDGE_CURVE('',#1819,#1820,#1007,.T.);
#2272=EDGE_CURVE('',#1821,#1819,#1008,.T.);
#2273=EDGE_CURVE('',#1822,#1821,#1009,.T.);
#2274=EDGE_CURVE('',#1822,#1820,#1010,.T.);
#2275=EDGE_CURVE('',#1820,#1823,#1011,.T.);
#2276=EDGE_CURVE('',#1824,#1822,#1012,.T.);
#2277=EDGE_CURVE('',#1824,#1823,#1013,.T.);
#2278=EDGE_CURVE('',#1823,#1825,#1014,.T.);
#2279=EDGE_CURVE('',#1826,#1824,#1015,.T.);
#2280=EDGE_CURVE('',#1826,#1825,#1016,.T.);
#2281=EDGE_CURVE('',#1825,#1827,#1017,.T.);
#2282=EDGE_CURVE('',#1828,#1826,#1018,.T.);
#2283=EDGE_CURVE('',#1828,#1827,#1019,.T.);
#2284=EDGE_CURVE('',#1827,#1829,#1020,.T.);
#2285=EDGE_CURVE('',#1830,#1828,#1021,.T.);
#2286=EDGE_CURVE('',#1830,#1829,#1022,.T.);
#2287=EDGE_CURVE('',#1829,#1819,#1023,.T.);
#2288=EDGE_CURVE('',#1821,#1830,#1024,.T.);
#2289=EDGE_CURVE('',#1831,#1832,#1025,.T.);
#2290=EDGE_CURVE('',#1833,#1831,#1026,.T.);
#2291=EDGE_CURVE('',#1834,#1833,#1027,.T.);
#2292=EDGE_CURVE('',#1834,#1832,#1028,.T.);
#2293=EDGE_CURVE('',#1832,#1835,#1029,.T.);
#2294=EDGE_CURVE('',#1836,#1834,#1030,.T.);
#2295=EDGE_CURVE('',#1836,#1835,#1031,.T.);
#2296=EDGE_CURVE('',#1835,#1837,#1032,.T.);
#2297=EDGE_CURVE('',#1838,#1836,#1033,.T.);
#2298=EDGE_CURVE('',#1838,#1837,#1034,.T.);
#2299=EDGE_CURVE('',#1837,#1839,#1035,.T.);
#2300=EDGE_CURVE('',#1840,#1838,#1036,.T.);
#2301=EDGE_CURVE('',#1840,#1839,#1037,.T.);
#2302=EDGE_CURVE('',#1839,#1841,#1038,.T.);
#2303=EDGE_CURVE('',#1842,#1840,#1039,.T.);
#2304=EDGE_CURVE('',#1842,#1841,#1040,.T.);
#2305=EDGE_CURVE('',#1841,#1831,#1041,.T.);
#2306=EDGE_CURVE('',#1833,#1842,#1042,.T.);
#2307=EDGE_CURVE('',#1843,#1844,#1043,.T.);
#2308=EDGE_CURVE('',#1845,#1843,#1044,.T.);
#2309=EDGE_CURVE('',#1846,#1845,#1045,.T.);
#2310=EDGE_CURVE('',#1846,#1844,#1046,.T.);
#2311=EDGE_CURVE('',#1844,#1847,#1047,.T.);
#2312=EDGE_CURVE('',#1848,#1846,#1048,.T.);
#2313=EDGE_CURVE('',#1848,#1847,#1049,.T.);
#2314=EDGE_CURVE('',#1847,#1849,#1050,.T.);
#2315=EDGE_CURVE('',#1850,#1848,#1051,.T.);
#2316=EDGE_CURVE('',#1850,#1849,#1052,.T.);
#2317=EDGE_CURVE('',#1849,#1851,#1053,.T.);
#2318=EDGE_CURVE('',#1852,#1850,#1054,.T.);
#2319=EDGE_CURVE('',#1852,#1851,#1055,.T.);
#2320=EDGE_CURVE('',#1851,#1853,#1056,.T.);
#2321=EDGE_CURVE('',#1854,#1852,#1057,.T.);
#2322=EDGE_CURVE('',#1854,#1853,#1058,.T.);
#2323=EDGE_CURVE('',#1853,#1843,#1059,.T.);
#2324=EDGE_CURVE('',#1845,#1854,#1060,.T.);
#2325=EDGE_CURVE('',#1855,#1856,#1061,.T.);
#2326=EDGE_CURVE('',#1855,#1857,#1062,.T.);
#2327=EDGE_CURVE('',#1858,#1857,#1063,.T.);
#2328=EDGE_CURVE('',#1856,#1858,#1064,.T.);
#2329=EDGE_CURVE('',#1856,#1859,#1065,.T.);
#2330=EDGE_CURVE('',#1860,#1858,#1066,.T.);
#2331=EDGE_CURVE('',#1859,#1860,#1067,.T.);
#2332=EDGE_CURVE('',#1859,#1861,#1068,.T.);
#2333=EDGE_CURVE('',#1862,#1860,#1069,.T.);
#2334=EDGE_CURVE('',#1861,#1862,#1070,.T.);
#2335=EDGE_CURVE('',#1861,#1855,#1071,.T.);
#2336=EDGE_CURVE('',#1857,#1862,#1072,.T.);
#2337=ORIENTED_EDGE('',*,*,#1863,.F.);
#2338=ORIENTED_EDGE('',*,*,#1864,.T.);
#2339=ORIENTED_EDGE('',*,*,#1865,.F.);
#2340=ORIENTED_EDGE('',*,*,#1864,.F.);
#2341=ORIENTED_EDGE('',*,*,#1866,.F.);
#2342=ORIENTED_EDGE('',*,*,#1867,.T.);
#2343=ORIENTED_EDGE('',*,*,#1868,.F.);
#2344=ORIENTED_EDGE('',*,*,#1867,.F.);
#2345=ORIENTED_EDGE('',*,*,#1869,.F.);
#2346=ORIENTED_EDGE('',*,*,#1870,.T.);
#2347=ORIENTED_EDGE('',*,*,#1871,.F.);
#2348=ORIENTED_EDGE('',*,*,#1870,.F.);
#2349=ORIENTED_EDGE('',*,*,#1872,.F.);
#2350=ORIENTED_EDGE('',*,*,#1873,.T.);
#2351=ORIENTED_EDGE('',*,*,#1874,.F.);
#2352=ORIENTED_EDGE('',*,*,#1873,.F.);
#2353=ORIENTED_EDGE('',*,*,#1875,.F.);
#2354=ORIENTED_EDGE('',*,*,#1876,.F.);
#2355=ORIENTED_EDGE('',*,*,#1877,.F.);
#2356=ORIENTED_EDGE('',*,*,#1878,.T.);
#2357=ORIENTED_EDGE('',*,*,#1879,.F.);
#2358=ORIENTED_EDGE('',*,*,#1878,.F.);
#2359=ORIENTED_EDGE('',*,*,#1880,.F.);
#2360=ORIENTED_EDGE('',*,*,#1881,.T.);
#2361=ORIENTED_EDGE('',*,*,#1882,.F.);
#2362=ORIENTED_EDGE('',*,*,#1881,.F.);
#2363=ORIENTED_EDGE('',*,*,#1883,.F.);
#2364=ORIENTED_EDGE('',*,*,#1884,.T.);
#2365=ORIENTED_EDGE('',*,*,#1885,.F.);
#2366=ORIENTED_EDGE('',*,*,#1884,.F.);
#2367=ORIENTED_EDGE('',*,*,#1886,.F.);
#2368=ORIENTED_EDGE('',*,*,#1887,.T.);
#2369=ORIENTED_EDGE('',*,*,#1888,.F.);
#2370=ORIENTED_EDGE('',*,*,#1887,.F.);
#2371=ORIENTED_EDGE('',*,*,#1889,.F.);
#2372=ORIENTED_EDGE('',*,*,#1890,.T.);
#2373=ORIENTED_EDGE('',*,*,#1891,.F.);
#2374=ORIENTED_EDGE('',*,*,#1890,.F.);
#2375=ORIENTED_EDGE('',*,*,#1892,.F.);
#2376=ORIENTED_EDGE('',*,*,#1876,.T.);
#2377=ORIENTED_EDGE('',*,*,#1893,.F.);
#2378=ORIENTED_EDGE('',*,*,#1894,.F.);
#2379=ORIENTED_EDGE('',*,*,#1895,.F.);
#2380=ORIENTED_EDGE('',*,*,#1896,.T.);
#2381=ORIENTED_EDGE('',*,*,#1897,.F.);
#2382=ORIENTED_EDGE('',*,*,#1896,.F.);
#2383=ORIENTED_EDGE('',*,*,#1898,.F.);
#2384=ORIENTED_EDGE('',*,*,#1899,.T.);
#2385=ORIENTED_EDGE('',*,*,#1900,.F.);
#2386=ORIENTED_EDGE('',*,*,#1899,.F.);
#2387=ORIENTED_EDGE('',*,*,#1901,.F.);
#2388=ORIENTED_EDGE('',*,*,#1902,.T.);
#2389=ORIENTED_EDGE('',*,*,#1903,.F.);
#2390=ORIENTED_EDGE('',*,*,#1902,.F.);
#2391=ORIENTED_EDGE('',*,*,#1904,.F.);
#2392=ORIENTED_EDGE('',*,*,#1905,.T.);
#2393=ORIENTED_EDGE('',*,*,#1906,.F.);
#2394=ORIENTED_EDGE('',*,*,#1905,.F.);
#2395=ORIENTED_EDGE('',*,*,#1907,.F.);
#2396=ORIENTED_EDGE('',*,*,#1908,.T.);
#2397=ORIENTED_EDGE('',*,*,#1909,.F.);
#2398=ORIENTED_EDGE('',*,*,#1908,.F.);
#2399=ORIENTED_EDGE('',*,*,#1910,.F.);
#2400=ORIENTED_EDGE('',*,*,#1894,.T.);
#2401=ORIENTED_EDGE('',*,*,#1911,.F.);
#2402=ORIENTED_EDGE('',*,*,#1912,.F.);
#2403=ORIENTED_EDGE('',*,*,#1913,.F.);
#2404=ORIENTED_EDGE('',*,*,#1914,.T.);
#2405=ORIENTED_EDGE('',*,*,#1915,.F.);
#2406=ORIENTED_EDGE('',*,*,#1914,.F.);
#2407=ORIENTED_EDGE('',*,*,#1916,.F.);
#2408=ORIENTED_EDGE('',*,*,#1917,.T.);
#2409=ORIENTED_EDGE('',*,*,#1918,.F.);
#2410=ORIENTED_EDGE('',*,*,#1917,.F.);
#2411=ORIENTED_EDGE('',*,*,#1919,.F.);
#2412=ORIENTED_EDGE('',*,*,#1920,.T.);
#2413=ORIENTED_EDGE('',*,*,#1921,.F.);
#2414=ORIENTED_EDGE('',*,*,#1920,.F.);
#2415=ORIENTED_EDGE('',*,*,#1922,.F.);
#2416=ORIENTED_EDGE('',*,*,#1923,.T.);
#2417=ORIENTED_EDGE('',*,*,#1924,.F.);
#2418=ORIENTED_EDGE('',*,*,#1923,.F.);
#2419=ORIENTED_EDGE('',*,*,#1925,.F.);
#2420=ORIENTED_EDGE('',*,*,#1926,.T.);
#2421=ORIENTED_EDGE('',*,*,#1927,.F.);
#2422=ORIENTED_EDGE('',*,*,#1926,.F.);
#2423=ORIENTED_EDGE('',*,*,#1928,.F.);
#2424=ORIENTED_EDGE('',*,*,#1912,.T.);
#2425=ORIENTED_EDGE('',*,*,#1929,.F.);
#2426=ORIENTED_EDGE('',*,*,#1930,.F.);
#2427=ORIENTED_EDGE('',*,*,#1931,.F.);
#2428=ORIENTED_EDGE('',*,*,#1932,.T.);
#2429=ORIENTED_EDGE('',*,*,#1933,.F.);
#2430=ORIENTED_EDGE('',*,*,#1932,.F.);
#2431=ORIENTED_EDGE('',*,*,#1934,.F.);
#2432=ORIENTED_EDGE('',*,*,#1935,.T.);
#2433=ORIENTED_EDGE('',*,*,#1936,.F.);
#2434=ORIENTED_EDGE('',*,*,#1935,.F.);
#2435=ORIENTED_EDGE('',*,*,#1937,.F.);
#2436=ORIENTED_EDGE('',*,*,#1938,.T.);
#2437=ORIENTED_EDGE('',*,*,#1939,.F.);
#2438=ORIENTED_EDGE('',*,*,#1938,.F.);
#2439=ORIENTED_EDGE('',*,*,#1940,.F.);
#2440=ORIENTED_EDGE('',*,*,#1941,.T.);
#2441=ORIENTED_EDGE('',*,*,#1942,.F.);
#2442=ORIENTED_EDGE('',*,*,#1941,.F.);
#2443=ORIENTED_EDGE('',*,*,#1943,.F.);
#2444=ORIENTED_EDGE('',*,*,#1944,.T.);
#2445=ORIENTED_EDGE('',*,*,#1945,.F.);
#2446=ORIENTED_EDGE('',*,*,#1944,.F.);
#2447=ORIENTED_EDGE('',*,*,#1946,.F.);
#2448=ORIENTED_EDGE('',*,*,#1930,.T.);
#2449=ORIENTED_EDGE('',*,*,#1947,.F.);
#2450=ORIENTED_EDGE('',*,*,#1948,.F.);
#2451=ORIENTED_EDGE('',*,*,#1949,.F.);
#2452=ORIENTED_EDGE('',*,*,#1950,.T.);
#2453=ORIENTED_EDGE('',*,*,#1951,.F.);
#2454=ORIENTED_EDGE('',*,*,#1950,.F.);
#2455=ORIENTED_EDGE('',*,*,#1952,.F.);
#2456=ORIENTED_EDGE('',*,*,#1953,.T.);
#2457=ORIENTED_EDGE('',*,*,#1954,.F.);
#2458=ORIENTED_EDGE('',*,*,#1953,.F.);
#2459=ORIENTED_EDGE('',*,*,#1955,.F.);
#2460=ORIENTED_EDGE('',*,*,#1956,.T.);
#2461=ORIENTED_EDGE('',*,*,#1957,.F.);
#2462=ORIENTED_EDGE('',*,*,#1956,.F.);
#2463=ORIENTED_EDGE('',*,*,#1958,.F.);
#2464=ORIENTED_EDGE('',*,*,#1959,.T.);
#2465=ORIENTED_EDGE('',*,*,#1960,.F.);
#2466=ORIENTED_EDGE('',*,*,#1959,.F.);
#2467=ORIENTED_EDGE('',*,*,#1961,.F.);
#2468=ORIENTED_EDGE('',*,*,#1962,.T.);
#2469=ORIENTED_EDGE('',*,*,#1963,.F.);
#2470=ORIENTED_EDGE('',*,*,#1962,.F.);
#2471=ORIENTED_EDGE('',*,*,#1964,.F.);
#2472=ORIENTED_EDGE('',*,*,#1948,.T.);
#2473=ORIENTED_EDGE('',*,*,#1965,.F.);
#2474=ORIENTED_EDGE('',*,*,#1966,.F.);
#2475=ORIENTED_EDGE('',*,*,#1967,.F.);
#2476=ORIENTED_EDGE('',*,*,#1968,.T.);
#2477=ORIENTED_EDGE('',*,*,#1969,.F.);
#2478=ORIENTED_EDGE('',*,*,#1968,.F.);
#2479=ORIENTED_EDGE('',*,*,#1970,.F.);
#2480=ORIENTED_EDGE('',*,*,#1971,.T.);
#2481=ORIENTED_EDGE('',*,*,#1972,.F.);
#2482=ORIENTED_EDGE('',*,*,#1971,.F.);
#2483=ORIENTED_EDGE('',*,*,#1973,.F.);
#2484=ORIENTED_EDGE('',*,*,#1974,.T.);
#2485=ORIENTED_EDGE('',*,*,#1975,.F.);
#2486=ORIENTED_EDGE('',*,*,#1974,.F.);
#2487=ORIENTED_EDGE('',*,*,#1976,.F.);
#2488=ORIENTED_EDGE('',*,*,#1977,.T.);
#2489=ORIENTED_EDGE('',*,*,#1978,.F.);
#2490=ORIENTED_EDGE('',*,*,#1977,.F.);
#2491=ORIENTED_EDGE('',*,*,#1979,.F.);
#2492=ORIENTED_EDGE('',*,*,#1980,.T.);
#2493=ORIENTED_EDGE('',*,*,#1981,.F.);
#2494=ORIENTED_EDGE('',*,*,#1980,.F.);
#2495=ORIENTED_EDGE('',*,*,#1982,.F.);
#2496=ORIENTED_EDGE('',*,*,#1966,.T.);
#2497=ORIENTED_EDGE('',*,*,#1983,.F.);
#2498=ORIENTED_EDGE('',*,*,#1984,.F.);
#2499=ORIENTED_EDGE('',*,*,#1985,.F.);
#2500=ORIENTED_EDGE('',*,*,#1986,.T.);
#2501=ORIENTED_EDGE('',*,*,#1987,.F.);
#2502=ORIENTED_EDGE('',*,*,#1986,.F.);
#2503=ORIENTED_EDGE('',*,*,#1988,.F.);
#2504=ORIENTED_EDGE('',*,*,#1989,.T.);
#2505=ORIENTED_EDGE('',*,*,#1990,.F.);
#2506=ORIENTED_EDGE('',*,*,#1989,.F.);
#2507=ORIENTED_EDGE('',*,*,#1991,.F.);
#2508=ORIENTED_EDGE('',*,*,#1992,.T.);
#2509=ORIENTED_EDGE('',*,*,#1993,.F.);
#2510=ORIENTED_EDGE('',*,*,#1992,.F.);
#2511=ORIENTED_EDGE('',*,*,#1994,.F.);
#2512=ORIENTED_EDGE('',*,*,#1995,.T.);
#2513=ORIENTED_EDGE('',*,*,#1996,.F.);
#2514=ORIENTED_EDGE('',*,*,#1995,.F.);
#2515=ORIENTED_EDGE('',*,*,#1997,.F.);
#2516=ORIENTED_EDGE('',*,*,#1998,.T.);
#2517=ORIENTED_EDGE('',*,*,#1999,.F.);
#2518=ORIENTED_EDGE('',*,*,#1998,.F.);
#2519=ORIENTED_EDGE('',*,*,#2000,.F.);
#2520=ORIENTED_EDGE('',*,*,#1984,.T.);
#2521=ORIENTED_EDGE('',*,*,#2001,.F.);
#2522=ORIENTED_EDGE('',*,*,#2002,.F.);
#2523=ORIENTED_EDGE('',*,*,#2003,.F.);
#2524=ORIENTED_EDGE('',*,*,#2004,.T.);
#2525=ORIENTED_EDGE('',*,*,#2005,.F.);
#2526=ORIENTED_EDGE('',*,*,#2004,.F.);
#2527=ORIENTED_EDGE('',*,*,#2006,.F.);
#2528=ORIENTED_EDGE('',*,*,#2007,.T.);
#2529=ORIENTED_EDGE('',*,*,#2008,.F.);
#2530=ORIENTED_EDGE('',*,*,#2007,.F.);
#2531=ORIENTED_EDGE('',*,*,#2009,.F.);
#2532=ORIENTED_EDGE('',*,*,#2010,.T.);
#2533=ORIENTED_EDGE('',*,*,#2011,.F.);
#2534=ORIENTED_EDGE('',*,*,#2010,.F.);
#2535=ORIENTED_EDGE('',*,*,#2012,.F.);
#2536=ORIENTED_EDGE('',*,*,#2013,.T.);
#2537=ORIENTED_EDGE('',*,*,#2014,.F.);
#2538=ORIENTED_EDGE('',*,*,#2013,.F.);
#2539=ORIENTED_EDGE('',*,*,#2015,.F.);
#2540=ORIENTED_EDGE('',*,*,#2016,.T.);
#2541=ORIENTED_EDGE('',*,*,#2017,.F.);
#2542=ORIENTED_EDGE('',*,*,#2016,.F.);
#2543=ORIENTED_EDGE('',*,*,#2018,.F.);
#2544=ORIENTED_EDGE('',*,*,#2002,.T.);
#2545=ORIENTED_EDGE('',*,*,#2019,.F.);
#2546=ORIENTED_EDGE('',*,*,#2020,.F.);
#2547=ORIENTED_EDGE('',*,*,#2021,.F.);
#2548=ORIENTED_EDGE('',*,*,#2022,.T.);
#2549=ORIENTED_EDGE('',*,*,#2023,.F.);
#2550=ORIENTED_EDGE('',*,*,#2022,.F.);
#2551=ORIENTED_EDGE('',*,*,#2024,.F.);
#2552=ORIENTED_EDGE('',*,*,#2025,.T.);
#2553=ORIENTED_EDGE('',*,*,#2026,.F.);
#2554=ORIENTED_EDGE('',*,*,#2025,.F.);
#2555=ORIENTED_EDGE('',*,*,#2027,.F.);
#2556=ORIENTED_EDGE('',*,*,#2028,.T.);
#2557=ORIENTED_EDGE('',*,*,#2029,.F.);
#2558=ORIENTED_EDGE('',*,*,#2028,.F.);
#2559=ORIENTED_EDGE('',*,*,#2030,.F.);
#2560=ORIENTED_EDGE('',*,*,#2031,.T.);
#2561=ORIENTED_EDGE('',*,*,#2032,.F.);
#2562=ORIENTED_EDGE('',*,*,#2031,.F.);
#2563=ORIENTED_EDGE('',*,*,#2033,.F.);
#2564=ORIENTED_EDGE('',*,*,#2034,.T.);
#2565=ORIENTED_EDGE('',*,*,#2035,.F.);
#2566=ORIENTED_EDGE('',*,*,#2034,.F.);
#2567=ORIENTED_EDGE('',*,*,#2036,.F.);
#2568=ORIENTED_EDGE('',*,*,#2020,.T.);
#2569=ORIENTED_EDGE('',*,*,#2037,.F.);
#2570=ORIENTED_EDGE('',*,*,#2038,.F.);
#2571=ORIENTED_EDGE('',*,*,#2039,.F.);
#2572=ORIENTED_EDGE('',*,*,#2040,.T.);
#2573=ORIENTED_EDGE('',*,*,#2041,.F.);
#2574=ORIENTED_EDGE('',*,*,#2040,.F.);
#2575=ORIENTED_EDGE('',*,*,#2042,.F.);
#2576=ORIENTED_EDGE('',*,*,#2043,.T.);
#2577=ORIENTED_EDGE('',*,*,#2044,.F.);
#2578=ORIENTED_EDGE('',*,*,#2043,.F.);
#2579=ORIENTED_EDGE('',*,*,#2045,.F.);
#2580=ORIENTED_EDGE('',*,*,#2046,.T.);
#2581=ORIENTED_EDGE('',*,*,#2047,.F.);
#2582=ORIENTED_EDGE('',*,*,#2046,.F.);
#2583=ORIENTED_EDGE('',*,*,#2048,.F.);
#2584=ORIENTED_EDGE('',*,*,#2049,.T.);
#2585=ORIENTED_EDGE('',*,*,#2050,.F.);
#2586=ORIENTED_EDGE('',*,*,#2049,.F.);
#2587=ORIENTED_EDGE('',*,*,#2051,.F.);
#2588=ORIENTED_EDGE('',*,*,#2052,.T.);
#2589=ORIENTED_EDGE('',*,*,#2053,.F.);
#2590=ORIENTED_EDGE('',*,*,#2052,.F.);
#2591=ORIENTED_EDGE('',*,*,#2054,.F.);
#2592=ORIENTED_EDGE('',*,*,#2038,.T.);
#2593=ORIENTED_EDGE('',*,*,#2055,.F.);
#2594=ORIENTED_EDGE('',*,*,#2056,.F.);
#2595=ORIENTED_EDGE('',*,*,#2057,.F.);
#2596=ORIENTED_EDGE('',*,*,#2058,.T.);
#2597=ORIENTED_EDGE('',*,*,#2059,.F.);
#2598=ORIENTED_EDGE('',*,*,#2058,.F.);
#2599=ORIENTED_EDGE('',*,*,#2060,.F.);
#2600=ORIENTED_EDGE('',*,*,#2061,.T.);
#2601=ORIENTED_EDGE('',*,*,#2062,.F.);
#2602=ORIENTED_EDGE('',*,*,#2061,.F.);
#2603=ORIENTED_EDGE('',*,*,#2063,.F.);
#2604=ORIENTED_EDGE('',*,*,#2064,.T.);
#2605=ORIENTED_EDGE('',*,*,#2065,.F.);
#2606=ORIENTED_EDGE('',*,*,#2064,.F.);
#2607=ORIENTED_EDGE('',*,*,#2066,.F.);
#2608=ORIENTED_EDGE('',*,*,#2067,.T.);
#2609=ORIENTED_EDGE('',*,*,#2068,.F.);
#2610=ORIENTED_EDGE('',*,*,#2067,.F.);
#2611=ORIENTED_EDGE('',*,*,#2069,.F.);
#2612=ORIENTED_EDGE('',*,*,#2070,.T.);
#2613=ORIENTED_EDGE('',*,*,#2071,.F.);
#2614=ORIENTED_EDGE('',*,*,#2070,.F.);
#2615=ORIENTED_EDGE('',*,*,#2072,.F.);
#2616=ORIENTED_EDGE('',*,*,#2056,.T.);
#2617=ORIENTED_EDGE('',*,*,#2073,.F.);
#2618=ORIENTED_EDGE('',*,*,#2074,.F.);
#2619=ORIENTED_EDGE('',*,*,#2075,.F.);
#2620=ORIENTED_EDGE('',*,*,#2076,.T.);
#2621=ORIENTED_EDGE('',*,*,#2077,.F.);
#2622=ORIENTED_EDGE('',*,*,#2076,.F.);
#2623=ORIENTED_EDGE('',*,*,#2078,.F.);
#2624=ORIENTED_EDGE('',*,*,#2079,.T.);
#2625=ORIENTED_EDGE('',*,*,#2080,.F.);
#2626=ORIENTED_EDGE('',*,*,#2079,.F.);
#2627=ORIENTED_EDGE('',*,*,#2081,.F.);
#2628=ORIENTED_EDGE('',*,*,#2082,.T.);
#2629=ORIENTED_EDGE('',*,*,#2083,.F.);
#2630=ORIENTED_EDGE('',*,*,#2082,.F.);
#2631=ORIENTED_EDGE('',*,*,#2084,.F.);
#2632=ORIENTED_EDGE('',*,*,#2085,.T.);
#2633=ORIENTED_EDGE('',*,*,#2086,.F.);
#2634=ORIENTED_EDGE('',*,*,#2085,.F.);
#2635=ORIENTED_EDGE('',*,*,#2087,.F.);
#2636=ORIENTED_EDGE('',*,*,#2088,.T.);
#2637=ORIENTED_EDGE('',*,*,#2089,.F.);
#2638=ORIENTED_EDGE('',*,*,#2088,.F.);
#2639=ORIENTED_EDGE('',*,*,#2090,.F.);
#2640=ORIENTED_EDGE('',*,*,#2074,.T.);
#2641=ORIENTED_EDGE('',*,*,#2091,.F.);
#2642=ORIENTED_EDGE('',*,*,#2092,.F.);
#2643=ORIENTED_EDGE('',*,*,#2093,.F.);
#2644=ORIENTED_EDGE('',*,*,#2094,.T.);
#2645=ORIENTED_EDGE('',*,*,#2095,.F.);
#2646=ORIENTED_EDGE('',*,*,#2094,.F.);
#2647=ORIENTED_EDGE('',*,*,#2096,.F.);
#2648=ORIENTED_EDGE('',*,*,#2097,.T.);
#2649=ORIENTED_EDGE('',*,*,#2098,.F.);
#2650=ORIENTED_EDGE('',*,*,#2097,.F.);
#2651=ORIENTED_EDGE('',*,*,#2099,.F.);
#2652=ORIENTED_EDGE('',*,*,#2100,.T.);
#2653=ORIENTED_EDGE('',*,*,#2101,.F.);
#2654=ORIENTED_EDGE('',*,*,#2100,.F.);
#2655=ORIENTED_EDGE('',*,*,#2102,.F.);
#2656=ORIENTED_EDGE('',*,*,#2103,.T.);
#2657=ORIENTED_EDGE('',*,*,#2104,.F.);
#2658=ORIENTED_EDGE('',*,*,#2103,.F.);
#2659=ORIENTED_EDGE('',*,*,#2105,.F.);
#2660=ORIENTED_EDGE('',*,*,#2106,.T.);
#2661=ORIENTED_EDGE('',*,*,#2107,.F.);
#2662=ORIENTED_EDGE('',*,*,#2106,.F.);
#2663=ORIENTED_EDGE('',*,*,#2108,.F.);
#2664=ORIENTED_EDGE('',*,*,#2092,.T.);
#2665=ORIENTED_EDGE('',*,*,#2109,.F.);
#2666=ORIENTED_EDGE('',*,*,#2110,.F.);
#2667=ORIENTED_EDGE('',*,*,#2111,.F.);
#2668=ORIENTED_EDGE('',*,*,#2112,.T.);
#2669=ORIENTED_EDGE('',*,*,#2113,.F.);
#2670=ORIENTED_EDGE('',*,*,#2112,.F.);
#2671=ORIENTED_EDGE('',*,*,#2114,.F.);
#2672=ORIENTED_EDGE('',*,*,#2115,.T.);
#2673=ORIENTED_EDGE('',*,*,#2116,.F.);
#2674=ORIENTED_EDGE('',*,*,#2115,.F.);
#2675=ORIENTED_EDGE('',*,*,#2117,.F.);
#2676=ORIENTED_EDGE('',*,*,#2118,.T.);
#2677=ORIENTED_EDGE('',*,*,#2119,.F.);
#2678=ORIENTED_EDGE('',*,*,#2118,.F.);
#2679=ORIENTED_EDGE('',*,*,#2120,.F.);
#2680=ORIENTED_EDGE('',*,*,#2121,.T.);
#2681=ORIENTED_EDGE('',*,*,#2122,.F.);
#2682=ORIENTED_EDGE('',*,*,#2121,.F.);
#2683=ORIENTED_EDGE('',*,*,#2123,.F.);
#2684=ORIENTED_EDGE('',*,*,#2124,.T.);
#2685=ORIENTED_EDGE('',*,*,#2125,.F.);
#2686=ORIENTED_EDGE('',*,*,#2124,.F.);
#2687=ORIENTED_EDGE('',*,*,#2126,.F.);
#2688=ORIENTED_EDGE('',*,*,#2110,.T.);
#2689=ORIENTED_EDGE('',*,*,#2127,.F.);
#2690=ORIENTED_EDGE('',*,*,#2128,.F.);
#2691=ORIENTED_EDGE('',*,*,#2129,.F.);
#2692=ORIENTED_EDGE('',*,*,#2130,.T.);
#2693=ORIENTED_EDGE('',*,*,#2131,.F.);
#2694=ORIENTED_EDGE('',*,*,#2130,.F.);
#2695=ORIENTED_EDGE('',*,*,#2132,.F.);
#2696=ORIENTED_EDGE('',*,*,#2133,.T.);
#2697=ORIENTED_EDGE('',*,*,#2134,.F.);
#2698=ORIENTED_EDGE('',*,*,#2133,.F.);
#2699=ORIENTED_EDGE('',*,*,#2135,.F.);
#2700=ORIENTED_EDGE('',*,*,#2136,.T.);
#2701=ORIENTED_EDGE('',*,*,#2137,.F.);
#2702=ORIENTED_EDGE('',*,*,#2136,.F.);
#2703=ORIENTED_EDGE('',*,*,#2138,.F.);
#2704=ORIENTED_EDGE('',*,*,#2139,.T.);
#2705=ORIENTED_EDGE('',*,*,#2140,.F.);
#2706=ORIENTED_EDGE('',*,*,#2139,.F.);
#2707=ORIENTED_EDGE('',*,*,#2141,.F.);
#2708=ORIENTED_EDGE('',*,*,#2142,.T.);
#2709=ORIENTED_EDGE('',*,*,#2143,.F.);
#2710=ORIENTED_EDGE('',*,*,#2142,.F.);
#2711=ORIENTED_EDGE('',*,*,#2144,.F.);
#2712=ORIENTED_EDGE('',*,*,#2128,.T.);
#2713=ORIENTED_EDGE('',*,*,#2145,.F.);
#2714=ORIENTED_EDGE('',*,*,#2146,.F.);
#2715=ORIENTED_EDGE('',*,*,#2147,.F.);
#2716=ORIENTED_EDGE('',*,*,#2148,.T.);
#2717=ORIENTED_EDGE('',*,*,#2149,.F.);
#2718=ORIENTED_EDGE('',*,*,#2148,.F.);
#2719=ORIENTED_EDGE('',*,*,#2150,.F.);
#2720=ORIENTED_EDGE('',*,*,#2151,.T.);
#2721=ORIENTED_EDGE('',*,*,#2152,.F.);
#2722=ORIENTED_EDGE('',*,*,#2151,.F.);
#2723=ORIENTED_EDGE('',*,*,#2153,.F.);
#2724=ORIENTED_EDGE('',*,*,#2154,.T.);
#2725=ORIENTED_EDGE('',*,*,#2155,.F.);
#2726=ORIENTED_EDGE('',*,*,#2154,.F.);
#2727=ORIENTED_EDGE('',*,*,#2156,.F.);
#2728=ORIENTED_EDGE('',*,*,#2157,.T.);
#2729=ORIENTED_EDGE('',*,*,#2158,.F.);
#2730=ORIENTED_EDGE('',*,*,#2157,.F.);
#2731=ORIENTED_EDGE('',*,*,#2159,.F.);
#2732=ORIENTED_EDGE('',*,*,#2160,.T.);
#2733=ORIENTED_EDGE('',*,*,#2161,.F.);
#2734=ORIENTED_EDGE('',*,*,#2160,.F.);
#2735=ORIENTED_EDGE('',*,*,#2162,.F.);
#2736=ORIENTED_EDGE('',*,*,#2146,.T.);
#2737=ORIENTED_EDGE('',*,*,#2163,.F.);
#2738=ORIENTED_EDGE('',*,*,#2164,.F.);
#2739=ORIENTED_EDGE('',*,*,#2165,.F.);
#2740=ORIENTED_EDGE('',*,*,#2166,.T.);
#2741=ORIENTED_EDGE('',*,*,#2167,.F.);
#2742=ORIENTED_EDGE('',*,*,#2166,.F.);
#2743=ORIENTED_EDGE('',*,*,#2168,.F.);
#2744=ORIENTED_EDGE('',*,*,#2169,.T.);
#2745=ORIENTED_EDGE('',*,*,#2170,.F.);
#2746=ORIENTED_EDGE('',*,*,#2169,.F.);
#2747=ORIENTED_EDGE('',*,*,#2171,.F.);
#2748=ORIENTED_EDGE('',*,*,#2172,.T.);
#2749=ORIENTED_EDGE('',*,*,#2173,.F.);
#2750=ORIENTED_EDGE('',*,*,#2172,.F.);
#2751=ORIENTED_EDGE('',*,*,#2174,.F.);
#2752=ORIENTED_EDGE('',*,*,#2175,.T.);
#2753=ORIENTED_EDGE('',*,*,#2176,.F.);
#2754=ORIENTED_EDGE('',*,*,#2175,.F.);
#2755=ORIENTED_EDGE('',*,*,#2177,.F.);
#2756=ORIENTED_EDGE('',*,*,#2178,.T.);
#2757=ORIENTED_EDGE('',*,*,#2179,.F.);
#2758=ORIENTED_EDGE('',*,*,#2178,.F.);
#2759=ORIENTED_EDGE('',*,*,#2180,.F.);
#2760=ORIENTED_EDGE('',*,*,#2164,.T.);
#2761=ORIENTED_EDGE('',*,*,#2181,.F.);
#2762=ORIENTED_EDGE('',*,*,#2182,.F.);
#2763=ORIENTED_EDGE('',*,*,#2183,.F.);
#2764=ORIENTED_EDGE('',*,*,#2184,.T.);
#2765=ORIENTED_EDGE('',*,*,#2185,.F.);
#2766=ORIENTED_EDGE('',*,*,#2184,.F.);
#2767=ORIENTED_EDGE('',*,*,#2186,.F.);
#2768=ORIENTED_EDGE('',*,*,#2187,.T.);
#2769=ORIENTED_EDGE('',*,*,#2188,.F.);
#2770=ORIENTED_EDGE('',*,*,#2187,.F.);
#2771=ORIENTED_EDGE('',*,*,#2189,.F.);
#2772=ORIENTED_EDGE('',*,*,#2190,.T.);
#2773=ORIENTED_EDGE('',*,*,#2191,.F.);
#2774=ORIENTED_EDGE('',*,*,#2190,.F.);
#2775=ORIENTED_EDGE('',*,*,#2192,.F.);
#2776=ORIENTED_EDGE('',*,*,#2193,.T.);
#2777=ORIENTED_EDGE('',*,*,#2194,.F.);
#2778=ORIENTED_EDGE('',*,*,#2193,.F.);
#2779=ORIENTED_EDGE('',*,*,#2195,.F.);
#2780=ORIENTED_EDGE('',*,*,#2196,.T.);
#2781=ORIENTED_EDGE('',*,*,#2197,.F.);
#2782=ORIENTED_EDGE('',*,*,#2196,.F.);
#2783=ORIENTED_EDGE('',*,*,#2198,.F.);
#2784=ORIENTED_EDGE('',*,*,#2182,.T.);
#2785=ORIENTED_EDGE('',*,*,#2199,.F.);
#2786=ORIENTED_EDGE('',*,*,#2200,.F.);
#2787=ORIENTED_EDGE('',*,*,#2201,.F.);
#2788=ORIENTED_EDGE('',*,*,#2202,.T.);
#2789=ORIENTED_EDGE('',*,*,#2203,.F.);
#2790=ORIENTED_EDGE('',*,*,#2202,.F.);
#2791=ORIENTED_EDGE('',*,*,#2204,.F.);
#2792=ORIENTED_EDGE('',*,*,#2205,.T.);
#2793=ORIENTED_EDGE('',*,*,#2206,.F.);
#2794=ORIENTED_EDGE('',*,*,#2205,.F.);
#2795=ORIENTED_EDGE('',*,*,#2207,.F.);
#2796=ORIENTED_EDGE('',*,*,#2208,.T.);
#2797=ORIENTED_EDGE('',*,*,#2209,.F.);
#2798=ORIENTED_EDGE('',*,*,#2208,.F.);
#2799=ORIENTED_EDGE('',*,*,#2210,.F.);
#2800=ORIENTED_EDGE('',*,*,#2211,.T.);
#2801=ORIENTED_EDGE('',*,*,#2212,.F.);
#2802=ORIENTED_EDGE('',*,*,#2211,.F.);
#2803=ORIENTED_EDGE('',*,*,#2213,.F.);
#2804=ORIENTED_EDGE('',*,*,#2214,.T.);
#2805=ORIENTED_EDGE('',*,*,#2215,.F.);
#2806=ORIENTED_EDGE('',*,*,#2214,.F.);
#2807=ORIENTED_EDGE('',*,*,#2216,.F.);
#2808=ORIENTED_EDGE('',*,*,#2200,.T.);
#2809=ORIENTED_EDGE('',*,*,#2217,.F.);
#2810=ORIENTED_EDGE('',*,*,#2218,.F.);
#2811=ORIENTED_EDGE('',*,*,#2219,.F.);
#2812=ORIENTED_EDGE('',*,*,#2220,.T.);
#2813=ORIENTED_EDGE('',*,*,#2221,.F.);
#2814=ORIENTED_EDGE('',*,*,#2220,.F.);
#2815=ORIENTED_EDGE('',*,*,#2222,.F.);
#2816=ORIENTED_EDGE('',*,*,#2223,.T.);
#2817=ORIENTED_EDGE('',*,*,#2224,.F.);
#2818=ORIENTED_EDGE('',*,*,#2223,.F.);
#2819=ORIENTED_EDGE('',*,*,#2225,.F.);
#2820=ORIENTED_EDGE('',*,*,#2226,.T.);
#2821=ORIENTED_EDGE('',*,*,#2227,.F.);
#2822=ORIENTED_EDGE('',*,*,#2226,.F.);
#2823=ORIENTED_EDGE('',*,*,#2228,.F.);
#2824=ORIENTED_EDGE('',*,*,#2229,.T.);
#2825=ORIENTED_EDGE('',*,*,#2230,.F.);
#2826=ORIENTED_EDGE('',*,*,#2229,.F.);
#2827=ORIENTED_EDGE('',*,*,#2231,.F.);
#2828=ORIENTED_EDGE('',*,*,#2232,.T.);
#2829=ORIENTED_EDGE('',*,*,#2233,.F.);
#2830=ORIENTED_EDGE('',*,*,#2232,.F.);
#2831=ORIENTED_EDGE('',*,*,#2234,.F.);
#2832=ORIENTED_EDGE('',*,*,#2218,.T.);
#2833=ORIENTED_EDGE('',*,*,#2235,.F.);
#2834=ORIENTED_EDGE('',*,*,#2236,.F.);
#2835=ORIENTED_EDGE('',*,*,#2237,.F.);
#2836=ORIENTED_EDGE('',*,*,#2238,.T.);
#2837=ORIENTED_EDGE('',*,*,#2239,.F.);
#2838=ORIENTED_EDGE('',*,*,#2238,.F.);
#2839=ORIENTED_EDGE('',*,*,#2240,.F.);
#2840=ORIENTED_EDGE('',*,*,#2241,.T.);
#2841=ORIENTED_EDGE('',*,*,#2242,.F.);
#2842=ORIENTED_EDGE('',*,*,#2241,.F.);
#2843=ORIENTED_EDGE('',*,*,#2243,.F.);
#2844=ORIENTED_EDGE('',*,*,#2244,.T.);
#2845=ORIENTED_EDGE('',*,*,#2245,.F.);
#2846=ORIENTED_EDGE('',*,*,#2244,.F.);
#2847=ORIENTED_EDGE('',*,*,#2246,.F.);
#2848=ORIENTED_EDGE('',*,*,#2247,.T.);
#2849=ORIENTED_EDGE('',*,*,#2248,.F.);
#2850=ORIENTED_EDGE('',*,*,#2247,.F.);
#2851=ORIENTED_EDGE('',*,*,#2249,.F.);
#2852=ORIENTED_EDGE('',*,*,#2250,.T.);
#2853=ORIENTED_EDGE('',*,*,#2251,.F.);
#2854=ORIENTED_EDGE('',*,*,#2250,.F.);
#2855=ORIENTED_EDGE('',*,*,#2252,.F.);
#2856=ORIENTED_EDGE('',*,*,#2236,.T.);
#2857=ORIENTED_EDGE('',*,*,#2253,.F.);
#2858=ORIENTED_EDGE('',*,*,#2254,.F.);
#2859=ORIENTED_EDGE('',*,*,#2255,.F.);
#2860=ORIENTED_EDGE('',*,*,#2256,.T.);
#2861=ORIENTED_EDGE('',*,*,#2257,.F.);
#2862=ORIENTED_EDGE('',*,*,#2256,.F.);
#2863=ORIENTED_EDGE('',*,*,#2258,.F.);
#2864=ORIENTED_EDGE('',*,*,#2259,.T.);
#2865=ORIENTED_EDGE('',*,*,#2260,.F.);
#2866=ORIENTED_EDGE('',*,*,#2259,.F.);
#2867=ORIENTED_EDGE('',*,*,#2261,.F.);
#2868=ORIENTED_EDGE('',*,*,#2262,.T.);
#2869=ORIENTED_EDGE('',*,*,#2263,.F.);
#2870=ORIENTED_EDGE('',*,*,#2262,.F.);
#2871=ORIENTED_EDGE('',*,*,#2264,.F.);
#2872=ORIENTED_EDGE('',*,*,#2265,.T.);
#2873=ORIENTED_EDGE('',*,*,#2266,.F.);
#2874=ORIENTED_EDGE('',*,*,#2265,.F.);
#2875=ORIENTED_EDGE('',*,*,#2267,.F.);
#2876=ORIENTED_EDGE('',*,*,#2268,.T.);
#2877=ORIENTED_EDGE('',*,*,#2269,.F.);
#2878=ORIENTED_EDGE('',*,*,#2268,.F.);
#2879=ORIENTED_EDGE('',*,*,#2270,.F.);
#2880=ORIENTED_EDGE('',*,*,#2254,.T.);
#2881=ORIENTED_EDGE('',*,*,#2271,.F.);
#2882=ORIENTED_EDGE('',*,*,#2272,.F.);
#2883=ORIENTED_EDGE('',*,*,#2273,.F.);
#2884=ORIENTED_EDGE('',*,*,#2274,.T.);
#2885=ORIENTED_EDGE('',*,*,#2275,.F.);
#2886=ORIENTED_EDGE('',*,*,#2274,.F.);
#2887=ORIENTED_EDGE('',*,*,#2276,.F.);
#2888=ORIENTED_EDGE('',*,*,#2277,.T.);
#2889=ORIENTED_EDGE('',*,*,#2278,.F.);
#2890=ORIENTED_EDGE('',*,*,#2277,.F.);
#2891=ORIENTED_EDGE('',*,*,#2279,.F.);
#2892=ORIENTED_EDGE('',*,*,#2280,.T.);
#2893=ORIENTED_EDGE('',*,*,#2281,.F.);
#2894=ORIENTED_EDGE('',*,*,#2280,.F.);
#2895=ORIENTED_EDGE('',*,*,#2282,.F.);
#2896=ORIENTED_EDGE('',*,*,#2283,.T.);
#2897=ORIENTED_EDGE('',*,*,#2284,.F.);
#2898=ORIENTED_EDGE('',*,*,#2283,.F.);
#2899=ORIENTED_EDGE('',*,*,#2285,.F.);
#2900=ORIENTED_EDGE('',*,*,#2286,.T.);
#2901=ORIENTED_EDGE('',*,*,#2287,.F.);
#2902=ORIENTED_EDGE('',*,*,#2286,.F.);
#2903=ORIENTED_EDGE('',*,*,#2288,.F.);
#2904=ORIENTED_EDGE('',*,*,#2272,.T.);
#2905=ORIENTED_EDGE('',*,*,#2289,.F.);
#2906=ORIENTED_EDGE('',*,*,#2290,.F.);
#2907=ORIENTED_EDGE('',*,*,#2291,.F.);
#2908=ORIENTED_EDGE('',*,*,#2292,.T.);
#2909=ORIENTED_EDGE('',*,*,#2293,.F.);
#2910=ORIENTED_EDGE('',*,*,#2292,.F.);
#2911=ORIENTED_EDGE('',*,*,#2294,.F.);
#2912=ORIENTED_EDGE('',*,*,#2295,.T.);
#2913=ORIENTED_EDGE('',*,*,#2296,.F.);
#2914=ORIENTED_EDGE('',*,*,#2295,.F.);
#2915=ORIENTED_EDGE('',*,*,#2297,.F.);
#2916=ORIENTED_EDGE('',*,*,#2298,.T.);
#2917=ORIENTED_EDGE('',*,*,#2299,.F.);
#2918=ORIENTED_EDGE('',*,*,#2298,.F.);
#2919=ORIENTED_EDGE('',*,*,#2300,.F.);
#2920=ORIENTED_EDGE('',*,*,#2301,.T.);
#2921=ORIENTED_EDGE('',*,*,#2302,.F.);
#2922=ORIENTED_EDGE('',*,*,#2301,.F.);
#2923=ORIENTED_EDGE('',*,*,#2303,.F.);
#2924=ORIENTED_EDGE('',*,*,#2304,.T.);
#2925=ORIENTED_EDGE('',*,*,#2305,.F.);
#2926=ORIENTED_EDGE('',*,*,#2304,.F.);
#2927=ORIENTED_EDGE('',*,*,#2306,.F.);
#2928=ORIENTED_EDGE('',*,*,#2290,.T.);
#2929=ORIENTED_EDGE('',*,*,#2307,.F.);
#2930=ORIENTED_EDGE('',*,*,#2308,.F.);
#2931=ORIENTED_EDGE('',*,*,#2309,.F.);
#2932=ORIENTED_EDGE('',*,*,#2310,.T.);
#2933=ORIENTED_EDGE('',*,*,#2311,.F.);
#2934=ORIENTED_EDGE('',*,*,#2310,.F.);
#2935=ORIENTED_EDGE('',*,*,#2312,.F.);
#2936=ORIENTED_EDGE('',*,*,#2313,.T.);
#2937=ORIENTED_EDGE('',*,*,#2314,.F.);
#2938=ORIENTED_EDGE('',*,*,#2313,.F.);
#2939=ORIENTED_EDGE('',*,*,#2315,.F.);
#2940=ORIENTED_EDGE('',*,*,#2316,.T.);
#2941=ORIENTED_EDGE('',*,*,#2317,.F.);
#2942=ORIENTED_EDGE('',*,*,#2316,.F.);
#2943=ORIENTED_EDGE('',*,*,#2318,.F.);
#2944=ORIENTED_EDGE('',*,*,#2319,.T.);
#2945=ORIENTED_EDGE('',*,*,#2320,.F.);
#2946=ORIENTED_EDGE('',*,*,#2319,.F.);
#2947=ORIENTED_EDGE('',*,*,#2321,.F.);
#2948=ORIENTED_EDGE('',*,*,#2322,.T.);
#2949=ORIENTED_EDGE('',*,*,#2323,.F.);
#2950=ORIENTED_EDGE('',*,*,#2322,.F.);
#2951=ORIENTED_EDGE('',*,*,#2324,.F.);
#2952=ORIENTED_EDGE('',*,*,#2308,.T.);
#2953=ORIENTED_EDGE('',*,*,#2325,.F.);
#2954=ORIENTED_EDGE('',*,*,#2326,.T.);
#2955=ORIENTED_EDGE('',*,*,#2327,.F.);
#2956=ORIENTED_EDGE('',*,*,#2328,.F.);
#2957=ORIENTED_EDGE('',*,*,#2329,.F.);
#2958=ORIENTED_EDGE('',*,*,#2328,.T.);
#2959=ORIENTED_EDGE('',*,*,#2330,.F.);
#2960=ORIENTED_EDGE('',*,*,#2331,.F.);
#2961=ORIENTED_EDGE('',*,*,#2332,.F.);
#2962=ORIENTED_EDGE('',*,*,#2331,.T.);
#2963=ORIENTED_EDGE('',*,*,#2333,.F.);
#2964=ORIENTED_EDGE('',*,*,#2334,.F.);
#2965=ORIENTED_EDGE('',*,*,#2335,.F.);
#2966=ORIENTED_EDGE('',*,*,#2334,.T.);
#2967=ORIENTED_EDGE('',*,*,#2336,.F.);
#2968=ORIENTED_EDGE('',*,*,#2326,.F.);
#2969=ORIENTED_EDGE('',*,*,#2336,.T.);
#2970=ORIENTED_EDGE('',*,*,#2333,.T.);
#2971=ORIENTED_EDGE('',*,*,#2330,.T.);
#2972=ORIENTED_EDGE('',*,*,#2327,.T.);
#2973=ORIENTED_EDGE('',*,*,#1886,.T.);
#2974=ORIENTED_EDGE('',*,*,#1883,.T.);
#2975=ORIENTED_EDGE('',*,*,#1880,.T.);
#2976=ORIENTED_EDGE('',*,*,#1877,.T.);
#2977=ORIENTED_EDGE('',*,*,#1892,.T.);
#2978=ORIENTED_EDGE('',*,*,#1889,.T.);
#2979=ORIENTED_EDGE('',*,*,#1904,.T.);
#2980=ORIENTED_EDGE('',*,*,#1901,.T.);
#2981=ORIENTED_EDGE('',*,*,#1898,.T.);
#2982=ORIENTED_EDGE('',*,*,#1895,.T.);
#2983=ORIENTED_EDGE('',*,*,#1910,.T.);
#2984=ORIENTED_EDGE('',*,*,#1907,.T.);
#2985=ORIENTED_EDGE('',*,*,#1922,.T.);
#2986=ORIENTED_EDGE('',*,*,#1919,.T.);
#2987=ORIENTED_EDGE('',*,*,#1916,.T.);
#2988=ORIENTED_EDGE('',*,*,#1913,.T.);
#2989=ORIENTED_EDGE('',*,*,#1928,.T.);
#2990=ORIENTED_EDGE('',*,*,#1925,.T.);
#2991=ORIENTED_EDGE('',*,*,#1940,.T.);
#2992=ORIENTED_EDGE('',*,*,#1937,.T.);
#2993=ORIENTED_EDGE('',*,*,#1934,.T.);
#2994=ORIENTED_EDGE('',*,*,#1931,.T.);
#2995=ORIENTED_EDGE('',*,*,#1946,.T.);
#2996=ORIENTED_EDGE('',*,*,#1943,.T.);
#2997=ORIENTED_EDGE('',*,*,#1958,.T.);
#2998=ORIENTED_EDGE('',*,*,#1955,.T.);
#2999=ORIENTED_EDGE('',*,*,#1952,.T.);
#3000=ORIENTED_EDGE('',*,*,#1949,.T.);
#3001=ORIENTED_EDGE('',*,*,#1964,.T.);
#3002=ORIENTED_EDGE('',*,*,#1961,.T.);
#3003=ORIENTED_EDGE('',*,*,#1976,.T.);
#3004=ORIENTED_EDGE('',*,*,#1973,.T.);
#3005=ORIENTED_EDGE('',*,*,#1970,.T.);
#3006=ORIENTED_EDGE('',*,*,#1967,.T.);
#3007=ORIENTED_EDGE('',*,*,#1982,.T.);
#3008=ORIENTED_EDGE('',*,*,#1979,.T.);
#3009=ORIENTED_EDGE('',*,*,#1994,.T.);
#3010=ORIENTED_EDGE('',*,*,#1991,.T.);
#3011=ORIENTED_EDGE('',*,*,#1988,.T.);
#3012=ORIENTED_EDGE('',*,*,#1985,.T.);
#3013=ORIENTED_EDGE('',*,*,#2000,.T.);
#3014=ORIENTED_EDGE('',*,*,#1997,.T.);
#3015=ORIENTED_EDGE('',*,*,#2012,.T.);
#3016=ORIENTED_EDGE('',*,*,#2009,.T.);
#3017=ORIENTED_EDGE('',*,*,#2006,.T.);
#3018=ORIENTED_EDGE('',*,*,#2003,.T.);
#3019=ORIENTED_EDGE('',*,*,#2018,.T.);
#3020=ORIENTED_EDGE('',*,*,#2015,.T.);
#3021=ORIENTED_EDGE('',*,*,#2030,.T.);
#3022=ORIENTED_EDGE('',*,*,#2027,.T.);
#3023=ORIENTED_EDGE('',*,*,#2024,.T.);
#3024=ORIENTED_EDGE('',*,*,#2021,.T.);
#3025=ORIENTED_EDGE('',*,*,#2036,.T.);
#3026=ORIENTED_EDGE('',*,*,#2033,.T.);
#3027=ORIENTED_EDGE('',*,*,#2048,.T.);
#3028=ORIENTED_EDGE('',*,*,#2045,.T.);
#3029=ORIENTED_EDGE('',*,*,#2042,.T.);
#3030=ORIENTED_EDGE('',*,*,#2039,.T.);
#3031=ORIENTED_EDGE('',*,*,#2054,.T.);
#3032=ORIENTED_EDGE('',*,*,#2051,.T.);
#3033=ORIENTED_EDGE('',*,*,#2066,.T.);
#3034=ORIENTED_EDGE('',*,*,#2063,.T.);
#3035=ORIENTED_EDGE('',*,*,#2060,.T.);
#3036=ORIENTED_EDGE('',*,*,#2057,.T.);
#3037=ORIENTED_EDGE('',*,*,#2072,.T.);
#3038=ORIENTED_EDGE('',*,*,#2069,.T.);
#3039=ORIENTED_EDGE('',*,*,#2084,.T.);
#3040=ORIENTED_EDGE('',*,*,#2081,.T.);
#3041=ORIENTED_EDGE('',*,*,#2078,.T.);
#3042=ORIENTED_EDGE('',*,*,#2075,.T.);
#3043=ORIENTED_EDGE('',*,*,#2090,.T.);
#3044=ORIENTED_EDGE('',*,*,#2087,.T.);
#3045=ORIENTED_EDGE('',*,*,#2102,.T.);
#3046=ORIENTED_EDGE('',*,*,#2099,.T.);
#3047=ORIENTED_EDGE('',*,*,#2096,.T.);
#3048=ORIENTED_EDGE('',*,*,#2093,.T.);
#3049=ORIENTED_EDGE('',*,*,#2108,.T.);
#3050=ORIENTED_EDGE('',*,*,#2105,.T.);
#3051=ORIENTED_EDGE('',*,*,#2120,.T.);
#3052=ORIENTED_EDGE('',*,*,#2117,.T.);
#3053=ORIENTED_EDGE('',*,*,#2114,.T.);
#3054=ORIENTED_EDGE('',*,*,#2111,.T.);
#3055=ORIENTED_EDGE('',*,*,#2126,.T.);
#3056=ORIENTED_EDGE('',*,*,#2123,.T.);
#3057=ORIENTED_EDGE('',*,*,#2138,.T.);
#3058=ORIENTED_EDGE('',*,*,#2135,.T.);
#3059=ORIENTED_EDGE('',*,*,#2132,.T.);
#3060=ORIENTED_EDGE('',*,*,#2129,.T.);
#3061=ORIENTED_EDGE('',*,*,#2144,.T.);
#3062=ORIENTED_EDGE('',*,*,#2141,.T.);
#3063=ORIENTED_EDGE('',*,*,#2156,.T.);
#3064=ORIENTED_EDGE('',*,*,#2153,.T.);
#3065=ORIENTED_EDGE('',*,*,#2150,.T.);
#3066=ORIENTED_EDGE('',*,*,#2147,.T.);
#3067=ORIENTED_EDGE('',*,*,#2162,.T.);
#3068=ORIENTED_EDGE('',*,*,#2159,.T.);
#3069=ORIENTED_EDGE('',*,*,#2174,.T.);
#3070=ORIENTED_EDGE('',*,*,#2171,.T.);
#3071=ORIENTED_EDGE('',*,*,#2168,.T.);
#3072=ORIENTED_EDGE('',*,*,#2165,.T.);
#3073=ORIENTED_EDGE('',*,*,#2180,.T.);
#3074=ORIENTED_EDGE('',*,*,#2177,.T.);
#3075=ORIENTED_EDGE('',*,*,#2192,.T.);
#3076=ORIENTED_EDGE('',*,*,#2189,.T.);
#3077=ORIENTED_EDGE('',*,*,#2186,.T.);
#3078=ORIENTED_EDGE('',*,*,#2183,.T.);
#3079=ORIENTED_EDGE('',*,*,#2198,.T.);
#3080=ORIENTED_EDGE('',*,*,#2195,.T.);
#3081=ORIENTED_EDGE('',*,*,#2210,.T.);
#3082=ORIENTED_EDGE('',*,*,#2207,.T.);
#3083=ORIENTED_EDGE('',*,*,#2204,.T.);
#3084=ORIENTED_EDGE('',*,*,#2201,.T.);
#3085=ORIENTED_EDGE('',*,*,#2216,.T.);
#3086=ORIENTED_EDGE('',*,*,#2213,.T.);
#3087=ORIENTED_EDGE('',*,*,#2228,.T.);
#3088=ORIENTED_EDGE('',*,*,#2225,.T.);
#3089=ORIENTED_EDGE('',*,*,#2222,.T.);
#3090=ORIENTED_EDGE('',*,*,#2219,.T.);
#3091=ORIENTED_EDGE('',*,*,#2234,.T.);
#3092=ORIENTED_EDGE('',*,*,#2231,.T.);
#3093=ORIENTED_EDGE('',*,*,#2246,.T.);
#3094=ORIENTED_EDGE('',*,*,#2243,.T.);
#3095=ORIENTED_EDGE('',*,*,#2240,.T.);
#3096=ORIENTED_EDGE('',*,*,#2237,.T.);
#3097=ORIENTED_EDGE('',*,*,#2252,.T.);
#3098=ORIENTED_EDGE('',*,*,#2249,.T.);
#3099=ORIENTED_EDGE('',*,*,#2264,.T.);
#3100=ORIENTED_EDGE('',*,*,#2261,.T.);
#3101=ORIENTED_EDGE('',*,*,#2258,.T.);
#3102=ORIENTED_EDGE('',*,*,#2255,.T.);
#3103=ORIENTED_EDGE('',*,*,#2270,.T.);
#3104=ORIENTED_EDGE('',*,*,#2267,.T.);
#3105=ORIENTED_EDGE('',*,*,#2282,.T.);
#3106=ORIENTED_EDGE('',*,*,#2279,.T.);
#3107=ORIENTED_EDGE('',*,*,#2276,.T.);
#3108=ORIENTED_EDGE('',*,*,#2273,.T.);
#3109=ORIENTED_EDGE('',*,*,#2288,.T.);
#3110=ORIENTED_EDGE('',*,*,#2285,.T.);
#3111=ORIENTED_EDGE('',*,*,#2300,.T.);
#3112=ORIENTED_EDGE('',*,*,#2297,.T.);
#3113=ORIENTED_EDGE('',*,*,#2294,.T.);
#3114=ORIENTED_EDGE('',*,*,#2291,.T.);
#3115=ORIENTED_EDGE('',*,*,#2306,.T.);
#3116=ORIENTED_EDGE('',*,*,#2303,.T.);
#3117=ORIENTED_EDGE('',*,*,#2318,.T.);
#3118=ORIENTED_EDGE('',*,*,#2315,.T.);
#3119=ORIENTED_EDGE('',*,*,#2312,.T.);
#3120=ORIENTED_EDGE('',*,*,#2309,.T.);
#3121=ORIENTED_EDGE('',*,*,#2324,.T.);
#3122=ORIENTED_EDGE('',*,*,#2321,.T.);
#3123=ORIENTED_EDGE('',*,*,#1872,.T.);
#3124=ORIENTED_EDGE('',*,*,#1869,.T.);
#3125=ORIENTED_EDGE('',*,*,#1866,.T.);
#3126=ORIENTED_EDGE('',*,*,#1863,.T.);
#3127=ORIENTED_EDGE('',*,*,#2335,.T.);
#3128=ORIENTED_EDGE('',*,*,#2325,.T.);
#3129=ORIENTED_EDGE('',*,*,#2329,.T.);
#3130=ORIENTED_EDGE('',*,*,#2332,.T.);
#3131=ORIENTED_EDGE('',*,*,#1885,.T.);
#3132=ORIENTED_EDGE('',*,*,#1888,.T.);
#3133=ORIENTED_EDGE('',*,*,#1891,.T.);
#3134=ORIENTED_EDGE('',*,*,#1875,.T.);
#3135=ORIENTED_EDGE('',*,*,#1879,.T.);
#3136=ORIENTED_EDGE('',*,*,#1882,.T.);
#3137=ORIENTED_EDGE('',*,*,#1903,.T.);
#3138=ORIENTED_EDGE('',*,*,#1906,.T.);
#3139=ORIENTED_EDGE('',*,*,#1909,.T.);
#3140=ORIENTED_EDGE('',*,*,#1893,.T.);
#3141=ORIENTED_EDGE('',*,*,#1897,.T.);
#3142=ORIENTED_EDGE('',*,*,#1900,.T.);
#3143=ORIENTED_EDGE('',*,*,#1921,.T.);
#3144=ORIENTED_EDGE('',*,*,#1924,.T.);
#3145=ORIENTED_EDGE('',*,*,#1927,.T.);
#3146=ORIENTED_EDGE('',*,*,#1911,.T.);
#3147=ORIENTED_EDGE('',*,*,#1915,.T.);
#3148=ORIENTED_EDGE('',*,*,#1918,.T.);
#3149=ORIENTED_EDGE('',*,*,#1939,.T.);
#3150=ORIENTED_EDGE('',*,*,#1942,.T.);
#3151=ORIENTED_EDGE('',*,*,#1945,.T.);
#3152=ORIENTED_EDGE('',*,*,#1929,.T.);
#3153=ORIENTED_EDGE('',*,*,#1933,.T.);
#3154=ORIENTED_EDGE('',*,*,#1936,.T.);
#3155=ORIENTED_EDGE('',*,*,#1957,.T.);
#3156=ORIENTED_EDGE('',*,*,#1960,.T.);
#3157=ORIENTED_EDGE('',*,*,#1963,.T.);
#3158=ORIENTED_EDGE('',*,*,#1947,.T.);
#3159=ORIENTED_EDGE('',*,*,#1951,.T.);
#3160=ORIENTED_EDGE('',*,*,#1954,.T.);
#3161=ORIENTED_EDGE('',*,*,#1975,.T.);
#3162=ORIENTED_EDGE('',*,*,#1978,.T.);
#3163=ORIENTED_EDGE('',*,*,#1981,.T.);
#3164=ORIENTED_EDGE('',*,*,#1965,.T.);
#3165=ORIENTED_EDGE('',*,*,#1969,.T.);
#3166=ORIENTED_EDGE('',*,*,#1972,.T.);
#3167=ORIENTED_EDGE('',*,*,#1993,.T.);
#3168=ORIENTED_EDGE('',*,*,#1996,.T.);
#3169=ORIENTED_EDGE('',*,*,#1999,.T.);
#3170=ORIENTED_EDGE('',*,*,#1983,.T.);
#3171=ORIENTED_EDGE('',*,*,#1987,.T.);
#3172=ORIENTED_EDGE('',*,*,#1990,.T.);
#3173=ORIENTED_EDGE('',*,*,#2011,.T.);
#3174=ORIENTED_EDGE('',*,*,#2014,.T.);
#3175=ORIENTED_EDGE('',*,*,#2017,.T.);
#3176=ORIENTED_EDGE('',*,*,#2001,.T.);
#3177=ORIENTED_EDGE('',*,*,#2005,.T.);
#3178=ORIENTED_EDGE('',*,*,#2008,.T.);
#3179=ORIENTED_EDGE('',*,*,#2029,.T.);
#3180=ORIENTED_EDGE('',*,*,#2032,.T.);
#3181=ORIENTED_EDGE('',*,*,#2035,.T.);
#3182=ORIENTED_EDGE('',*,*,#2019,.T.);
#3183=ORIENTED_EDGE('',*,*,#2023,.T.);
#3184=ORIENTED_EDGE('',*,*,#2026,.T.);
#3185=ORIENTED_EDGE('',*,*,#2047,.T.);
#3186=ORIENTED_EDGE('',*,*,#2050,.T.);
#3187=ORIENTED_EDGE('',*,*,#2053,.T.);
#3188=ORIENTED_EDGE('',*,*,#2037,.T.);
#3189=ORIENTED_EDGE('',*,*,#2041,.T.);
#3190=ORIENTED_EDGE('',*,*,#2044,.T.);
#3191=ORIENTED_EDGE('',*,*,#2065,.T.);
#3192=ORIENTED_EDGE('',*,*,#2068,.T.);
#3193=ORIENTED_EDGE('',*,*,#2071,.T.);
#3194=ORIENTED_EDGE('',*,*,#2055,.T.);
#3195=ORIENTED_EDGE('',*,*,#2059,.T.);
#3196=ORIENTED_EDGE('',*,*,#2062,.T.);
#3197=ORIENTED_EDGE('',*,*,#2083,.T.);
#3198=ORIENTED_EDGE('',*,*,#2086,.T.);
#3199=ORIENTED_EDGE('',*,*,#2089,.T.);
#3200=ORIENTED_EDGE('',*,*,#2073,.T.);
#3201=ORIENTED_EDGE('',*,*,#2077,.T.);
#3202=ORIENTED_EDGE('',*,*,#2080,.T.);
#3203=ORIENTED_EDGE('',*,*,#2101,.T.);
#3204=ORIENTED_EDGE('',*,*,#2104,.T.);
#3205=ORIENTED_EDGE('',*,*,#2107,.T.);
#3206=ORIENTED_EDGE('',*,*,#2091,.T.);
#3207=ORIENTED_EDGE('',*,*,#2095,.T.);
#3208=ORIENTED_EDGE('',*,*,#2098,.T.);
#3209=ORIENTED_EDGE('',*,*,#2119,.T.);
#3210=ORIENTED_EDGE('',*,*,#2122,.T.);
#3211=ORIENTED_EDGE('',*,*,#2125,.T.);
#3212=ORIENTED_EDGE('',*,*,#2109,.T.);
#3213=ORIENTED_EDGE('',*,*,#2113,.T.);
#3214=ORIENTED_EDGE('',*,*,#2116,.T.);
#3215=ORIENTED_EDGE('',*,*,#2137,.T.);
#3216=ORIENTED_EDGE('',*,*,#2140,.T.);
#3217=ORIENTED_EDGE('',*,*,#2143,.T.);
#3218=ORIENTED_EDGE('',*,*,#2127,.T.);
#3219=ORIENTED_EDGE('',*,*,#2131,.T.);
#3220=ORIENTED_EDGE('',*,*,#2134,.T.);
#3221=ORIENTED_EDGE('',*,*,#2155,.T.);
#3222=ORIENTED_EDGE('',*,*,#2158,.T.);
#3223=ORIENTED_EDGE('',*,*,#2161,.T.);
#3224=ORIENTED_EDGE('',*,*,#2145,.T.);
#3225=ORIENTED_EDGE('',*,*,#2149,.T.);
#3226=ORIENTED_EDGE('',*,*,#2152,.T.);
#3227=ORIENTED_EDGE('',*,*,#2173,.T.);
#3228=ORIENTED_EDGE('',*,*,#2176,.T.);
#3229=ORIENTED_EDGE('',*,*,#2179,.T.);
#3230=ORIENTED_EDGE('',*,*,#2163,.T.);
#3231=ORIENTED_EDGE('',*,*,#2167,.T.);
#3232=ORIENTED_EDGE('',*,*,#2170,.T.);
#3233=ORIENTED_EDGE('',*,*,#2191,.T.);
#3234=ORIENTED_EDGE('',*,*,#2194,.T.);
#3235=ORIENTED_EDGE('',*,*,#2197,.T.);
#3236=ORIENTED_EDGE('',*,*,#2181,.T.);
#3237=ORIENTED_EDGE('',*,*,#2185,.T.);
#3238=ORIENTED_EDGE('',*,*,#2188,.T.);
#3239=ORIENTED_EDGE('',*,*,#2209,.T.);
#3240=ORIENTED_EDGE('',*,*,#2212,.T.);
#3241=ORIENTED_EDGE('',*,*,#2215,.T.);
#3242=ORIENTED_EDGE('',*,*,#2199,.T.);
#3243=ORIENTED_EDGE('',*,*,#2203,.T.);
#3244=ORIENTED_EDGE('',*,*,#2206,.T.);
#3245=ORIENTED_EDGE('',*,*,#2227,.T.);
#3246=ORIENTED_EDGE('',*,*,#2230,.T.);
#3247=ORIENTED_EDGE('',*,*,#2233,.T.);
#3248=ORIENTED_EDGE('',*,*,#2217,.T.);
#3249=ORIENTED_EDGE('',*,*,#2221,.T.);
#3250=ORIENTED_EDGE('',*,*,#2224,.T.);
#3251=ORIENTED_EDGE('',*,*,#2245,.T.);
#3252=ORIENTED_EDGE('',*,*,#2248,.T.);
#3253=ORIENTED_EDGE('',*,*,#2251,.T.);
#3254=ORIENTED_EDGE('',*,*,#2235,.T.);
#3255=ORIENTED_EDGE('',*,*,#2239,.T.);
#3256=ORIENTED_EDGE('',*,*,#2242,.T.);
#3257=ORIENTED_EDGE('',*,*,#2263,.T.);
#3258=ORIENTED_EDGE('',*,*,#2266,.T.);
#3259=ORIENTED_EDGE('',*,*,#2269,.T.);
#3260=ORIENTED_EDGE('',*,*,#2253,.T.);
#3261=ORIENTED_EDGE('',*,*,#2257,.T.);
#3262=ORIENTED_EDGE('',*,*,#2260,.T.);
#3263=ORIENTED_EDGE('',*,*,#2281,.T.);
#3264=ORIENTED_EDGE('',*,*,#2284,.T.);
#3265=ORIENTED_EDGE('',*,*,#2287,.T.);
#3266=ORIENTED_EDGE('',*,*,#2271,.T.);
#3267=ORIENTED_EDGE('',*,*,#2275,.T.);
#3268=ORIENTED_EDGE('',*,*,#2278,.T.);
#3269=ORIENTED_EDGE('',*,*,#2299,.T.);
#3270=ORIENTED_EDGE('',*,*,#2302,.T.);
#3271=ORIENTED_EDGE('',*,*,#2305,.T.);
#3272=ORIENTED_EDGE('',*,*,#2289,.T.);
#3273=ORIENTED_EDGE('',*,*,#2293,.T.);
#3274=ORIENTED_EDGE('',*,*,#2296,.T.);
#3275=ORIENTED_EDGE('',*,*,#2317,.T.);
#3276=ORIENTED_EDGE('',*,*,#2320,.T.);
#3277=ORIENTED_EDGE('',*,*,#2323,.T.);
#3278=ORIENTED_EDGE('',*,*,#2307,.T.);
#3279=ORIENTED_EDGE('',*,*,#2311,.T.);
#3280=ORIENTED_EDGE('',*,*,#2314,.T.);
#3281=ORIENTED_EDGE('',*,*,#1874,.T.);
#3282=ORIENTED_EDGE('',*,*,#1871,.T.);
#3283=ORIENTED_EDGE('',*,*,#1868,.T.);
#3284=ORIENTED_EDGE('',*,*,#1865,.T.);
#3285=CYLINDRICAL_SURFACE('',#3451,1.5);
#3286=CYLINDRICAL_SURFACE('',#3454,1.5);
#3287=CYLINDRICAL_SURFACE('',#3457,1.5);
#3288=CYLINDRICAL_SURFACE('',#3460,1.5);
#3289=ADVANCED_FACE('',(#229),#3285,.F.);
#3290=ADVANCED_FACE('',(#230),#3286,.F.);
#3291=ADVANCED_FACE('',(#231),#3287,.F.);
#3292=ADVANCED_FACE('',(#232),#3288,.F.);
#3293=ADVANCED_FACE('',(#233),#73,.F.);
#3294=ADVANCED_FACE('',(#234),#74,.F.);
#3295=ADVANCED_FACE('',(#235),#75,.F.);
#3296=ADVANCED_FACE('',(#236),#76,.F.);
#3297=ADVANCED_FACE('',(#237),#77,.F.);
#3298=ADVANCED_FACE('',(#238),#78,.F.);
#3299=ADVANCED_FACE('',(#239),#79,.F.);
#3300=ADVANCED_FACE('',(#240),#80,.F.);
#3301=ADVANCED_FACE('',(#241),#81,.F.);
#3302=ADVANCED_FACE('',(#242),#82,.F.);
#3303=ADVANCED_FACE('',(#243),#83,.F.);
#3304=ADVANCED_FACE('',(#244),#84,.F.);
#3305=ADVANCED_FACE('',(#245),#85,.F.);
#3306=ADVANCED_FACE('',(#246),#86,.F.);
#3307=ADVANCED_FACE('',(#247),#87,.F.);
#3308=ADVANCED_FACE('',(#248),#88,.F.);
#3309=ADVANCED_FACE('',(#249),#89,.F.);
#3310=ADVANCED_FACE('',(#250),#90,.F.);
#3311=ADVANCED_FACE('',(#251),#91,.F.);
#3312=ADVANCED_FACE('',(#252),#92,.F.);
#3313=ADVANCED_FACE('',(#253),#93,.F.);
#3314=ADVANCED_FACE('',(#254),#94,.F.);
#3315=ADVANCED_FACE('',(#255),#95,.F.);
#3316=ADVANCED_FACE('',(#256),#96,.F.);
#3317=ADVANCED_FACE('',(#257),#97,.F.);
#3318=ADVANCED_FACE('',(#258),#98,.F.);
#3319=ADVANCED_FACE('',(#259),#99,.F.);
#3320=ADVANCED_FACE('',(#260),#100,.F.);
#3321=ADVANCED_FACE('',(#261),#101,.F.);
#3322=ADVANCED_FACE('',(#262),#102,.F.);
#3323=ADVANCED_FACE('',(#263),#103,.F.);
#3324=ADVANCED_FACE('',(#264),#104,.F.);
#3325=ADVANCED_FACE('',(#265),#105,.F.);
#3326=ADVANCED_FACE('',(#266),#106,.F.);
#3327=ADVANCED_FACE('',(#267),#107,.F.);
#3328=ADVANCED_FACE('',(#268),#108,.F.);
#3329=ADVANCED_FACE('',(#269),#109,.F.);
#3330=ADVANCED_FACE('',(#270),#110,.F.);
#3331=ADVANCED_FACE('',(#271),#111,.F.);
#3332=ADVANCED_FACE('',(#272),#112,.F.);
#3333=ADVANCED_FACE('',(#273),#113,.F.);
#3334=ADVANCED_FACE('',(#274),#114,.F.);
#3335=ADVANCED_FACE('',(#275),#115,.F.);
#3336=ADVANCED_FACE('',(#276),#116,.F.);
#3337=ADVANCED_FACE('',(#277),#117,.F.);
#3338=ADVANCED_FACE('',(#278),#118,.F.);
#3339=ADVANCED_FACE('',(#279),#119,.F.);
#3340=ADVANCED_FACE('',(#280),#120,.F.);
#3341=ADVANCED_FACE('',(#281),#121,.F.);
#3342=ADVANCED_FACE('',(#282),#122,.F.);
#3343=ADVANCED_FACE('',(#283),#123,.F.);
#3344=ADVANCED_FACE('',(#284),#124,.F.);
#3345=ADVANCED_FACE('',(#285),#125,.F.);
#3346=ADVANCED_FACE('',(#286),#126,.F.);
#3347=ADVANCED_FACE('',(#287),#127,.F.);
#3348=ADVANCED_FACE('',(#288),#128,.F.);
#3349=ADVANCED_FACE('',(#289),#129,.F.);
#3350=ADVANCED_FACE('',(#290),#130,.F.);
#3351=ADVANCED_FACE('',(#291),#131,.F.);
#3352=ADVANCED_FACE('',(#292),#132,.F.);
#3353=ADVANCED_FACE('',(#293),#133,.F.);
#3354=ADVANCED_FACE('',(#294),#134,.F.);
#3355=ADVANCED_FACE('',(#295),#135,.F.);
#3356=ADVANCED_FACE('',(#296),#136,.F.);
#3357=ADVANCED_FACE('',(#297),#137,.F.);
#3358=ADVANCED_FACE('',(#298),#138,.F.);
#3359=ADVANCED_FACE('',(#299),#139,.F.);
#3360=ADVANCED_FACE('',(#300),#140,.F.);
#3361=ADVANCED_FACE('',(#301),#141,.F.);
#3362=ADVANCED_FACE('',(#302),#142,.F.);
#3363=ADVANCED_FACE('',(#303),#143,.F.);
#3364=ADVANCED_FACE('',(#304),#144,.F.);
#3365=ADVANCED_FACE('',(#305),#145,.F.);
#3366=ADVANCED_FACE('',(#306),#146,.F.);
#3367=ADVANCED_FACE('',(#307),#147,.F.);
#3368=ADVANCED_FACE('',(#308),#148,.F.);
#3369=ADVANCED_FACE('',(#309),#149,.F.);
#3370=ADVANCED_FACE('',(#310),#150,.F.);
#3371=ADVANCED_FACE('',(#311),#151,.F.);
#3372=ADVANCED_FACE('',(#312),#152,.F.);
#3373=ADVANCED_FACE('',(#313),#153,.F.);
#3374=ADVANCED_FACE('',(#314),#154,.F.);
#3375=ADVANCED_FACE('',(#315),#155,.F.);
#3376=ADVANCED_FACE('',(#316),#156,.F.);
#3377=ADVANCED_FACE('',(#317),#157,.F.);
#3378=ADVANCED_FACE('',(#318),#158,.F.);
#3379=ADVANCED_FACE('',(#319),#159,.F.);
#3380=ADVANCED_FACE('',(#320),#160,.F.);
#3381=ADVANCED_FACE('',(#321),#161,.F.);
#3382=ADVANCED_FACE('',(#322),#162,.F.);
#3383=ADVANCED_FACE('',(#323),#163,.F.);
#3384=ADVANCED_FACE('',(#324),#164,.F.);
#3385=ADVANCED_FACE('',(#325),#165,.F.);
#3386=ADVANCED_FACE('',(#326),#166,.F.);
#3387=ADVANCED_FACE('',(#327),#167,.F.);
#3388=ADVANCED_FACE('',(#328),#168,.F.);
#3389=ADVANCED_FACE('',(#329),#169,.F.);
#3390=ADVANCED_FACE('',(#330),#170,.F.);
#3391=ADVANCED_FACE('',(#331),#171,.F.);
#3392=ADVANCED_FACE('',(#332),#172,.F.);
#3393=ADVANCED_FACE('',(#333),#173,.F.);
#3394=ADVANCED_FACE('',(#334),#174,.F.);
#3395=ADVANCED_FACE('',(#335),#175,.F.);
#3396=ADVANCED_FACE('',(#336),#176,.F.);
#3397=ADVANCED_FACE('',(#337),#177,.F.);
#3398=ADVANCED_FACE('',(#338),#178,.F.);
#3399=ADVANCED_FACE('',(#339),#179,.F.);
#3400=ADVANCED_FACE('',(#340),#180,.F.);
#3401=ADVANCED_FACE('',(#341),#181,.F.);
#3402=ADVANCED_FACE('',(#342),#182,.F.);
#3403=ADVANCED_FACE('',(#343),#183,.F.);
#3404=ADVANCED_FACE('',(#344),#184,.F.);
#3405=ADVANCED_FACE('',(#345),#185,.F.);
#3406=ADVANCED_FACE('',(#346),#186,.F.);
#3407=ADVANCED_FACE('',(#347),#187,.F.);
#3408=ADVANCED_FACE('',(#348),#188,.F.);
#3409=ADVANCED_FACE('',(#349),#189,.F.);
#3410=ADVANCED_FACE('',(#350),#190,.F.);
#3411=ADVANCED_FACE('',(#351),#191,.F.);
#3412=ADVANCED_FACE('',(#352),#192,.F.);
#3413=ADVANCED_FACE('',(#353),#193,.F.);
#3414=ADVANCED_FACE('',(#354),#194,.F.);
#3415=ADVANCED_FACE('',(#355),#195,.F.);
#3416=ADVANCED_FACE('',(#356),#196,.F.);
#3417=ADVANCED_FACE('',(#357),#197,.F.);
#3418=ADVANCED_FACE('',(#358),#198,.F.);
#3419=ADVANCED_FACE('',(#359),#199,.F.);
#3420=ADVANCED_FACE('',(#360),#200,.F.);
#3421=ADVANCED_FACE('',(#361),#201,.F.);
#3422=ADVANCED_FACE('',(#362),#202,.F.);
#3423=ADVANCED_FACE('',(#363),#203,.F.);
#3424=ADVANCED_FACE('',(#364),#204,.F.);
#3425=ADVANCED_FACE('',(#365),#205,.F.);
#3426=ADVANCED_FACE('',(#366),#206,.F.);
#3427=ADVANCED_FACE('',(#367),#207,.F.);
#3428=ADVANCED_FACE('',(#368),#208,.F.);
#3429=ADVANCED_FACE('',(#369),#209,.F.);
#3430=ADVANCED_FACE('',(#370),#210,.F.);
#3431=ADVANCED_FACE('',(#371),#211,.F.);
#3432=ADVANCED_FACE('',(#372),#212,.F.);
#3433=ADVANCED_FACE('',(#373),#213,.F.);
#3434=ADVANCED_FACE('',(#374),#214,.F.);
#3435=ADVANCED_FACE('',(#375),#215,.F.);
#3436=ADVANCED_FACE('',(#376),#216,.F.);
#3437=ADVANCED_FACE('',(#377),#217,.F.);
#3438=ADVANCED_FACE('',(#378),#218,.F.);
#3439=ADVANCED_FACE('',(#379),#219,.F.);
#3440=ADVANCED_FACE('',(#380),#220,.F.);
#3441=ADVANCED_FACE('',(#381),#221,.F.);
#3442=ADVANCED_FACE('',(#382),#222,.F.);
#3443=ADVANCED_FACE('',(#383),#223,.T.);
#3444=ADVANCED_FACE('',(#384),#224,.T.);
#3445=ADVANCED_FACE('',(#385),#225,.T.);
#3446=ADVANCED_FACE('',(#386),#226,.T.);
#3447=ADVANCED_FACE('',(#387,#15,#16,#17,#18,#19,#20,#21,#22,#23,#24,#25,
#26,#27,#28,#29,#30,#31,#32,#33,#34,#35,#36,#37,#38,#39,#40,#41,#42,#43),
#227,.T.);
#3448=ADVANCED_FACE('',(#388,#44,#45,#46,#47,#48,#49,#50,#51,#52,#53,#54,
#55,#56,#57,#58,#59,#60,#61,#62,#63,#64,#65,#66,#67,#68,#69,#70,#71,#72),
#228,.F.);
#3449=CLOSED_SHELL('',(#3289,#3290,#3291,#3292,#3293,#3294,#3295,#3296,
#3297,#3298,#3299,#3300,#3301,#3302,#3303,#3304,#3305,#3306,#3307,#3308,
#3309,#3310,#3311,#3312,#3313,#3314,#3315,#3316,#3317,#3318,#3319,#3320,
#3321,#3322,#3323,#3324,#3325,#3326,#3327,#3328,#3329,#3330,#3331,#3332,
#3333,#3334,#3335,#3336,#3337,#3338,#3339,#3340,#3341,#3342,#3343,#3344,
#3345,#3346,#3347,#3348,#3349,#3350,#3351,#3352,#3353,#3354,#3355,#3356,
#3357,#3358,#3359,#3360,#3361,#3362,#3363,#3364,#3365,#3366,#3367,#3368,
#3369,#3370,#3371,#3372,#3373,#3374,#3375,#3376,#3377,#3378,#3379,#3380,
#3381,#3382,#3383,#3384,#3385,#3386,#3387,#3388,#3389,#3390,#3391,#3392,
#3393,#3394,#3395,#3396,#3397,#3398,#3399,#3400,#3401,#3402,#3403,#3404,
#3405,#3406,#3407,#3408,#3409,#3410,#3411,#3412,#3413,#3414,#3415,#3416,
#3417,#3418,#3419,#3420,#3421,#3422,#3423,#3424,#3425,#3426,#3427,#3428,
#3429,#3430,#3431,#3432,#3433,#3434,#3435,#3436,#3437,#3438,#3439,#3440,
#3441,#3442,#3443,#3444,#3445,#3446,#3447,#3448));
#3450=AXIS2_PLACEMENT_3D('',#4423,#3619,#3620);
#3451=AXIS2_PLACEMENT_3D('',#4424,#3621,#3622);
#3452=AXIS2_PLACEMENT_3D('',#4426,#3623,#3624);
#3453=AXIS2_PLACEMENT_3D('',#4429,#3626,#3627);
#3454=AXIS2_PLACEMENT_3D('',#4430,#3628,#3629);
#3455=AXIS2_PLACEMENT_3D('',#4432,#3630,#3631);
#3456=AXIS2_PLACEMENT_3D('',#4435,#3633,#3634);
#3457=AXIS2_PLACEMENT_3D('',#4436,#3635,#3636);
#3458=AXIS2_PLACEMENT_3D('',#4438,#3637,#3638);
#3459=AXIS2_PLACEMENT_3D('',#4441,#3640,#3641);
#3460=AXIS2_PLACEMENT_3D('',#4442,#3642,#3643);
#3461=AXIS2_PLACEMENT_3D('',#4444,#3644,#3645);
#3462=AXIS2_PLACEMENT_3D('',#4447,#3647,#3648);
#3463=AXIS2_PLACEMENT_3D('',#4448,#3649,#3650);
#3464=AXIS2_PLACEMENT_3D('',#4457,#3655,#3656);
#3465=AXIS2_PLACEMENT_3D('',#4463,#3660,#3661);
#3466=AXIS2_PLACEMENT_3D('',#4469,#3665,#3666);
#3467=AXIS2_PLACEMENT_3D('',#4475,#3670,#3671);
#3468=AXIS2_PLACEMENT_3D('',#4481,#3675,#3676);
#3469=AXIS2_PLACEMENT_3D('',#4484,#3679,#3680);
#3470=AXIS2_PLACEMENT_3D('',#4493,#3685,#3686);
#3471=AXIS2_PLACEMENT_3D('',#4499,#3690,#3691);
#3472=AXIS2_PLACEMENT_3D('',#4505,#3695,#3696);
#3473=AXIS2_PLACEMENT_3D('',#4511,#3700,#3701);
#3474=AXIS2_PLACEMENT_3D('',#4517,#3705,#3706);
#3475=AXIS2_PLACEMENT_3D('',#4520,#3709,#3710);
#3476=AXIS2_PLACEMENT_3D('',#4529,#3715,#3716);
#3477=AXIS2_PLACEMENT_3D('',#4535,#3720,#3721);
#3478=AXIS2_PLACEMENT_3D('',#4541,#3725,#3726);
#3479=AXIS2_PLACEMENT_3D('',#4547,#3730,#3731);
#3480=AXIS2_PLACEMENT_3D('',#4553,#3735,#3736);
#3481=AXIS2_PLACEMENT_3D('',#4556,#3739,#3740);
#3482=AXIS2_PLACEMENT_3D('',#4565,#3745,#3746);
#3483=AXIS2_PLACEMENT_3D('',#4571,#3750,#3751);
#3484=AXIS2_PLACEMENT_3D('',#4577,#3755,#3756);
#3485=AXIS2_PLACEMENT_3D('',#4583,#3760,#3761);
#3486=AXIS2_PLACEMENT_3D('',#4589,#3765,#3766);
#3487=AXIS2_PLACEMENT_3D('',#4592,#3769,#3770);
#3488=AXIS2_PLACEMENT_3D('',#4601,#3775,#3776);
#3489=AXIS2_PLACEMENT_3D('',#4607,#3780,#3781);
#3490=AXIS2_PLACEMENT_3D('',#4613,#3785,#3786);
#3491=AXIS2_PLACEMENT_3D('',#4619,#3790,#3791);
#3492=AXIS2_PLACEMENT_3D('',#4625,#3795,#3796);
#3493=AXIS2_PLACEMENT_3D('',#4628,#3799,#3800);
#3494=AXIS2_PLACEMENT_3D('',#4637,#3805,#3806);
#3495=AXIS2_PLACEMENT_3D('',#4643,#3810,#3811);
#3496=AXIS2_PLACEMENT_3D('',#4649,#3815,#3816);
#3497=AXIS2_PLACEMENT_3D('',#4655,#3820,#3821);
#3498=AXIS2_PLACEMENT_3D('',#4661,#3825,#3826);
#3499=AXIS2_PLACEMENT_3D('',#4664,#3829,#3830);
#3500=AXIS2_PLACEMENT_3D('',#4673,#3835,#3836);
#3501=AXIS2_PLACEMENT_3D('',#4679,#3840,#3841);
#3502=AXIS2_PLACEMENT_3D('',#4685,#3845,#3846);
#3503=AXIS2_PLACEMENT_3D('',#4691,#3850,#3851);
#3504=AXIS2_PLACEMENT_3D('',#4697,#3855,#3856);
#3505=AXIS2_PLACEMENT_3D('',#4700,#3859,#3860);
#3506=AXIS2_PLACEMENT_3D('',#4709,#3865,#3866);
#3507=AXIS2_PLACEMENT_3D('',#4715,#3870,#3871);
#3508=AXIS2_PLACEMENT_3D('',#4721,#3875,#3876);
#3509=AXIS2_PLACEMENT_3D('',#4727,#3880,#3881);
#3510=AXIS2_PLACEMENT_3D('',#4733,#3885,#3886);
#3511=AXIS2_PLACEMENT_3D('',#4736,#3889,#3890);
#3512=AXIS2_PLACEMENT_3D('',#4745,#3895,#3896);
#3513=AXIS2_PLACEMENT_3D('',#4751,#3900,#3901);
#3514=AXIS2_PLACEMENT_3D('',#4757,#3905,#3906);
#3515=AXIS2_PLACEMENT_3D('',#4763,#3910,#3911);
#3516=AXIS2_PLACEMENT_3D('',#4769,#3915,#3916);
#3517=AXIS2_PLACEMENT_3D('',#4772,#3919,#3920);
#3518=AXIS2_PLACEMENT_3D('',#4781,#3925,#3926);
#3519=AXIS2_PLACEMENT_3D('',#4787,#3930,#3931);
#3520=AXIS2_PLACEMENT_3D('',#4793,#3935,#3936);
#3521=AXIS2_PLACEMENT_3D('',#4799,#3940,#3941);
#3522=AXIS2_PLACEMENT_3D('',#4805,#3945,#3946);
#3523=AXIS2_PLACEMENT_3D('',#4808,#3949,#3950);
#3524=AXIS2_PLACEMENT_3D('',#4817,#3955,#3956);
#3525=AXIS2_PLACEMENT_3D('',#4823,#3960,#3961);
#3526=AXIS2_PLACEMENT_3D('',#4829,#3965,#3966);
#3527=AXIS2_PLACEMENT_3D('',#4835,#3970,#3971);
#3528=AXIS2_PLACEMENT_3D('',#4841,#3975,#3976);
#3529=AXIS2_PLACEMENT_3D('',#4844,#3979,#3980);
#3530=AXIS2_PLACEMENT_3D('',#4853,#3985,#3986);
#3531=AXIS2_PLACEMENT_3D('',#4859,#3990,#3991);
#3532=AXIS2_PLACEMENT_3D('',#4865,#3995,#3996);
#3533=AXIS2_PLACEMENT_3D('',#4871,#4000,#4001);
#3534=AXIS2_PLACEMENT_3D('',#4877,#4005,#4006);
#3535=AXIS2_PLACEMENT_3D('',#4880,#4009,#4010);
#3536=AXIS2_PLACEMENT_3D('',#4889,#4015,#4016);
#3537=AXIS2_PLACEMENT_3D('',#4895,#4020,#4021);
#3538=AXIS2_PLACEMENT_3D('',#4901,#4025,#4026);
#3539=AXIS2_PLACEMENT_3D('',#4907,#4030,#4031);
#3540=AXIS2_PLACEMENT_3D('',#4913,#4035,#4036);
#3541=AXIS2_PLACEMENT_3D('',#4916,#4039,#4040);
#3542=AXIS2_PLACEMENT_3D('',#4925,#4045,#4046);
#3543=AXIS2_PLACEMENT_3D('',#4931,#4050,#4051);
#3544=AXIS2_PLACEMENT_3D('',#4937,#4055,#4056);
#3545=AXIS2_PLACEMENT_3D('',#4943,#4060,#4061);
#3546=AXIS2_PLACEMENT_3D('',#4949,#4065,#4066);
#3547=AXIS2_PLACEMENT_3D('',#4952,#4069,#4070);
#3548=AXIS2_PLACEMENT_3D('',#4961,#4075,#4076);
#3549=AXIS2_PLACEMENT_3D('',#4967,#4080,#4081);
#3550=AXIS2_PLACEMENT_3D('',#4973,#4085,#4086);
#3551=AXIS2_PLACEMENT_3D('',#4979,#4090,#4091);
#3552=AXIS2_PLACEMENT_3D('',#4985,#4095,#4096);
#3553=AXIS2_PLACEMENT_3D('',#4988,#4099,#4100);
#3554=AXIS2_PLACEMENT_3D('',#4997,#4105,#4106);
#3555=AXIS2_PLACEMENT_3D('',#5003,#4110,#4111);
#3556=AXIS2_PLACEMENT_3D('',#5009,#4115,#4116);
#3557=AXIS2_PLACEMENT_3D('',#5015,#4120,#4121);
#3558=AXIS2_PLACEMENT_3D('',#5021,#4125,#4126);
#3559=AXIS2_PLACEMENT_3D('',#5024,#4129,#4130);
#3560=AXIS2_PLACEMENT_3D('',#5033,#4135,#4136);
#3561=AXIS2_PLACEMENT_3D('',#5039,#4140,#4141);
#3562=AXIS2_PLACEMENT_3D('',#5045,#4145,#4146);
#3563=AXIS2_PLACEMENT_3D('',#5051,#4150,#4151);
#3564=AXIS2_PLACEMENT_3D('',#5057,#4155,#4156);
#3565=AXIS2_PLACEMENT_3D('',#5060,#4159,#4160);
#3566=AXIS2_PLACEMENT_3D('',#5069,#4165,#4166);
#3567=AXIS2_PLACEMENT_3D('',#5075,#4170,#4171);
#3568=AXIS2_PLACEMENT_3D('',#5081,#4175,#4176);
#3569=AXIS2_PLACEMENT_3D('',#5087,#4180,#4181);
#3570=AXIS2_PLACEMENT_3D('',#5093,#4185,#4186);
#3571=AXIS2_PLACEMENT_3D('',#5096,#4189,#4190);
#3572=AXIS2_PLACEMENT_3D('',#5105,#4195,#4196);
#3573=AXIS2_PLACEMENT_3D('',#5111,#4200,#4201);
#3574=AXIS2_PLACEMENT_3D('',#5117,#4205,#4206);
#3575=AXIS2_PLACEMENT_3D('',#5123,#4210,#4211);
#3576=AXIS2_PLACEMENT_3D('',#5129,#4215,#4216);
#3577=AXIS2_PLACEMENT_3D('',#5132,#4219,#4220);
#3578=AXIS2_PLACEMENT_3D('',#5141,#4225,#4226);
#3579=AXIS2_PLACEMENT_3D('',#5147,#4230,#4231);
#3580=AXIS2_PLACEMENT_3D('',#5153,#4235,#4236);
#3581=AXIS2_PLACEMENT_3D('',#5159,#4240,#4241);
#3582=AXIS2_PLACEMENT_3D('',#5165,#4245,#4246);
#3583=AXIS2_PLACEMENT_3D('',#5168,#4249,#4250);
#3584=AXIS2_PLACEMENT_3D('',#5177,#4255,#4256);
#3585=AXIS2_PLACEMENT_3D('',#5183,#4260,#4261);
#3586=AXIS2_PLACEMENT_3D('',#5189,#4265,#4266);
#3587=AXIS2_PLACEMENT_3D('',#5195,#4270,#4271);
#3588=AXIS2_PLACEMENT_3D('',#5201,#4275,#4276);
#3589=AXIS2_PLACEMENT_3D('',#5204,#4279,#4280);
#3590=AXIS2_PLACEMENT_3D('',#5213,#4285,#4286);
#3591=AXIS2_PLACEMENT_3D('',#5219,#4290,#4291);
#3592=AXIS2_PLACEMENT_3D('',#5225,#4295,#4296);
#3593=AXIS2_PLACEMENT_3D('',#5231,#4300,#4301);
#3594=AXIS2_PLACEMENT_3D('',#5237,#4305,#4306);
#3595=AXIS2_PLACEMENT_3D('',#5240,#4309,#4310);
#3596=AXIS2_PLACEMENT_3D('',#5249,#4315,#4316);
#3597=AXIS2_PLACEMENT_3D('',#5255,#4320,#4321);
#3598=AXIS2_PLACEMENT_3D('',#5261,#4325,#4326);
#3599=AXIS2_PLACEMENT_3D('',#5267,#4330,#4331);
#3600=AXIS2_PLACEMENT_3D('',#5273,#4335,#4336);
#3601=AXIS2_PLACEMENT_3D('',#5276,#4339,#4340);
#3602=AXIS2_PLACEMENT_3D('',#5285,#4345,#4346);
#3603=AXIS2_PLACEMENT_3D('',#5291,#4350,#4351);
#3604=AXIS2_PLACEMENT_3D('',#5297,#4355,#4356);
#3605=AXIS2_PLACEMENT_3D('',#5303,#4360,#4361);
#3606=AXIS2_PLACEMENT_3D('',#5309,#4365,#4366);
#3607=AXIS2_PLACEMENT_3D('',#5312,#4369,#4370);
#3608=AXIS2_PLACEMENT_3D('',#5321,#4375,#4376);
#3609=AXIS2_PLACEMENT_3D('',#5327,#4380,#4381);
#3610=AXIS2_PLACEMENT_3D('',#5333,#4385,#4386);
#3611=AXIS2_PLACEMENT_3D('',#5339,#4390,#4391);
#3612=AXIS2_PLACEMENT_3D('',#5345,#4395,#4396);
#3613=AXIS2_PLACEMENT_3D('',#5348,#4399,#4400);
#3614=AXIS2_PLACEMENT_3D('',#5357,#4405,#4406);
#3615=AXIS2_PLACEMENT_3D('',#5363,#4410,#4411);
#3616=AXIS2_PLACEMENT_3D('',#5369,#4415,#4416);
#3617=AXIS2_PLACEMENT_3D('',#5372,#4419,#4420);
#3618=AXIS2_PLACEMENT_3D('',#5373,#4421,#4422);
#3619=DIRECTION('axis',(0.,0.,1.));
#3620=DIRECTION('refdir',(1.,0.,0.));
#3621=DIRECTION('center_axis',(-1.,0.,0.));
#3622=DIRECTION('ref_axis',(0.,1.,0.));
#3623=DIRECTION('center_axis',(-1.,0.,0.));
#3624=DIRECTION('ref_axis',(0.,1.,0.));
#3625=DIRECTION('',(-1.,0.,0.));
#3626=DIRECTION('center_axis',(1.,0.,0.));
#3627=DIRECTION('ref_axis',(0.,1.,0.));
#3628=DIRECTION('center_axis',(-1.,0.,0.));
#3629=DIRECTION('ref_axis',(0.,1.,0.));
#3630=DIRECTION('center_axis',(-1.,0.,0.));
#3631=DIRECTION('ref_axis',(0.,1.,0.));
#3632=DIRECTION('',(-1.,0.,0.));
#3633=DIRECTION('center_axis',(1.,0.,0.));
#3634=DIRECTION('ref_axis',(0.,1.,0.));
#3635=DIRECTION('center_axis',(-1.,0.,0.));
#3636=DIRECTION('ref_axis',(0.,1.,0.));
#3637=DIRECTION('center_axis',(-1.,0.,0.));
#3638=DIRECTION('ref_axis',(0.,1.,0.));
#3639=DIRECTION('',(-1.,0.,0.));
#3640=DIRECTION('center_axis',(1.,0.,0.));
#3641=DIRECTION('ref_axis',(0.,1.,0.));
#3642=DIRECTION('center_axis',(-1.,0.,0.));
#3643=DIRECTION('ref_axis',(0.,1.,0.));
#3644=DIRECTION('center_axis',(-1.,0.,0.));
#3645=DIRECTION('ref_axis',(0.,1.,0.));
#3646=DIRECTION('',(-1.,0.,0.));
#3647=DIRECTION('center_axis',(1.,0.,0.));
#3648=DIRECTION('ref_axis',(0.,1.,0.));
#3649=DIRECTION('center_axis',(0.,-0.869135816733308,-0.494573485006349));
#3650=DIRECTION('ref_axis',(0.,-0.494573485006349,0.869135816733308));
#3651=DIRECTION('',(0.,0.494573485006349,-0.869135816733308));
#3652=DIRECTION('',(-1.,0.,0.));
#3653=DIRECTION('',(0.,-0.494573485006349,0.869135816733308));
#3654=DIRECTION('',(-1.,0.,0.));
#3655=DIRECTION('center_axis',(0.,-0.00625470631295323,-0.999980439133156));
#3656=DIRECTION('ref_axis',(0.,-0.999980439133156,0.00625470631295323));
#3657=DIRECTION('',(0.,0.999980439133156,-0.00625470631295323));
#3658=DIRECTION('',(0.,-0.999980439133156,0.00625470631295323));
#3659=DIRECTION('',(-1.,0.,0.));
#3660=DIRECTION('center_axis',(0.,0.862881110420355,-0.505406954126806));
#3661=DIRECTION('ref_axis',(0.,-0.505406954126806,-0.862881110420355));
#3662=DIRECTION('',(0.,0.505406954126806,0.862881110420355));
#3663=DIRECTION('',(0.,-0.505406954126806,-0.862881110420355));
#3664=DIRECTION('',(-1.,0.,0.));
#3665=DIRECTION('center_axis',(0.,0.869135816733308,0.494573485006349));
#3666=DIRECTION('ref_axis',(0.,0.494573485006349,-0.869135816733308));
#3667=DIRECTION('',(0.,-0.494573485006349,0.869135816733308));
#3668=DIRECTION('',(0.,0.494573485006349,-0.869135816733308));
#3669=DIRECTION('',(-1.,0.,0.));
#3670=DIRECTION('center_axis',(0.,0.00625470631295323,0.999980439133156));
#3671=DIRECTION('ref_axis',(0.,0.999980439133156,-0.00625470631295323));
#3672=DIRECTION('',(0.,-0.999980439133156,0.00625470631295323));
#3673=DIRECTION('',(0.,0.999980439133156,-0.00625470631295323));
#3674=DIRECTION('',(-1.,0.,0.));
#3675=DIRECTION('center_axis',(0.,-0.862881110420355,0.505406954126806));
#3676=DIRECTION('ref_axis',(0.,0.505406954126806,0.862881110420355));
#3677=DIRECTION('',(0.,-0.505406954126806,-0.862881110420355));
#3678=DIRECTION('',(0.,0.505406954126806,0.862881110420355));
#3679=DIRECTION('center_axis',(0.,-0.869135816733308,-0.494573485006349));
#3680=DIRECTION('ref_axis',(0.,-0.494573485006349,0.869135816733308));
#3681=DIRECTION('',(0.,0.494573485006349,-0.869135816733308));
#3682=DIRECTION('',(-1.,0.,0.));
#3683=DIRECTION('',(0.,-0.494573485006349,0.869135816733308));
#3684=DIRECTION('',(-1.,0.,0.));
#3685=DIRECTION('center_axis',(0.,-0.00625470631295323,-0.999980439133156));
#3686=DIRECTION('ref_axis',(0.,-0.999980439133156,0.00625470631295323));
#3687=DIRECTION('',(0.,0.999980439133156,-0.00625470631295323));
#3688=DIRECTION('',(0.,-0.999980439133156,0.00625470631295323));
#3689=DIRECTION('',(-1.,0.,0.));
#3690=DIRECTION('center_axis',(0.,0.862881110420355,-0.505406954126806));
#3691=DIRECTION('ref_axis',(0.,-0.505406954126806,-0.862881110420355));
#3692=DIRECTION('',(0.,0.505406954126806,0.862881110420355));
#3693=DIRECTION('',(0.,-0.505406954126806,-0.862881110420355));
#3694=DIRECTION('',(-1.,0.,0.));
#3695=DIRECTION('center_axis',(0.,0.869135816733308,0.494573485006349));
#3696=DIRECTION('ref_axis',(0.,0.494573485006349,-0.869135816733308));
#3697=DIRECTION('',(0.,-0.494573485006349,0.869135816733308));
#3698=DIRECTION('',(0.,0.494573485006349,-0.869135816733308));
#3699=DIRECTION('',(-1.,0.,0.));
#3700=DIRECTION('center_axis',(0.,0.00625470631295323,0.999980439133156));
#3701=DIRECTION('ref_axis',(0.,0.999980439133156,-0.00625470631295323));
#3702=DIRECTION('',(0.,-0.999980439133156,0.00625470631295323));
#3703=DIRECTION('',(0.,0.999980439133156,-0.00625470631295323));
#3704=DIRECTION('',(-1.,0.,0.));
#3705=DIRECTION('center_axis',(0.,-0.862881110420355,0.505406954126806));
#3706=DIRECTION('ref_axis',(0.,0.505406954126806,0.862881110420355));
#3707=DIRECTION('',(0.,-0.505406954126806,-0.862881110420355));
#3708=DIRECTION('',(0.,0.505406954126806,0.862881110420355));
#3709=DIRECTION('center_axis',(0.,-0.869135816733308,-0.494573485006349));
#3710=DIRECTION('ref_axis',(0.,-0.494573485006349,0.869135816733308));
#3711=DIRECTION('',(0.,0.494573485006349,-0.869135816733308));
#3712=DIRECTION('',(-1.,0.,0.));
#3713=DIRECTION('',(0.,-0.494573485006349,0.869135816733308));
#3714=DIRECTION('',(-1.,0.,0.));
#3715=DIRECTION('center_axis',(0.,-0.00625470631295323,-0.999980439133156));
#3716=DIRECTION('ref_axis',(0.,-0.999980439133156,0.00625470631295323));
#3717=DIRECTION('',(0.,0.999980439133156,-0.00625470631295323));
#3718=DIRECTION('',(0.,-0.999980439133156,0.00625470631295323));
#3719=DIRECTION('',(-1.,0.,0.));
#3720=DIRECTION('center_axis',(0.,0.862881110420355,-0.505406954126806));
#3721=DIRECTION('ref_axis',(0.,-0.505406954126806,-0.862881110420355));
#3722=DIRECTION('',(0.,0.505406954126806,0.862881110420355));
#3723=DIRECTION('',(0.,-0.505406954126806,-0.862881110420355));
#3724=DIRECTION('',(-1.,0.,0.));
#3725=DIRECTION('center_axis',(0.,0.869135816733308,0.494573485006349));
#3726=DIRECTION('ref_axis',(0.,0.494573485006349,-0.869135816733308));
#3727=DIRECTION('',(0.,-0.494573485006349,0.869135816733308));
#3728=DIRECTION('',(0.,0.494573485006349,-0.869135816733308));
#3729=DIRECTION('',(-1.,0.,0.));
#3730=DIRECTION('center_axis',(0.,0.00625470631295323,0.999980439133156));
#3731=DIRECTION('ref_axis',(0.,0.999980439133156,-0.00625470631295323));
#3732=DIRECTION('',(0.,-0.999980439133156,0.00625470631295323));
#3733=DIRECTION('',(0.,0.999980439133156,-0.00625470631295323));
#3734=DIRECTION('',(-1.,0.,0.));
#3735=DIRECTION('center_axis',(0.,-0.862881110420355,0.505406954126806));
#3736=DIRECTION('ref_axis',(0.,0.505406954126806,0.862881110420355));
#3737=DIRECTION('',(0.,-0.505406954126806,-0.862881110420355));
#3738=DIRECTION('',(0.,0.505406954126806,0.862881110420355));
#3739=DIRECTION('center_axis',(0.,-0.869135816733308,-0.494573485006349));
#3740=DIRECTION('ref_axis',(0.,-0.494573485006349,0.869135816733308));
#3741=DIRECTION('',(0.,0.494573485006349,-0.869135816733308));
#3742=DIRECTION('',(-1.,0.,0.));
#3743=DIRECTION('',(0.,-0.494573485006349,0.869135816733308));
#3744=DIRECTION('',(-1.,0.,0.));
#3745=DIRECTION('center_axis',(0.,-0.00625470631295323,-0.999980439133156));
#3746=DIRECTION('ref_axis',(0.,-0.999980439133156,0.00625470631295323));
#3747=DIRECTION('',(0.,0.999980439133156,-0.00625470631295323));
#3748=DIRECTION('',(0.,-0.999980439133156,0.00625470631295323));
#3749=DIRECTION('',(-1.,0.,0.));
#3750=DIRECTION('center_axis',(0.,0.862881110420355,-0.505406954126806));
#3751=DIRECTION('ref_axis',(0.,-0.505406954126806,-0.862881110420355));
#3752=DIRECTION('',(0.,0.505406954126806,0.862881110420355));
#3753=DIRECTION('',(0.,-0.505406954126806,-0.862881110420355));
#3754=DIRECTION('',(-1.,0.,0.));
#3755=DIRECTION('center_axis',(0.,0.869135816733308,0.494573485006349));
#3756=DIRECTION('ref_axis',(0.,0.494573485006349,-0.869135816733308));
#3757=DIRECTION('',(0.,-0.494573485006349,0.869135816733308));
#3758=DIRECTION('',(0.,0.494573485006349,-0.869135816733308));
#3759=DIRECTION('',(-1.,0.,0.));
#3760=DIRECTION('center_axis',(0.,0.00625470631295323,0.999980439133156));
#3761=DIRECTION('ref_axis',(0.,0.999980439133156,-0.00625470631295323));
#3762=DIRECTION('',(0.,-0.999980439133156,0.00625470631295323));
#3763=DIRECTION('',(0.,0.999980439133156,-0.00625470631295323));
#3764=DIRECTION('',(-1.,0.,0.));
#3765=DIRECTION('center_axis',(0.,-0.862881110420355,0.505406954126806));
#3766=DIRECTION('ref_axis',(0.,0.505406954126806,0.862881110420355));
#3767=DIRECTION('',(0.,-0.505406954126806,-0.862881110420355));
#3768=DIRECTION('',(0.,0.505406954126806,0.862881110420355));
#3769=DIRECTION('center_axis',(0.,-0.869135816733308,-0.494573485006349));
#3770=DIRECTION('ref_axis',(0.,-0.494573485006349,0.869135816733308));
#3771=DIRECTION('',(0.,0.494573485006349,-0.869135816733308));
#3772=DIRECTION('',(-1.,0.,0.));
#3773=DIRECTION('',(0.,-0.494573485006349,0.869135816733308));
#3774=DIRECTION('',(-1.,0.,0.));
#3775=DIRECTION('center_axis',(0.,-0.00625470631295323,-0.999980439133156));
#3776=DIRECTION('ref_axis',(0.,-0.999980439133156,0.00625470631295323));
#3777=DIRECTION('',(0.,0.999980439133156,-0.00625470631295323));
#3778=DIRECTION('',(0.,-0.999980439133156,0.00625470631295323));
#3779=DIRECTION('',(-1.,0.,0.));
#3780=DIRECTION('center_axis',(0.,0.862881110420355,-0.505406954126806));
#3781=DIRECTION('ref_axis',(0.,-0.505406954126806,-0.862881110420355));
#3782=DIRECTION('',(0.,0.505406954126806,0.862881110420355));
#3783=DIRECTION('',(0.,-0.505406954126806,-0.862881110420355));
#3784=DIRECTION('',(-1.,0.,0.));
#3785=DIRECTION('center_axis',(0.,0.869135816733308,0.494573485006349));
#3786=DIRECTION('ref_axis',(0.,0.494573485006349,-0.869135816733308));
#3787=DIRECTION('',(0.,-0.494573485006349,0.869135816733308));
#3788=DIRECTION('',(0.,0.494573485006349,-0.869135816733308));
#3789=DIRECTION('',(-1.,0.,0.));
#3790=DIRECTION('center_axis',(0.,0.00625470631295323,0.999980439133156));
#3791=DIRECTION('ref_axis',(0.,0.999980439133156,-0.00625470631295323));
#3792=DIRECTION('',(0.,-0.999980439133156,0.00625470631295323));
#3793=DIRECTION('',(0.,0.999980439133156,-0.00625470631295323));
#3794=DIRECTION('',(-1.,0.,0.));
#3795=DIRECTION('center_axis',(0.,-0.862881110420355,0.505406954126806));
#3796=DIRECTION('ref_axis',(0.,0.505406954126806,0.862881110420355));
#3797=DIRECTION('',(0.,-0.505406954126806,-0.862881110420355));
#3798=DIRECTION('',(0.,0.505406954126806,0.862881110420355));
#3799=DIRECTION('center_axis',(0.,-0.869135816733308,-0.494573485006349));
#3800=DIRECTION('ref_axis',(0.,-0.494573485006349,0.869135816733308));
#3801=DIRECTION('',(0.,0.494573485006349,-0.869135816733308));
#3802=DIRECTION('',(-1.,0.,0.));
#3803=DIRECTION('',(0.,-0.494573485006349,0.869135816733308));
#3804=DIRECTION('',(-1.,0.,0.));
#3805=DIRECTION('center_axis',(0.,-0.00625470631295323,-0.999980439133156));
#3806=DIRECTION('ref_axis',(0.,-0.999980439133156,0.00625470631295323));
#3807=DIRECTION('',(0.,0.999980439133156,-0.00625470631295323));
#3808=DIRECTION('',(0.,-0.999980439133156,0.00625470631295323));
#3809=DIRECTION('',(-1.,0.,0.));
#3810=DIRECTION('center_axis',(0.,0.862881110420355,-0.505406954126806));
#3811=DIRECTION('ref_axis',(0.,-0.505406954126806,-0.862881110420355));
#3812=DIRECTION('',(0.,0.505406954126806,0.862881110420355));
#3813=DIRECTION('',(0.,-0.505406954126806,-0.862881110420355));
#3814=DIRECTION('',(-1.,0.,0.));
#3815=DIRECTION('center_axis',(0.,0.869135816733308,0.494573485006349));
#3816=DIRECTION('ref_axis',(0.,0.494573485006349,-0.869135816733308));
#3817=DIRECTION('',(0.,-0.494573485006349,0.869135816733308));
#3818=DIRECTION('',(0.,0.494573485006349,-0.869135816733308));
#3819=DIRECTION('',(-1.,0.,0.));
#3820=DIRECTION('center_axis',(0.,0.00625470631295323,0.999980439133156));
#3821=DIRECTION('ref_axis',(0.,0.999980439133156,-0.00625470631295323));
#3822=DIRECTION('',(0.,-0.999980439133156,0.00625470631295323));
#3823=DIRECTION('',(0.,0.999980439133156,-0.00625470631295323));
#3824=DIRECTION('',(-1.,0.,0.));
#3825=DIRECTION('center_axis',(0.,-0.862881110420355,0.505406954126806));
#3826=DIRECTION('ref_axis',(0.,0.505406954126806,0.862881110420355));
#3827=DIRECTION('',(0.,-0.505406954126806,-0.862881110420355));
#3828=DIRECTION('',(0.,0.505406954126806,0.862881110420355));
#3829=DIRECTION('center_axis',(0.,-0.869135816733308,-0.494573485006349));
#3830=DIRECTION('ref_axis',(0.,-0.494573485006349,0.869135816733308));
#3831=DIRECTION('',(0.,0.494573485006349,-0.869135816733308));
#3832=DIRECTION('',(-1.,0.,0.));
#3833=DIRECTION('',(0.,-0.494573485006349,0.869135816733308));
#3834=DIRECTION('',(-1.,0.,0.));
#3835=DIRECTION('center_axis',(0.,-0.00625470631295323,-0.999980439133156));
#3836=DIRECTION('ref_axis',(0.,-0.999980439133156,0.00625470631295323));
#3837=DIRECTION('',(0.,0.999980439133156,-0.00625470631295323));
#3838=DIRECTION('',(0.,-0.999980439133156,0.00625470631295323));
#3839=DIRECTION('',(-1.,0.,0.));
#3840=DIRECTION('center_axis',(0.,0.862881110420355,-0.505406954126806));
#3841=DIRECTION('ref_axis',(0.,-0.505406954126806,-0.862881110420355));
#3842=DIRECTION('',(0.,0.505406954126806,0.862881110420355));
#3843=DIRECTION('',(0.,-0.505406954126806,-0.862881110420355));
#3844=DIRECTION('',(-1.,0.,0.));
#3845=DIRECTION('center_axis',(0.,0.869135816733308,0.494573485006349));
#3846=DIRECTION('ref_axis',(0.,0.494573485006349,-0.869135816733308));
#3847=DIRECTION('',(0.,-0.494573485006349,0.869135816733308));
#3848=DIRECTION('',(0.,0.494573485006349,-0.869135816733308));
#3849=DIRECTION('',(-1.,0.,0.));
#3850=DIRECTION('center_axis',(0.,0.00625470631295323,0.999980439133156));
#3851=DIRECTION('ref_axis',(0.,0.999980439133156,-0.00625470631295323));
#3852=DIRECTION('',(0.,-0.999980439133156,0.00625470631295323));
#3853=DIRECTION('',(0.,0.999980439133156,-0.00625470631295323));
#3854=DIRECTION('',(-1.,0.,0.));
#3855=DIRECTION('center_axis',(0.,-0.862881110420355,0.505406954126806));
#3856=DIRECTION('ref_axis',(0.,0.505406954126806,0.862881110420355));
#3857=DIRECTION('',(0.,-0.505406954126806,-0.862881110420355));
#3858=DIRECTION('',(0.,0.505406954126806,0.862881110420355));
#3859=DIRECTION('center_axis',(0.,-0.869135816733308,-0.494573485006349));
#3860=DIRECTION('ref_axis',(0.,-0.494573485006349,0.869135816733308));
#3861=DIRECTION('',(0.,0.494573485006349,-0.869135816733308));
#3862=DIRECTION('',(-1.,0.,0.));
#3863=DIRECTION('',(0.,-0.494573485006349,0.869135816733308));
#3864=DIRECTION('',(-1.,0.,0.));
#3865=DIRECTION('center_axis',(0.,-0.00625470631295323,-0.999980439133156));
#3866=DIRECTION('ref_axis',(0.,-0.999980439133156,0.00625470631295323));
#3867=DIRECTION('',(0.,0.999980439133156,-0.00625470631295323));
#3868=DIRECTION('',(0.,-0.999980439133156,0.00625470631295323));
#3869=DIRECTION('',(-1.,0.,0.));
#3870=DIRECTION('center_axis',(0.,0.862881110420355,-0.505406954126806));
#3871=DIRECTION('ref_axis',(0.,-0.505406954126806,-0.862881110420355));
#3872=DIRECTION('',(0.,0.505406954126806,0.862881110420355));
#3873=DIRECTION('',(0.,-0.505406954126806,-0.862881110420355));
#3874=DIRECTION('',(-1.,0.,0.));
#3875=DIRECTION('center_axis',(0.,0.869135816733308,0.494573485006349));
#3876=DIRECTION('ref_axis',(0.,0.494573485006349,-0.869135816733308));
#3877=DIRECTION('',(0.,-0.494573485006349,0.869135816733308));
#3878=DIRECTION('',(0.,0.494573485006349,-0.869135816733308));
#3879=DIRECTION('',(-1.,0.,0.));
#3880=DIRECTION('center_axis',(0.,0.00625470631295323,0.999980439133156));
#3881=DIRECTION('ref_axis',(0.,0.999980439133156,-0.00625470631295323));
#3882=DIRECTION('',(0.,-0.999980439133156,0.00625470631295323));
#3883=DIRECTION('',(0.,0.999980439133156,-0.00625470631295323));
#3884=DIRECTION('',(-1.,0.,0.));
#3885=DIRECTION('center_axis',(0.,-0.862881110420355,0.505406954126806));
#3886=DIRECTION('ref_axis',(0.,0.505406954126806,0.862881110420355));
#3887=DIRECTION('',(0.,-0.505406954126806,-0.862881110420355));
#3888=DIRECTION('',(0.,0.505406954126806,0.862881110420355));
#3889=DIRECTION('center_axis',(0.,-0.869135816733308,-0.494573485006349));
#3890=DIRECTION('ref_axis',(0.,-0.494573485006349,0.869135816733308));
#3891=DIRECTION('',(0.,0.494573485006349,-0.869135816733308));
#3892=DIRECTION('',(-1.,0.,0.));
#3893=DIRECTION('',(0.,-0.494573485006349,0.869135816733308));
#3894=DIRECTION('',(-1.,0.,0.));
#3895=DIRECTION('center_axis',(0.,-0.00625470631295323,-0.999980439133156));
#3896=DIRECTION('ref_axis',(0.,-0.999980439133156,0.00625470631295323));
#3897=DIRECTION('',(0.,0.999980439133156,-0.00625470631295323));
#3898=DIRECTION('',(0.,-0.999980439133156,0.00625470631295323));
#3899=DIRECTION('',(-1.,0.,0.));
#3900=DIRECTION('center_axis',(0.,0.862881110420355,-0.505406954126806));
#3901=DIRECTION('ref_axis',(0.,-0.505406954126806,-0.862881110420355));
#3902=DIRECTION('',(0.,0.505406954126806,0.862881110420355));
#3903=DIRECTION('',(0.,-0.505406954126806,-0.862881110420355));
#3904=DIRECTION('',(-1.,0.,0.));
#3905=DIRECTION('center_axis',(0.,0.869135816733308,0.494573485006349));
#3906=DIRECTION('ref_axis',(0.,0.494573485006349,-0.869135816733308));
#3907=DIRECTION('',(0.,-0.494573485006349,0.869135816733308));
#3908=DIRECTION('',(0.,0.494573485006349,-0.869135816733308));
#3909=DIRECTION('',(-1.,0.,0.));
#3910=DIRECTION('center_axis',(0.,0.00625470631295323,0.999980439133156));
#3911=DIRECTION('ref_axis',(0.,0.999980439133156,-0.00625470631295323));
#3912=DIRECTION('',(0.,-0.999980439133156,0.00625470631295323));
#3913=DIRECTION('',(0.,0.999980439133156,-0.00625470631295323));
#3914=DIRECTION('',(-1.,0.,0.));
#3915=DIRECTION('center_axis',(0.,-0.862881110420355,0.505406954126806));
#3916=DIRECTION('ref_axis',(0.,0.505406954126806,0.862881110420355));
#3917=DIRECTION('',(0.,-0.505406954126806,-0.862881110420355));
#3918=DIRECTION('',(0.,0.505406954126806,0.862881110420355));
#3919=DIRECTION('center_axis',(0.,-0.869135816733308,-0.494573485006349));
#3920=DIRECTION('ref_axis',(0.,-0.494573485006349,0.869135816733308));
#3921=DIRECTION('',(0.,0.494573485006349,-0.869135816733308));
#3922=DIRECTION('',(-1.,0.,0.));
#3923=DIRECTION('',(0.,-0.494573485006349,0.869135816733308));
#3924=DIRECTION('',(-1.,0.,0.));
#3925=DIRECTION('center_axis',(0.,-0.00625470631295323,-0.999980439133156));
#3926=DIRECTION('ref_axis',(0.,-0.999980439133156,0.00625470631295323));
#3927=DIRECTION('',(0.,0.999980439133156,-0.00625470631295323));
#3928=DIRECTION('',(0.,-0.999980439133156,0.00625470631295323));
#3929=DIRECTION('',(-1.,0.,0.));
#3930=DIRECTION('center_axis',(0.,0.862881110420355,-0.505406954126806));
#3931=DIRECTION('ref_axis',(0.,-0.505406954126806,-0.862881110420355));
#3932=DIRECTION('',(0.,0.505406954126806,0.862881110420355));
#3933=DIRECTION('',(0.,-0.505406954126806,-0.862881110420355));
#3934=DIRECTION('',(-1.,0.,0.));
#3935=DIRECTION('center_axis',(0.,0.869135816733308,0.494573485006349));
#3936=DIRECTION('ref_axis',(0.,0.494573485006349,-0.869135816733308));
#3937=DIRECTION('',(0.,-0.494573485006349,0.869135816733308));
#3938=DIRECTION('',(0.,0.494573485006349,-0.869135816733308));
#3939=DIRECTION('',(-1.,0.,0.));
#3940=DIRECTION('center_axis',(0.,0.00625470631295323,0.999980439133156));
#3941=DIRECTION('ref_axis',(0.,0.999980439133156,-0.00625470631295323));
#3942=DIRECTION('',(0.,-0.999980439133156,0.00625470631295323));
#3943=DIRECTION('',(0.,0.999980439133156,-0.00625470631295323));
#3944=DIRECTION('',(-1.,0.,0.));
#3945=DIRECTION('center_axis',(0.,-0.862881110420355,0.505406954126806));
#3946=DIRECTION('ref_axis',(0.,0.505406954126806,0.862881110420355));
#3947=DIRECTION('',(0.,-0.505406954126806,-0.862881110420355));
#3948=DIRECTION('',(0.,0.505406954126806,0.862881110420355));
#3949=DIRECTION('center_axis',(0.,-0.869135816733308,-0.494573485006349));
#3950=DIRECTION('ref_axis',(0.,-0.494573485006349,0.869135816733308));
#3951=DIRECTION('',(0.,0.494573485006349,-0.869135816733308));
#3952=DIRECTION('',(-1.,0.,0.));
#3953=DIRECTION('',(0.,-0.494573485006349,0.869135816733308));
#3954=DIRECTION('',(-1.,0.,0.));
#3955=DIRECTION('center_axis',(0.,-0.00625470631295323,-0.999980439133156));
#3956=DIRECTION('ref_axis',(0.,-0.999980439133156,0.00625470631295323));
#3957=DIRECTION('',(0.,0.999980439133156,-0.00625470631295323));
#3958=DIRECTION('',(0.,-0.999980439133156,0.00625470631295323));
#3959=DIRECTION('',(-1.,0.,0.));
#3960=DIRECTION('center_axis',(0.,0.862881110420355,-0.505406954126806));
#3961=DIRECTION('ref_axis',(0.,-0.505406954126806,-0.862881110420355));
#3962=DIRECTION('',(0.,0.505406954126806,0.862881110420355));
#3963=DIRECTION('',(0.,-0.505406954126806,-0.862881110420355));
#3964=DIRECTION('',(-1.,0.,0.));
#3965=DIRECTION('center_axis',(0.,0.869135816733308,0.494573485006349));
#3966=DIRECTION('ref_axis',(0.,0.494573485006349,-0.869135816733308));
#3967=DIRECTION('',(0.,-0.494573485006349,0.869135816733308));
#3968=DIRECTION('',(0.,0.494573485006349,-0.869135816733308));
#3969=DIRECTION('',(-1.,0.,0.));
#3970=DIRECTION('center_axis',(0.,0.00625470631295323,0.999980439133156));
#3971=DIRECTION('ref_axis',(0.,0.999980439133156,-0.00625470631295323));
#3972=DIRECTION('',(0.,-0.999980439133156,0.00625470631295323));
#3973=DIRECTION('',(0.,0.999980439133156,-0.00625470631295323));
#3974=DIRECTION('',(-1.,0.,0.));
#3975=DIRECTION('center_axis',(0.,-0.862881110420355,0.505406954126806));
#3976=DIRECTION('ref_axis',(0.,0.505406954126806,0.862881110420355));
#3977=DIRECTION('',(0.,-0.505406954126806,-0.862881110420355));
#3978=DIRECTION('',(0.,0.505406954126806,0.862881110420355));
#3979=DIRECTION('center_axis',(0.,-0.869135816733308,-0.494573485006349));
#3980=DIRECTION('ref_axis',(0.,-0.494573485006349,0.869135816733308));
#3981=DIRECTION('',(0.,0.494573485006349,-0.869135816733308));
#3982=DIRECTION('',(-1.,0.,0.));
#3983=DIRECTION('',(0.,-0.494573485006349,0.869135816733308));
#3984=DIRECTION('',(-1.,0.,0.));
#3985=DIRECTION('center_axis',(0.,-0.00625470631295323,-0.999980439133156));
#3986=DIRECTION('ref_axis',(0.,-0.999980439133156,0.00625470631295323));
#3987=DIRECTION('',(0.,0.999980439133156,-0.00625470631295323));
#3988=DIRECTION('',(0.,-0.999980439133156,0.00625470631295323));
#3989=DIRECTION('',(-1.,0.,0.));
#3990=DIRECTION('center_axis',(0.,0.862881110420355,-0.505406954126806));
#3991=DIRECTION('ref_axis',(0.,-0.505406954126806,-0.862881110420355));
#3992=DIRECTION('',(0.,0.505406954126806,0.862881110420355));
#3993=DIRECTION('',(0.,-0.505406954126806,-0.862881110420355));
#3994=DIRECTION('',(-1.,0.,0.));
#3995=DIRECTION('center_axis',(0.,0.869135816733308,0.494573485006349));
#3996=DIRECTION('ref_axis',(0.,0.494573485006349,-0.869135816733308));
#3997=DIRECTION('',(0.,-0.494573485006349,0.869135816733308));
#3998=DIRECTION('',(0.,0.494573485006349,-0.869135816733308));
#3999=DIRECTION('',(-1.,0.,0.));
#4000=DIRECTION('center_axis',(0.,0.00625470631295323,0.999980439133156));
#4001=DIRECTION('ref_axis',(0.,0.999980439133156,-0.00625470631295323));
#4002=DIRECTION('',(0.,-0.999980439133156,0.00625470631295323));
#4003=DIRECTION('',(0.,0.999980439133156,-0.00625470631295323));
#4004=DIRECTION('',(-1.,0.,0.));
#4005=DIRECTION('center_axis',(0.,-0.862881110420355,0.505406954126806));
#4006=DIRECTION('ref_axis',(0.,0.505406954126806,0.862881110420355));
#4007=DIRECTION('',(0.,-0.505406954126806,-0.862881110420355));
#4008=DIRECTION('',(0.,0.505406954126806,0.862881110420355));
#4009=DIRECTION('center_axis',(0.,-0.869135816733308,-0.494573485006349));
#4010=DIRECTION('ref_axis',(0.,-0.494573485006349,0.869135816733308));
#4011=DIRECTION('',(0.,0.494573485006349,-0.869135816733308));
#4012=DIRECTION('',(-1.,0.,0.));
#4013=DIRECTION('',(0.,-0.494573485006349,0.869135816733308));
#4014=DIRECTION('',(-1.,0.,0.));
#4015=DIRECTION('center_axis',(0.,-0.00625470631295323,-0.999980439133156));
#4016=DIRECTION('ref_axis',(0.,-0.999980439133156,0.00625470631295323));
#4017=DIRECTION('',(0.,0.999980439133156,-0.00625470631295323));
#4018=DIRECTION('',(0.,-0.999980439133156,0.00625470631295323));
#4019=DIRECTION('',(-1.,0.,0.));
#4020=DIRECTION('center_axis',(0.,0.862881110420355,-0.505406954126806));
#4021=DIRECTION('ref_axis',(0.,-0.505406954126806,-0.862881110420355));
#4022=DIRECTION('',(0.,0.505406954126806,0.862881110420355));
#4023=DIRECTION('',(0.,-0.505406954126806,-0.862881110420355));
#4024=DIRECTION('',(-1.,0.,0.));
#4025=DIRECTION('center_axis',(0.,0.869135816733308,0.494573485006349));
#4026=DIRECTION('ref_axis',(0.,0.494573485006349,-0.869135816733308));
#4027=DIRECTION('',(0.,-0.494573485006349,0.869135816733308));
#4028=DIRECTION('',(0.,0.494573485006349,-0.869135816733308));
#4029=DIRECTION('',(-1.,0.,0.));
#4030=DIRECTION('center_axis',(0.,0.00625470631295323,0.999980439133156));
#4031=DIRECTION('ref_axis',(0.,0.999980439133156,-0.00625470631295323));
#4032=DIRECTION('',(0.,-0.999980439133156,0.00625470631295323));
#4033=DIRECTION('',(0.,0.999980439133156,-0.00625470631295323));
#4034=DIRECTION('',(-1.,0.,0.));
#4035=DIRECTION('center_axis',(0.,-0.862881110420355,0.505406954126806));
#4036=DIRECTION('ref_axis',(0.,0.505406954126806,0.862881110420355));
#4037=DIRECTION('',(0.,-0.505406954126806,-0.862881110420355));
#4038=DIRECTION('',(0.,0.505406954126806,0.862881110420355));
#4039=DIRECTION('center_axis',(0.,-0.869135816733308,-0.494573485006349));
#4040=DIRECTION('ref_axis',(0.,-0.494573485006349,0.869135816733308));
#4041=DIRECTION('',(0.,0.494573485006349,-0.869135816733308));
#4042=DIRECTION('',(-1.,0.,0.));
#4043=DIRECTION('',(0.,-0.494573485006349,0.869135816733308));
#4044=DIRECTION('',(-1.,0.,0.));
#4045=DIRECTION('center_axis',(0.,-0.00625470631295323,-0.999980439133156));
#4046=DIRECTION('ref_axis',(0.,-0.999980439133156,0.00625470631295323));
#4047=DIRECTION('',(0.,0.999980439133156,-0.00625470631295323));
#4048=DIRECTION('',(0.,-0.999980439133156,0.00625470631295323));
#4049=DIRECTION('',(-1.,0.,0.));
#4050=DIRECTION('center_axis',(0.,0.862881110420355,-0.505406954126806));
#4051=DIRECTION('ref_axis',(0.,-0.505406954126806,-0.862881110420355));
#4052=DIRECTION('',(0.,0.505406954126806,0.862881110420355));
#4053=DIRECTION('',(0.,-0.505406954126806,-0.862881110420355));
#4054=DIRECTION('',(-1.,0.,0.));
#4055=DIRECTION('center_axis',(0.,0.869135816733308,0.494573485006349));
#4056=DIRECTION('ref_axis',(0.,0.494573485006349,-0.869135816733308));
#4057=DIRECTION('',(0.,-0.494573485006349,0.869135816733308));
#4058=DIRECTION('',(0.,0.494573485006349,-0.869135816733308));
#4059=DIRECTION('',(-1.,0.,0.));
#4060=DIRECTION('center_axis',(0.,0.00625470631295323,0.999980439133156));
#4061=DIRECTION('ref_axis',(0.,0.999980439133156,-0.00625470631295323));
#4062=DIRECTION('',(0.,-0.999980439133156,0.00625470631295323));
#4063=DIRECTION('',(0.,0.999980439133156,-0.00625470631295323));
#4064=DIRECTION('',(-1.,0.,0.));
#4065=DIRECTION('center_axis',(0.,-0.862881110420355,0.505406954126806));
#4066=DIRECTION('ref_axis',(0.,0.505406954126806,0.862881110420355));
#4067=DIRECTION('',(0.,-0.505406954126806,-0.862881110420355));
#4068=DIRECTION('',(0.,0.505406954126806,0.862881110420355));
#4069=DIRECTION('center_axis',(0.,-0.869135816733308,-0.494573485006349));
#4070=DIRECTION('ref_axis',(0.,-0.494573485006349,0.869135816733308));
#4071=DIRECTION('',(0.,0.494573485006349,-0.869135816733308));
#4072=DIRECTION('',(-1.,0.,0.));
#4073=DIRECTION('',(0.,-0.494573485006349,0.869135816733308));
#4074=DIRECTION('',(-1.,0.,0.));
#4075=DIRECTION('center_axis',(0.,-0.00625470631295323,-0.999980439133156));
#4076=DIRECTION('ref_axis',(0.,-0.999980439133156,0.00625470631295323));
#4077=DIRECTION('',(0.,0.999980439133156,-0.00625470631295323));
#4078=DIRECTION('',(0.,-0.999980439133156,0.00625470631295323));
#4079=DIRECTION('',(-1.,0.,0.));
#4080=DIRECTION('center_axis',(0.,0.862881110420355,-0.505406954126806));
#4081=DIRECTION('ref_axis',(0.,-0.505406954126806,-0.862881110420355));
#4082=DIRECTION('',(0.,0.505406954126806,0.862881110420355));
#4083=DIRECTION('',(0.,-0.505406954126806,-0.862881110420355));
#4084=DIRECTION('',(-1.,0.,0.));
#4085=DIRECTION('center_axis',(0.,0.869135816733308,0.494573485006349));
#4086=DIRECTION('ref_axis',(0.,0.494573485006349,-0.869135816733308));
#4087=DIRECTION('',(0.,-0.494573485006349,0.869135816733308));
#4088=DIRECTION('',(0.,0.494573485006349,-0.869135816733308));
#4089=DIRECTION('',(-1.,0.,0.));
#4090=DIRECTION('center_axis',(0.,0.00625470631295323,0.999980439133156));
#4091=DIRECTION('ref_axis',(0.,0.999980439133156,-0.00625470631295323));
#4092=DIRECTION('',(0.,-0.999980439133156,0.00625470631295323));
#4093=DIRECTION('',(0.,0.999980439133156,-0.00625470631295323));
#4094=DIRECTION('',(-1.,0.,0.));
#4095=DIRECTION('center_axis',(0.,-0.862881110420355,0.505406954126806));
#4096=DIRECTION('ref_axis',(0.,0.505406954126806,0.862881110420355));
#4097=DIRECTION('',(0.,-0.505406954126806,-0.862881110420355));
#4098=DIRECTION('',(0.,0.505406954126806,0.862881110420355));
#4099=DIRECTION('center_axis',(0.,-0.869135816733308,-0.494573485006349));
#4100=DIRECTION('ref_axis',(0.,-0.494573485006349,0.869135816733308));
#4101=DIRECTION('',(0.,0.494573485006349,-0.869135816733308));
#4102=DIRECTION('',(-1.,0.,0.));
#4103=DIRECTION('',(0.,-0.494573485006349,0.869135816733308));
#4104=DIRECTION('',(-1.,0.,0.));
#4105=DIRECTION('center_axis',(0.,-0.00625470631295323,-0.999980439133156));
#4106=DIRECTION('ref_axis',(0.,-0.999980439133156,0.00625470631295323));
#4107=DIRECTION('',(0.,0.999980439133156,-0.00625470631295323));
#4108=DIRECTION('',(0.,-0.999980439133156,0.00625470631295323));
#4109=DIRECTION('',(-1.,0.,0.));
#4110=DIRECTION('center_axis',(0.,0.862881110420355,-0.505406954126806));
#4111=DIRECTION('ref_axis',(0.,-0.505406954126806,-0.862881110420355));
#4112=DIRECTION('',(0.,0.505406954126806,0.862881110420355));
#4113=DIRECTION('',(0.,-0.505406954126806,-0.862881110420355));
#4114=DIRECTION('',(-1.,0.,0.));
#4115=DIRECTION('center_axis',(0.,0.869135816733308,0.494573485006349));
#4116=DIRECTION('ref_axis',(0.,0.494573485006349,-0.869135816733308));
#4117=DIRECTION('',(0.,-0.494573485006349,0.869135816733308));
#4118=DIRECTION('',(0.,0.494573485006349,-0.869135816733308));
#4119=DIRECTION('',(-1.,0.,0.));
#4120=DIRECTION('center_axis',(0.,0.00625470631295323,0.999980439133156));
#4121=DIRECTION('ref_axis',(0.,0.999980439133156,-0.00625470631295323));
#4122=DIRECTION('',(0.,-0.999980439133156,0.00625470631295323));
#4123=DIRECTION('',(0.,0.999980439133156,-0.00625470631295323));
#4124=DIRECTION('',(-1.,0.,0.));
#4125=DIRECTION('center_axis',(0.,-0.862881110420355,0.505406954126806));
#4126=DIRECTION('ref_axis',(0.,0.505406954126806,0.862881110420355));
#4127=DIRECTION('',(0.,-0.505406954126806,-0.862881110420355));
#4128=DIRECTION('',(0.,0.505406954126806,0.862881110420355));
#4129=DIRECTION('center_axis',(0.,-0.869135816733308,-0.494573485006349));
#4130=DIRECTION('ref_axis',(0.,-0.494573485006349,0.869135816733308));
#4131=DIRECTION('',(0.,0.494573485006349,-0.869135816733308));
#4132=DIRECTION('',(-1.,0.,0.));
#4133=DIRECTION('',(0.,-0.494573485006349,0.869135816733308));
#4134=DIRECTION('',(-1.,0.,0.));
#4135=DIRECTION('center_axis',(0.,-0.00625470631295323,-0.999980439133156));
#4136=DIRECTION('ref_axis',(0.,-0.999980439133156,0.00625470631295323));
#4137=DIRECTION('',(0.,0.999980439133156,-0.00625470631295323));
#4138=DIRECTION('',(0.,-0.999980439133156,0.00625470631295323));
#4139=DIRECTION('',(-1.,0.,0.));
#4140=DIRECTION('center_axis',(0.,0.862881110420355,-0.505406954126806));
#4141=DIRECTION('ref_axis',(0.,-0.505406954126806,-0.862881110420355));
#4142=DIRECTION('',(0.,0.505406954126806,0.862881110420355));
#4143=DIRECTION('',(0.,-0.505406954126806,-0.862881110420355));
#4144=DIRECTION('',(-1.,0.,0.));
#4145=DIRECTION('center_axis',(0.,0.869135816733308,0.494573485006349));
#4146=DIRECTION('ref_axis',(0.,0.494573485006349,-0.869135816733308));
#4147=DIRECTION('',(0.,-0.494573485006349,0.869135816733308));
#4148=DIRECTION('',(0.,0.494573485006349,-0.869135816733308));
#4149=DIRECTION('',(-1.,0.,0.));
#4150=DIRECTION('center_axis',(0.,0.00625470631295323,0.999980439133156));
#4151=DIRECTION('ref_axis',(0.,0.999980439133156,-0.00625470631295323));
#4152=DIRECTION('',(0.,-0.999980439133156,0.00625470631295323));
#4153=DIRECTION('',(0.,0.999980439133156,-0.00625470631295323));
#4154=DIRECTION('',(-1.,0.,0.));
#4155=DIRECTION('center_axis',(0.,-0.862881110420355,0.505406954126806));
#4156=DIRECTION('ref_axis',(0.,0.505406954126806,0.862881110420355));
#4157=DIRECTION('',(0.,-0.505406954126806,-0.862881110420355));
#4158=DIRECTION('',(0.,0.505406954126806,0.862881110420355));
#4159=DIRECTION('center_axis',(0.,-0.869135816733308,-0.494573485006349));
#4160=DIRECTION('ref_axis',(0.,-0.494573485006349,0.869135816733308));
#4161=DIRECTION('',(0.,0.494573485006349,-0.869135816733308));
#4162=DIRECTION('',(-1.,0.,0.));
#4163=DIRECTION('',(0.,-0.494573485006349,0.869135816733308));
#4164=DIRECTION('',(-1.,0.,0.));
#4165=DIRECTION('center_axis',(0.,-0.00625470631295323,-0.999980439133156));
#4166=DIRECTION('ref_axis',(0.,-0.999980439133156,0.00625470631295323));
#4167=DIRECTION('',(0.,0.999980439133156,-0.00625470631295323));
#4168=DIRECTION('',(0.,-0.999980439133156,0.00625470631295323));
#4169=DIRECTION('',(-1.,0.,0.));
#4170=DIRECTION('center_axis',(0.,0.862881110420355,-0.505406954126806));
#4171=DIRECTION('ref_axis',(0.,-0.505406954126806,-0.862881110420355));
#4172=DIRECTION('',(0.,0.505406954126806,0.862881110420355));
#4173=DIRECTION('',(0.,-0.505406954126806,-0.862881110420355));
#4174=DIRECTION('',(-1.,0.,0.));
#4175=DIRECTION('center_axis',(0.,0.869135816733308,0.494573485006349));
#4176=DIRECTION('ref_axis',(0.,0.494573485006349,-0.869135816733308));
#4177=DIRECTION('',(0.,-0.494573485006349,0.869135816733308));
#4178=DIRECTION('',(0.,0.494573485006349,-0.869135816733308));
#4179=DIRECTION('',(-1.,0.,0.));
#4180=DIRECTION('center_axis',(0.,0.00625470631295323,0.999980439133156));
#4181=DIRECTION('ref_axis',(0.,0.999980439133156,-0.00625470631295323));
#4182=DIRECTION('',(0.,-0.999980439133156,0.00625470631295323));
#4183=DIRECTION('',(0.,0.999980439133156,-0.00625470631295323));
#4184=DIRECTION('',(-1.,0.,0.));
#4185=DIRECTION('center_axis',(0.,-0.862881110420355,0.505406954126806));
#4186=DIRECTION('ref_axis',(0.,0.505406954126806,0.862881110420355));
#4187=DIRECTION('',(0.,-0.505406954126806,-0.862881110420355));
#4188=DIRECTION('',(0.,0.505406954126806,0.862881110420355));
#4189=DIRECTION('center_axis',(0.,-0.00625470631295323,-0.999980439133156));
#4190=DIRECTION('ref_axis',(0.,-0.999980439133156,0.00625470631295323));
#4191=DIRECTION('',(0.,0.999980439133156,-0.00625470631295323));
#4192=DIRECTION('',(-1.,0.,0.));
#4193=DIRECTION('',(0.,-0.999980439133156,0.00625470631295323));
#4194=DIRECTION('',(-1.,0.,0.));
#4195=DIRECTION('center_axis',(0.,0.862881110420355,-0.505406954126806));
#4196=DIRECTION('ref_axis',(0.,-0.505406954126806,-0.862881110420355));
#4197=DIRECTION('',(0.,0.505406954126806,0.862881110420355));
#4198=DIRECTION('',(0.,-0.505406954126806,-0.862881110420355));
#4199=DIRECTION('',(-1.,0.,0.));
#4200=DIRECTION('center_axis',(0.,0.869135816733308,0.494573485006349));
#4201=DIRECTION('ref_axis',(0.,0.494573485006349,-0.869135816733308));
#4202=DIRECTION('',(0.,-0.494573485006349,0.869135816733308));
#4203=DIRECTION('',(0.,0.494573485006349,-0.869135816733308));
#4204=DIRECTION('',(-1.,0.,0.));
#4205=DIRECTION('center_axis',(0.,0.00625470631295323,0.999980439133156));
#4206=DIRECTION('ref_axis',(0.,0.999980439133156,-0.00625470631295323));
#4207=DIRECTION('',(0.,-0.999980439133156,0.00625470631295323));
#4208=DIRECTION('',(0.,0.999980439133156,-0.00625470631295323));
#4209=DIRECTION('',(-1.,0.,0.));
#4210=DIRECTION('center_axis',(0.,-0.862881110420355,0.505406954126806));
#4211=DIRECTION('ref_axis',(0.,0.505406954126806,0.862881110420355));
#4212=DIRECTION('',(0.,-0.505406954126806,-0.862881110420355));
#4213=DIRECTION('',(0.,0.505406954126806,0.862881110420355));
#4214=DIRECTION('',(-1.,0.,0.));
#4215=DIRECTION('center_axis',(0.,-0.869135816733308,-0.494573485006349));
#4216=DIRECTION('ref_axis',(0.,-0.494573485006349,0.869135816733308));
#4217=DIRECTION('',(0.,0.494573485006349,-0.869135816733308));
#4218=DIRECTION('',(0.,-0.494573485006349,0.869135816733308));
#4219=DIRECTION('center_axis',(0.,-0.869135816733308,-0.494573485006349));
#4220=DIRECTION('ref_axis',(0.,-0.494573485006349,0.869135816733308));
#4221=DIRECTION('',(0.,0.494573485006349,-0.869135816733308));
#4222=DIRECTION('',(-1.,0.,0.));
#4223=DIRECTION('',(0.,-0.494573485006349,0.869135816733308));
#4224=DIRECTION('',(-1.,0.,0.));
#4225=DIRECTION('center_axis',(0.,-0.00625470631295323,-0.999980439133156));
#4226=DIRECTION('ref_axis',(0.,-0.999980439133156,0.00625470631295323));
#4227=DIRECTION('',(0.,0.999980439133156,-0.00625470631295323));
#4228=DIRECTION('',(0.,-0.999980439133156,0.00625470631295323));
#4229=DIRECTION('',(-1.,0.,0.));
#4230=DIRECTION('center_axis',(0.,0.862881110420355,-0.505406954126806));
#4231=DIRECTION('ref_axis',(0.,-0.505406954126806,-0.862881110420355));
#4232=DIRECTION('',(0.,0.505406954126806,0.862881110420355));
#4233=DIRECTION('',(0.,-0.505406954126806,-0.862881110420355));
#4234=DIRECTION('',(-1.,0.,0.));
#4235=DIRECTION('center_axis',(0.,0.869135816733308,0.494573485006349));
#4236=DIRECTION('ref_axis',(0.,0.494573485006349,-0.869135816733308));
#4237=DIRECTION('',(0.,-0.494573485006349,0.869135816733308));
#4238=DIRECTION('',(0.,0.494573485006349,-0.869135816733308));
#4239=DIRECTION('',(-1.,0.,0.));
#4240=DIRECTION('center_axis',(0.,0.00625470631295323,0.999980439133156));
#4241=DIRECTION('ref_axis',(0.,0.999980439133156,-0.00625470631295323));
#4242=DIRECTION('',(0.,-0.999980439133156,0.00625470631295323));
#4243=DIRECTION('',(0.,0.999980439133156,-0.00625470631295323));
#4244=DIRECTION('',(-1.,0.,0.));
#4245=DIRECTION('center_axis',(0.,-0.862881110420355,0.505406954126806));
#4246=DIRECTION('ref_axis',(0.,0.505406954126806,0.862881110420355));
#4247=DIRECTION('',(0.,-0.505406954126806,-0.862881110420355));
#4248=DIRECTION('',(0.,0.505406954126806,0.862881110420355));
#4249=DIRECTION('center_axis',(0.,-0.869135816733308,-0.494573485006349));
#4250=DIRECTION('ref_axis',(0.,-0.494573485006349,0.869135816733308));
#4251=DIRECTION('',(0.,0.494573485006349,-0.869135816733308));
#4252=DIRECTION('',(-1.,0.,0.));
#4253=DIRECTION('',(0.,-0.494573485006349,0.869135816733308));
#4254=DIRECTION('',(-1.,0.,0.));
#4255=DIRECTION('center_axis',(0.,-0.00625470631295323,-0.999980439133156));
#4256=DIRECTION('ref_axis',(0.,-0.999980439133156,0.00625470631295323));
#4257=DIRECTION('',(0.,0.999980439133156,-0.00625470631295323));
#4258=DIRECTION('',(0.,-0.999980439133156,0.00625470631295323));
#4259=DIRECTION('',(-1.,0.,0.));
#4260=DIRECTION('center_axis',(0.,0.862881110420355,-0.505406954126806));
#4261=DIRECTION('ref_axis',(0.,-0.505406954126806,-0.862881110420355));
#4262=DIRECTION('',(0.,0.505406954126806,0.862881110420355));
#4263=DIRECTION('',(0.,-0.505406954126806,-0.862881110420355));
#4264=DIRECTION('',(-1.,0.,0.));
#4265=DIRECTION('center_axis',(0.,0.869135816733308,0.494573485006349));
#4266=DIRECTION('ref_axis',(0.,0.494573485006349,-0.869135816733308));
#4267=DIRECTION('',(0.,-0.494573485006349,0.869135816733308));
#4268=DIRECTION('',(0.,0.494573485006349,-0.869135816733308));
#4269=DIRECTION('',(-1.,0.,0.));
#4270=DIRECTION('center_axis',(0.,0.00625470631295323,0.999980439133156));
#4271=DIRECTION('ref_axis',(0.,0.999980439133156,-0.00625470631295323));
#4272=DIRECTION('',(0.,-0.999980439133156,0.00625470631295323));
#4273=DIRECTION('',(0.,0.999980439133156,-0.00625470631295323));
#4274=DIRECTION('',(-1.,0.,0.));
#4275=DIRECTION('center_axis',(0.,-0.862881110420355,0.505406954126806));
#4276=DIRECTION('ref_axis',(0.,0.505406954126806,0.862881110420355));
#4277=DIRECTION('',(0.,-0.505406954126806,-0.862881110420355));
#4278=DIRECTION('',(0.,0.505406954126806,0.862881110420355));
#4279=DIRECTION('center_axis',(0.,-0.869135816733308,-0.494573485006349));
#4280=DIRECTION('ref_axis',(0.,-0.494573485006349,0.869135816733308));
#4281=DIRECTION('',(0.,0.494573485006349,-0.869135816733308));
#4282=DIRECTION('',(-1.,0.,0.));
#4283=DIRECTION('',(0.,-0.494573485006349,0.869135816733308));
#4284=DIRECTION('',(-1.,0.,0.));
#4285=DIRECTION('center_axis',(0.,-0.00625470631295323,-0.999980439133156));
#4286=DIRECTION('ref_axis',(0.,-0.999980439133156,0.00625470631295323));
#4287=DIRECTION('',(0.,0.999980439133156,-0.00625470631295323));
#4288=DIRECTION('',(0.,-0.999980439133156,0.00625470631295323));
#4289=DIRECTION('',(-1.,0.,0.));
#4290=DIRECTION('center_axis',(0.,0.862881110420355,-0.505406954126806));
#4291=DIRECTION('ref_axis',(0.,-0.505406954126806,-0.862881110420355));
#4292=DIRECTION('',(0.,0.505406954126806,0.862881110420355));
#4293=DIRECTION('',(0.,-0.505406954126806,-0.862881110420355));
#4294=DIRECTION('',(-1.,0.,0.));
#4295=DIRECTION('center_axis',(0.,0.869135816733308,0.494573485006349));
#4296=DIRECTION('ref_axis',(0.,0.494573485006349,-0.869135816733308));
#4297=DIRECTION('',(0.,-0.494573485006349,0.869135816733308));
#4298=DIRECTION('',(0.,0.494573485006349,-0.869135816733308));
#4299=DIRECTION('',(-1.,0.,0.));
#4300=DIRECTION('center_axis',(0.,0.00625470631295323,0.999980439133156));
#4301=DIRECTION('ref_axis',(0.,0.999980439133156,-0.00625470631295323));
#4302=DIRECTION('',(0.,-0.999980439133156,0.00625470631295323));
#4303=DIRECTION('',(0.,0.999980439133156,-0.00625470631295323));
#4304=DIRECTION('',(-1.,0.,0.));
#4305=DIRECTION('center_axis',(0.,-0.862881110420355,0.505406954126806));
#4306=DIRECTION('ref_axis',(0.,0.505406954126806,0.862881110420355));
#4307=DIRECTION('',(0.,-0.505406954126806,-0.862881110420355));
#4308=DIRECTION('',(0.,0.505406954126806,0.862881110420355));
#4309=DIRECTION('center_axis',(0.,-0.869135816733308,-0.494573485006349));
#4310=DIRECTION('ref_axis',(0.,-0.494573485006349,0.869135816733308));
#4311=DIRECTION('',(0.,0.494573485006349,-0.869135816733308));
#4312=DIRECTION('',(-1.,0.,0.));
#4313=DIRECTION('',(0.,-0.494573485006349,0.869135816733308));
#4314=DIRECTION('',(-1.,0.,0.));
#4315=DIRECTION('center_axis',(0.,-0.00625470631295323,-0.999980439133156));
#4316=DIRECTION('ref_axis',(0.,-0.999980439133156,0.00625470631295323));
#4317=DIRECTION('',(0.,0.999980439133156,-0.00625470631295323));
#4318=DIRECTION('',(0.,-0.999980439133156,0.00625470631295323));
#4319=DIRECTION('',(-1.,0.,0.));
#4320=DIRECTION('center_axis',(0.,0.862881110420355,-0.505406954126806));
#4321=DIRECTION('ref_axis',(0.,-0.505406954126806,-0.862881110420355));
#4322=DIRECTION('',(0.,0.505406954126806,0.862881110420355));
#4323=DIRECTION('',(0.,-0.505406954126806,-0.862881110420355));
#4324=DIRECTION('',(-1.,0.,0.));
#4325=DIRECTION('center_axis',(0.,0.869135816733308,0.494573485006349));
#4326=DIRECTION('ref_axis',(0.,0.494573485006349,-0.869135816733308));
#4327=DIRECTION('',(0.,-0.494573485006349,0.869135816733308));
#4328=DIRECTION('',(0.,0.494573485006349,-0.869135816733308));
#4329=DIRECTION('',(-1.,0.,0.));
#4330=DIRECTION('center_axis',(0.,0.00625470631295323,0.999980439133156));
#4331=DIRECTION('ref_axis',(0.,0.999980439133156,-0.00625470631295323));
#4332=DIRECTION('',(0.,-0.999980439133156,0.00625470631295323));
#4333=DIRECTION('',(0.,0.999980439133156,-0.00625470631295323));
#4334=DIRECTION('',(-1.,0.,0.));
#4335=DIRECTION('center_axis',(0.,-0.862881110420355,0.505406954126806));
#4336=DIRECTION('ref_axis',(0.,0.505406954126806,0.862881110420355));
#4337=DIRECTION('',(0.,-0.505406954126806,-0.862881110420355));
#4338=DIRECTION('',(0.,0.505406954126806,0.862881110420355));
#4339=DIRECTION('center_axis',(0.,-0.869135816733308,-0.494573485006349));
#4340=DIRECTION('ref_axis',(0.,-0.494573485006349,0.869135816733308));
#4341=DIRECTION('',(0.,0.494573485006349,-0.869135816733308));
#4342=DIRECTION('',(-1.,0.,0.));
#4343=DIRECTION('',(0.,-0.494573485006349,0.869135816733308));
#4344=DIRECTION('',(-1.,0.,0.));
#4345=DIRECTION('center_axis',(0.,-0.00625470631295323,-0.999980439133156));
#4346=DIRECTION('ref_axis',(0.,-0.999980439133156,0.00625470631295323));
#4347=DIRECTION('',(0.,0.999980439133156,-0.00625470631295323));
#4348=DIRECTION('',(0.,-0.999980439133156,0.00625470631295323));
#4349=DIRECTION('',(-1.,0.,0.));
#4350=DIRECTION('center_axis',(0.,0.862881110420355,-0.505406954126806));
#4351=DIRECTION('ref_axis',(0.,-0.505406954126806,-0.862881110420355));
#4352=DIRECTION('',(0.,0.505406954126806,0.862881110420355));
#4353=DIRECTION('',(0.,-0.505406954126806,-0.862881110420355));
#4354=DIRECTION('',(-1.,0.,0.));
#4355=DIRECTION('center_axis',(0.,0.869135816733308,0.494573485006349));
#4356=DIRECTION('ref_axis',(0.,0.494573485006349,-0.869135816733308));
#4357=DIRECTION('',(0.,-0.494573485006349,0.869135816733308));
#4358=DIRECTION('',(0.,0.494573485006349,-0.869135816733308));
#4359=DIRECTION('',(-1.,0.,0.));
#4360=DIRECTION('center_axis',(0.,0.00625470631295323,0.999980439133156));
#4361=DIRECTION('ref_axis',(0.,0.999980439133156,-0.00625470631295323));
#4362=DIRECTION('',(0.,-0.999980439133156,0.00625470631295323));
#4363=DIRECTION('',(0.,0.999980439133156,-0.00625470631295323));
#4364=DIRECTION('',(-1.,0.,0.));
#4365=DIRECTION('center_axis',(0.,-0.862881110420355,0.505406954126806));
#4366=DIRECTION('ref_axis',(0.,0.505406954126806,0.862881110420355));
#4367=DIRECTION('',(0.,-0.505406954126806,-0.862881110420355));
#4368=DIRECTION('',(0.,0.505406954126806,0.862881110420355));
#4369=DIRECTION('center_axis',(0.,-0.869135816733308,-0.494573485006349));
#4370=DIRECTION('ref_axis',(0.,-0.494573485006349,0.869135816733308));
#4371=DIRECTION('',(0.,0.494573485006349,-0.869135816733308));
#4372=DIRECTION('',(-1.,0.,0.));
#4373=DIRECTION('',(0.,-0.494573485006349,0.869135816733308));
#4374=DIRECTION('',(-1.,0.,0.));
#4375=DIRECTION('center_axis',(0.,-0.00625470631295323,-0.999980439133156));
#4376=DIRECTION('ref_axis',(0.,-0.999980439133156,0.00625470631295323));
#4377=DIRECTION('',(0.,0.999980439133156,-0.00625470631295323));
#4378=DIRECTION('',(0.,-0.999980439133156,0.00625470631295323));
#4379=DIRECTION('',(-1.,0.,0.));
#4380=DIRECTION('center_axis',(0.,0.862881110420355,-0.505406954126806));
#4381=DIRECTION('ref_axis',(0.,-0.505406954126806,-0.862881110420355));
#4382=DIRECTION('',(0.,0.505406954126806,0.862881110420355));
#4383=DIRECTION('',(0.,-0.505406954126806,-0.862881110420355));
#4384=DIRECTION('',(-1.,0.,0.));
#4385=DIRECTION('center_axis',(0.,0.869135816733308,0.494573485006349));
#4386=DIRECTION('ref_axis',(0.,0.494573485006349,-0.869135816733308));
#4387=DIRECTION('',(0.,-0.494573485006349,0.869135816733308));
#4388=DIRECTION('',(0.,0.494573485006349,-0.869135816733308));
#4389=DIRECTION('',(-1.,0.,0.));
#4390=DIRECTION('center_axis',(0.,0.00625470631295323,0.999980439133156));
#4391=DIRECTION('ref_axis',(0.,0.999980439133156,-0.00625470631295323));
#4392=DIRECTION('',(0.,-0.999980439133156,0.00625470631295323));
#4393=DIRECTION('',(0.,0.999980439133156,-0.00625470631295323));
#4394=DIRECTION('',(-1.,0.,0.));
#4395=DIRECTION('center_axis',(0.,-0.862881110420355,0.505406954126806));
#4396=DIRECTION('ref_axis',(0.,0.505406954126806,0.862881110420355));
#4397=DIRECTION('',(0.,-0.505406954126806,-0.862881110420355));
#4398=DIRECTION('',(0.,0.505406954126806,0.862881110420355));
#4399=DIRECTION('center_axis',(0.,-1.,0.));
#4400=DIRECTION('ref_axis',(0.,0.,-1.));
#4401=DIRECTION('',(0.,0.,1.));
#4402=DIRECTION('',(1.,0.,0.));
#4403=DIRECTION('',(0.,0.,-1.));
#4404=DIRECTION('',(1.,0.,0.));
#4405=DIRECTION('center_axis',(0.,0.,1.));
#4406=DIRECTION('ref_axis',(0.,-1.,0.));
#4407=DIRECTION('',(0.,1.,0.));
#4408=DIRECTION('',(0.,-1.,0.));
#4409=DIRECTION('',(1.,0.,0.));
#4410=DIRECTION('center_axis',(0.,1.,0.));
#4411=DIRECTION('ref_axis',(0.,0.,1.));
#4412=DIRECTION('',(0.,0.,-1.));
#4413=DIRECTION('',(0.,0.,1.));
#4414=DIRECTION('',(1.,0.,0.));
#4415=DIRECTION('center_axis',(0.,0.,-1.));
#4416=DIRECTION('ref_axis',(0.,1.,0.));
#4417=DIRECTION('',(0.,-1.,0.));
#4418=DIRECTION('',(0.,1.,0.));
#4419=DIRECTION('center_axis',(1.,0.,0.));
#4420=DIRECTION('ref_axis',(0.,0.,-1.));
#4421=DIRECTION('center_axis',(1.,0.,0.));
#4422=DIRECTION('ref_axis',(0.,1.,0.));
#4423=CARTESIAN_POINT('',(0.,0.,0.));
#4424=CARTESIAN_POINT('Origin',(186.,-32.5000004842877,32.5000004842877));
#4425=CARTESIAN_POINT('',(186.,-34.0000004842877,32.5000004842877));
#4426=CARTESIAN_POINT('Origin',(186.,-32.5000004842877,32.5000004842877));
#4427=CARTESIAN_POINT('',(182.,-34.0000004842877,32.5000004842877));
#4428=CARTESIAN_POINT('',(186.,-34.0000004842877,32.5000004842877));
#4429=CARTESIAN_POINT('Origin',(182.,-32.5000004842877,32.5000004842877));
#4430=CARTESIAN_POINT('Origin',(186.,-32.5000004842877,-32.4999995157123));
#4431=CARTESIAN_POINT('',(186.,-34.0000004842877,-32.4999995157123));
#4432=CARTESIAN_POINT('Origin',(186.,-32.5000004842877,-32.4999995157123));
#4433=CARTESIAN_POINT('',(182.,-34.0000004842877,-32.4999995157123));
#4434=CARTESIAN_POINT('',(186.,-34.0000004842877,-32.4999995157123));
#4435=CARTESIAN_POINT('Origin',(182.,-32.5000004842877,-32.4999995157123));
#4436=CARTESIAN_POINT('Origin',(186.,32.4999995157123,32.5000004842877));
#4437=CARTESIAN_POINT('',(186.,30.9999995157123,32.5000004842877));
#4438=CARTESIAN_POINT('Origin',(186.,32.4999995157123,32.5000004842877));
#4439=CARTESIAN_POINT('',(182.,30.9999995157123,32.5000004842877));
#4440=CARTESIAN_POINT('',(186.,30.9999995157123,32.5000004842877));
#4441=CARTESIAN_POINT('Origin',(182.,32.4999995157123,32.5000004842877));
#4442=CARTESIAN_POINT('Origin',(186.,32.4999995157123,-32.4999995157123));
#4443=CARTESIAN_POINT('',(186.,30.9999995157123,-32.4999995157123));
#4444=CARTESIAN_POINT('Origin',(186.,32.4999995157123,-32.4999995157123));
#4445=CARTESIAN_POINT('',(182.,30.9999995157123,-32.4999995157123));
#4446=CARTESIAN_POINT('',(186.,30.9999995157123,-32.4999995157123));
#4447=CARTESIAN_POINT('Origin',(182.,32.4999995157123,-32.4999995157123));
#4448=CARTESIAN_POINT('Origin',(186.,-2.94618971893855,-30.0300276355554));
#4449=CARTESIAN_POINT('',(182.,-5.82922708248212,-24.9635388131635));
#4450=CARTESIAN_POINT('',(182.,-2.94618971893855,-30.0300276355554));
#4451=CARTESIAN_POINT('',(182.,-9.04009305701791,-19.3209423016187));
#4452=CARTESIAN_POINT('',(186.,-5.82922708248212,-24.9635388131635));
#4453=CARTESIAN_POINT('',(186.,-5.82922708248212,-24.9635388131635));
#4454=CARTESIAN_POINT('',(186.,-2.94618971893855,-30.0300276355554));
#4455=CARTESIAN_POINT('',(186.,-9.04009305701791,-19.3209423016187));
#4456=CARTESIAN_POINT('',(186.,-2.94618971893855,-30.0300276355554));
#4457=CARTESIAN_POINT('Origin',(186.,2.88303699101454,-30.0664884498629));
#4458=CARTESIAN_POINT('',(182.,2.88303699101454,-30.0664884498629));
#4459=CARTESIAN_POINT('',(182.,1.34754820138006,-30.05688423057));
#4460=CARTESIAN_POINT('',(186.,2.88303699101454,-30.0664884498629));
#4461=CARTESIAN_POINT('',(186.,1.34754820138006,-30.05688423057));
#4462=CARTESIAN_POINT('',(186.,2.88303699101454,-30.0664884498629));
#4463=CARTESIAN_POINT('Origin',(186.,5.82922633742406,-25.0364604417785));
#4464=CARTESIAN_POINT('',(182.,5.82922633742406,-25.0364604417785));
#4465=CARTESIAN_POINT('',(182.,10.5440053895581,-16.986919867251));
#4466=CARTESIAN_POINT('',(186.,5.82922633742406,-25.0364604417785));
#4467=CARTESIAN_POINT('',(186.,10.5440053895581,-16.986919867251));
#4468=CARTESIAN_POINT('',(186.,5.82922633742406,-25.0364604417785));
#4469=CARTESIAN_POINT('Origin',(186.,2.94618897388049,-19.9699716193866));
#4470=CARTESIAN_POINT('',(182.,2.94618897388049,-19.9699716193866));
#4471=CARTESIAN_POINT('',(182.,-1.70619568242708,-11.7941306966459));
#4472=CARTESIAN_POINT('',(186.,2.94618897388049,-19.9699716193866));
#4473=CARTESIAN_POINT('',(186.,-1.70619568242708,-11.7941306966459));
#4474=CARTESIAN_POINT('',(186.,2.94618897388049,-19.9699716193866));
#4475=CARTESIAN_POINT('Origin',(186.,-2.8830377360726,-19.9335108050791));
#4476=CARTESIAN_POINT('',(182.,-2.8830377360726,-19.9335108050791));
#4477=CARTESIAN_POINT('',(182.,-1.50391317073054,-19.94213699294));
#4478=CARTESIAN_POINT('',(186.,-2.8830377360726,-19.9335108050791));
#4479=CARTESIAN_POINT('',(186.,-1.50391317073054,-19.94213699294));
#4480=CARTESIAN_POINT('',(186.,-2.8830377360726,-19.9335108050791));
#4481=CARTESIAN_POINT('Origin',(186.,-5.82922708248212,-24.9635388131635));
#4482=CARTESIAN_POINT('',(182.,0.358646642856706,-14.3989842345938));
#4483=CARTESIAN_POINT('',(186.,0.358646642856706,-14.3989842345938));
#4484=CARTESIAN_POINT('Origin',(186.,-15.4461897189385,-17.5300276355554));
#4485=CARTESIAN_POINT('',(182.,-18.3292270824821,-12.4635388131635));
#4486=CARTESIAN_POINT('',(182.,-15.4461897189385,-17.5300276355554));
#4487=CARTESIAN_POINT('',(182.,-17.3247526701619,-14.2287460375831));
#4488=CARTESIAN_POINT('',(186.,-18.3292270824821,-12.4635388131635));
#4489=CARTESIAN_POINT('',(186.,-18.3292270824821,-12.4635388131635));
#4490=CARTESIAN_POINT('',(186.,-15.4461897189385,-17.5300276355554));
#4491=CARTESIAN_POINT('',(186.,-17.3247526701619,-14.2287460375831));
#4492=CARTESIAN_POINT('',(186.,-15.4461897189385,-17.5300276355554));
#4493=CARTESIAN_POINT('Origin',(186.,-9.61696300898546,-17.5664884498629));
#4494=CARTESIAN_POINT('',(182.,-9.61696300898545,-17.5664884498629));
#4495=CARTESIAN_POINT('',(182.,-4.86360515727985,-17.5962198887984));
#4496=CARTESIAN_POINT('',(186.,-9.61696300898545,-17.5664884498629));
#4497=CARTESIAN_POINT('',(186.,-4.86360515727985,-17.5962198887984));
#4498=CARTESIAN_POINT('',(186.,-9.61696300898545,-17.5664884498629));
#4499=CARTESIAN_POINT('Origin',(186.,-6.67077366257594,-12.5364604417785));
#4500=CARTESIAN_POINT('',(182.,-6.67077366257594,-12.5364604417785));
#4501=CARTESIAN_POINT('',(182.,-3.08518163863794,-6.41478047305823));
#4502=CARTESIAN_POINT('',(186.,-6.67077366257594,-12.5364604417785));
#4503=CARTESIAN_POINT('',(186.,-3.08518163863794,-6.41478047305823));
#4504=CARTESIAN_POINT('',(186.,-6.67077366257594,-12.5364604417785));
#4505=CARTESIAN_POINT('Origin',(186.,-9.55381102611951,-7.46997161938657));
#4506=CARTESIAN_POINT('',(182.,-9.55381102611951,-7.46997161938657));
#4507=CARTESIAN_POINT('',(182.,-9.9908552955711,-6.70193443261029));
#4508=CARTESIAN_POINT('',(186.,-9.55381102611951,-7.46997161938657));
#4509=CARTESIAN_POINT('',(186.,-9.9908552955711,-6.70193443261029));
#4510=CARTESIAN_POINT('',(186.,-9.55381102611951,-7.46997161938657));
#4511=CARTESIAN_POINT('Origin',(186.,-15.3830377360726,-7.43351080507905));
#4512=CARTESIAN_POINT('',(182.,-15.3830377360726,-7.43351080507905));
#4513=CARTESIAN_POINT('',(182.,-7.71506652939045,-7.48147265116832));
#4514=CARTESIAN_POINT('',(186.,-15.3830377360726,-7.43351080507905));
#4515=CARTESIAN_POINT('',(186.,-7.71506652939045,-7.48147265116832));
#4516=CARTESIAN_POINT('',(186.,-15.3830377360726,-7.43351080507905));
#4517=CARTESIAN_POINT('Origin',(186.,-18.3292270824821,-12.4635388131635));
#4518=CARTESIAN_POINT('',(182.,-13.2705403853394,-3.82684484040101));
#4519=CARTESIAN_POINT('',(186.,-13.2705403853394,-3.82684484040101));
#4520=CARTESIAN_POINT('Origin',(186.,22.0538102810615,-5.03002763555538));
#4521=CARTESIAN_POINT('',(182.,19.1707729175179,0.0364611868365383));
#4522=CARTESIAN_POINT('',(182.,22.0538102810615,-5.03002763555538));
#4523=CARTESIAN_POINT('',(182.,18.2755144149109,1.60973847209324));
#4524=CARTESIAN_POINT('',(186.,19.1707729175179,0.0364611868365383));
#4525=CARTESIAN_POINT('',(186.,19.1707729175179,0.0364611868365383));
#4526=CARTESIAN_POINT('',(186.,22.0538102810615,-5.03002763555538));
#4527=CARTESIAN_POINT('',(186.,18.2755144149109,1.60973847209324));
#4528=CARTESIAN_POINT('',(186.,22.0538102810615,-5.03002763555538));
#4529=CARTESIAN_POINT('Origin',(186.,27.8830369910145,-5.0664884498629));
#4530=CARTESIAN_POINT('',(182.,27.8830369910145,-5.0664884498629));
#4531=CARTESIAN_POINT('',(182.,13.9262195178368,-4.97919094788986));
#4532=CARTESIAN_POINT('',(186.,27.8830369910145,-5.0664884498629));
#4533=CARTESIAN_POINT('',(186.,13.9262195178368,-4.97919094788986));
#4534=CARTESIAN_POINT('',(186.,27.8830369910145,-5.0664884498629));
#4535=CARTESIAN_POINT('Origin',(186.,30.8292263374241,-0.0364604417784875));
#4536=CARTESIAN_POINT('',(182.,30.8292263374241,-0.0364604417784875));
#4537=CARTESIAN_POINT('',(182.,26.8997266011726,-6.74529392364316));
#4538=CARTESIAN_POINT('',(186.,30.8292263374241,-0.0364604417784875));
#4539=CARTESIAN_POINT('',(186.,26.8997266011726,-6.74529392364316));
#4540=CARTESIAN_POINT('',(186.,30.8292263374241,-0.0364604417784875));
#4541=CARTESIAN_POINT('Origin',(186.,27.9461889738805,5.03002838061343));
#4542=CARTESIAN_POINT('',(182.,27.9461889738805,5.03002838061343));
#4543=CARTESIAN_POINT('',(182.,25.6094117895017,9.1365500770661));
#4544=CARTESIAN_POINT('',(186.,27.9461889738805,5.03002838061343));
#4545=CARTESIAN_POINT('',(186.,25.6094117895017,9.1365500770661));
#4546=CARTESIAN_POINT('',(186.,27.9461889738805,5.03002838061343));
#4547=CARTESIAN_POINT('Origin',(186.,22.1169622639274,5.06648919492095));
#4548=CARTESIAN_POINT('',(182.,22.1169622639274,5.06648919492095));
#4549=CARTESIAN_POINT('',(182.,11.0747581457262,5.13555628974022));
#4550=CARTESIAN_POINT('',(186.,22.1169622639274,5.06648919492095));
#4551=CARTESIAN_POINT('',(186.,11.0747581457262,5.13555628974022));
#4552=CARTESIAN_POINT('',(186.,22.1169622639274,5.06648919492095));
#4553=CARTESIAN_POINT('Origin',(186.,19.1707729175179,0.0364611868365383));
#4554=CARTESIAN_POINT('',(182.,16.7143678544712,-4.15735829098593));
#4555=CARTESIAN_POINT('',(186.,16.7143678544712,-4.15735829098593));
#4556=CARTESIAN_POINT('Origin',(186.,-27.9461897189385,-5.03002763555538));
#4557=CARTESIAN_POINT('',(182.,-30.8292270824821,0.0364611868365383));
#4558=CARTESIAN_POINT('',(182.,-27.9461897189385,-5.03002763555538));
#4559=CARTESIAN_POINT('',(182.,-25.6094122833059,-9.13654977354756));
#4560=CARTESIAN_POINT('',(186.,-30.8292270824821,0.0364611868365383));
#4561=CARTESIAN_POINT('',(186.,-30.8292270824821,0.0364611868365383));
#4562=CARTESIAN_POINT('',(186.,-27.9461897189385,-5.03002763555538));
#4563=CARTESIAN_POINT('',(186.,-25.6094122833059,-9.13654977354756));
#4564=CARTESIAN_POINT('',(186.,-27.9461897189385,-5.03002763555538));
#4565=CARTESIAN_POINT('Origin',(186.,-22.1169630089855,-5.0664884498629));
#4566=CARTESIAN_POINT('',(182.,-22.1169630089855,-5.0664884498629));
#4567=CARTESIAN_POINT('',(182.,-11.0747585159398,-5.13555554702676));
#4568=CARTESIAN_POINT('',(186.,-22.1169630089855,-5.0664884498629));
#4569=CARTESIAN_POINT('',(186.,-11.0747585159398,-5.13555554702676));
#4570=CARTESIAN_POINT('',(186.,-22.1169630089855,-5.0664884498629));
#4571=CARTESIAN_POINT('Origin',(186.,-19.1707736625759,-0.0364604417784875));
#4572=CARTESIAN_POINT('',(182.,-19.1707736625759,-0.0364604417784875));
#4573=CARTESIAN_POINT('',(182.,-16.714368666834,4.15735892113453));
#4574=CARTESIAN_POINT('',(186.,-19.1707736625759,-0.0364604417784875));
#4575=CARTESIAN_POINT('',(186.,-16.714368666834,4.15735892113453));
#4576=CARTESIAN_POINT('',(186.,-19.1707736625759,-0.0364604417784875));
#4577=CARTESIAN_POINT('Origin',(186.,-22.0538110261195,5.03002838061343));
#4578=CARTESIAN_POINT('',(182.,-22.0538110261195,5.03002838061343));
#4579=CARTESIAN_POINT('',(182.,-18.2755149087151,-1.6097381685747));
#4580=CARTESIAN_POINT('',(186.,-22.0538110261195,5.03002838061343));
#4581=CARTESIAN_POINT('',(186.,-18.2755149087151,-1.6097381685747));
#4582=CARTESIAN_POINT('',(186.,-22.0538110261195,5.03002838061343));
#4583=CARTESIAN_POINT('Origin',(186.,-27.8830377360726,5.06648919492095));
#4584=CARTESIAN_POINT('',(182.,-27.8830377360726,5.06648919492095));
#4585=CARTESIAN_POINT('',(182.,-13.9262198880504,4.97919169060333));
#4586=CARTESIAN_POINT('',(186.,-27.8830377360726,5.06648919492095));
#4587=CARTESIAN_POINT('',(186.,-13.9262198880504,4.97919169060333));
#4588=CARTESIAN_POINT('',(186.,-27.8830377360726,5.06648919492095));
#4589=CARTESIAN_POINT('Origin',(186.,-30.8292270824821,0.0364611868365383));
#4590=CARTESIAN_POINT('',(182.,-26.8997274135354,6.74529455379176));
#4591=CARTESIAN_POINT('',(186.,-26.8997274135354,6.74529455379176));
#4592=CARTESIAN_POINT('Origin',(186.,9.55381028106145,7.46997236444462));
#4593=CARTESIAN_POINT('',(182.,6.67077291751788,12.5364611868365));
#4594=CARTESIAN_POINT('',(182.,9.55381028106145,7.46997236444462));
#4595=CARTESIAN_POINT('',(182.,9.9908548017669,6.70193473612883));
#4596=CARTESIAN_POINT('',(186.,6.67077291751788,12.5364611868365));
#4597=CARTESIAN_POINT('',(186.,6.67077291751788,12.5364611868365));
#4598=CARTESIAN_POINT('',(186.,9.55381028106145,7.46997236444462));
#4599=CARTESIAN_POINT('',(186.,9.9908548017669,6.70193473612883));
#4600=CARTESIAN_POINT('',(186.,9.55381028106145,7.46997236444462));
#4601=CARTESIAN_POINT('Origin',(186.,15.3830369910145,7.4335115501371));
#4602=CARTESIAN_POINT('',(182.,15.3830369910145,7.4335115501371));
#4603=CARTESIAN_POINT('',(182.,7.71506615917686,7.48147339388178));
#4604=CARTESIAN_POINT('',(186.,15.3830369910145,7.4335115501371));
#4605=CARTESIAN_POINT('',(186.,7.71506615917686,7.48147339388178));
#4606=CARTESIAN_POINT('',(186.,15.3830369910145,7.4335115501371));
#4607=CARTESIAN_POINT('Origin',(186.,18.3292263374241,12.4635395582215));
#4608=CARTESIAN_POINT('',(182.,18.3292263374241,12.4635395582215));
#4609=CARTESIAN_POINT('',(182.,13.2705395729765,3.82684547054961));
#4610=CARTESIAN_POINT('',(186.,18.3292263374241,12.4635395582215));
#4611=CARTESIAN_POINT('',(186.,13.2705395729765,3.82684547054961));
#4612=CARTESIAN_POINT('',(186.,18.3292263374241,12.4635395582215));
#4613=CARTESIAN_POINT('Origin',(186.,15.4461889738805,17.5300283806134));
#4614=CARTESIAN_POINT('',(182.,15.4461889738805,17.5300283806134));
#4615=CARTESIAN_POINT('',(182.,17.3247521763577,14.2287463411017));
#4616=CARTESIAN_POINT('',(186.,15.4461889738805,17.5300283806134));
#4617=CARTESIAN_POINT('',(186.,17.3247521763577,14.2287463411017));
#4618=CARTESIAN_POINT('',(186.,15.4461889738805,17.5300283806134));
#4619=CARTESIAN_POINT('Origin',(186.,9.6169622639274,17.5664891949209));
#4620=CARTESIAN_POINT('',(182.,9.61696226392739,17.5664891949209));
#4621=CARTESIAN_POINT('',(182.,4.86360478706626,17.5962206315119));
#4622=CARTESIAN_POINT('',(186.,9.61696226392739,17.5664891949209));
#4623=CARTESIAN_POINT('',(186.,4.86360478706626,17.5962206315119));
#4624=CARTESIAN_POINT('',(186.,9.61696226392739,17.5664891949209));
#4625=CARTESIAN_POINT('Origin',(186.,6.67077291751788,12.5364611868365));
#4626=CARTESIAN_POINT('',(182.,3.08518082627509,6.41478110320684));
#4627=CARTESIAN_POINT('',(186.,3.08518082627509,6.41478110320684));
#4628=CARTESIAN_POINT('Origin',(186.,-2.94618971893855,19.9699723644446));
#4629=CARTESIAN_POINT('',(182.,-5.82922708248212,25.0364611868365));
#4630=CARTESIAN_POINT('',(182.,-2.94618971893855,19.9699723644446));
#4631=CARTESIAN_POINT('',(182.,1.70619518862289,11.7941310001644));
#4632=CARTESIAN_POINT('',(186.,-5.82922708248212,25.0364611868365));
#4633=CARTESIAN_POINT('',(186.,-5.82922708248212,25.0364611868365));
#4634=CARTESIAN_POINT('',(186.,-2.94618971893855,19.9699723644446));
#4635=CARTESIAN_POINT('',(186.,1.70619518862289,11.7941310001644));
#4636=CARTESIAN_POINT('',(186.,-2.94618971893855,19.9699723644446));
#4637=CARTESIAN_POINT('Origin',(186.,2.88303699101454,19.9335115501371));
#4638=CARTESIAN_POINT('',(182.,2.88303699101454,19.9335115501371));
#4639=CARTESIAN_POINT('',(182.,1.50391280051695,19.9421377356534));
#4640=CARTESIAN_POINT('',(186.,2.88303699101454,19.9335115501371));
#4641=CARTESIAN_POINT('',(186.,1.50391280051695,19.9421377356534));
#4642=CARTESIAN_POINT('',(186.,2.88303699101454,19.9335115501371));
#4643=CARTESIAN_POINT('Origin',(186.,5.82922633742406,24.9635395582215));
#4644=CARTESIAN_POINT('',(182.,5.82922633742406,24.9635395582215));
#4645=CARTESIAN_POINT('',(182.,-0.358647455219557,14.3989848647424));
#4646=CARTESIAN_POINT('',(186.,5.82922633742406,24.9635395582215));
#4647=CARTESIAN_POINT('',(186.,-0.358647455219557,14.3989848647424));
#4648=CARTESIAN_POINT('',(186.,5.82922633742406,24.9635395582215));
#4649=CARTESIAN_POINT('Origin',(186.,2.94618897388049,30.0300283806134));
#4650=CARTESIAN_POINT('',(182.,2.94618897388049,30.0300283806134));
#4651=CARTESIAN_POINT('',(182.,9.04009256321372,19.3209426051373));
#4652=CARTESIAN_POINT('',(186.,2.94618897388049,30.0300283806134));
#4653=CARTESIAN_POINT('',(186.,9.04009256321372,19.3209426051373));
#4654=CARTESIAN_POINT('',(186.,2.94618897388049,30.0300283806134));
#4655=CARTESIAN_POINT('Origin',(186.,-2.8830377360726,30.0664891949209));
#4656=CARTESIAN_POINT('',(182.,-2.8830377360726,30.0664891949209));
#4657=CARTESIAN_POINT('',(182.,-1.34754857159365,30.0568849732835));
#4658=CARTESIAN_POINT('',(186.,-2.8830377360726,30.0664891949209));
#4659=CARTESIAN_POINT('',(186.,-1.34754857159365,30.0568849732835));
#4660=CARTESIAN_POINT('',(186.,-2.8830377360726,30.0664891949209));
#4661=CARTESIAN_POINT('Origin',(186.,-5.82922708248212,25.0364611868365));
#4662=CARTESIAN_POINT('',(182.,-10.544006201921,16.9869204973996));
#4663=CARTESIAN_POINT('',(186.,-10.544006201921,16.9869204973996));
#4664=CARTESIAN_POINT('Origin',(186.,-15.4461897189385,19.9699723644446));
#4665=CARTESIAN_POINT('',(182.,-18.3292270824821,25.0364611868365));
#4666=CARTESIAN_POINT('',(182.,-15.4461897189385,19.9699723644446));
#4667=CARTESIAN_POINT('',(182.,-9.26503648593133,9.10755893875421));
#4668=CARTESIAN_POINT('',(186.,-18.3292270824821,25.0364611868365));
#4669=CARTESIAN_POINT('',(186.,-18.3292270824821,25.0364611868365));
#4670=CARTESIAN_POINT('',(186.,-15.4461897189385,19.9699723644446));
#4671=CARTESIAN_POINT('',(186.,-9.26503648593133,9.10755893875421));
#4672=CARTESIAN_POINT('',(186.,-15.4461897189385,19.9699723644446));
#4673=CARTESIAN_POINT('Origin',(186.,-9.61696300898546,19.9335115501371));
#4674=CARTESIAN_POINT('',(182.,-9.61696300898545,19.9335115501371));
#4675=CARTESIAN_POINT('',(182.,-4.74633170792718,19.9030465858692));
#4676=CARTESIAN_POINT('',(186.,-9.61696300898545,19.9335115501371));
#4677=CARTESIAN_POINT('',(186.,-4.74633170792718,19.9030465858692));
#4678=CARTESIAN_POINT('',(186.,-9.61696300898545,19.9335115501371));
#4679=CARTESIAN_POINT('Origin',(186.,-6.67077366257594,24.9635395582215));
#4680=CARTESIAN_POINT('',(182.,-6.67077366257594,24.9635395582215));
#4681=CARTESIAN_POINT('',(182.,-11.2621712722212,17.1246480759368));
#4682=CARTESIAN_POINT('',(186.,-6.67077366257594,24.9635395582215));
#4683=CARTESIAN_POINT('',(186.,-11.2621712722212,17.1246480759368));
#4684=CARTESIAN_POINT('',(186.,-6.67077366257594,24.9635395582215));
#4685=CARTESIAN_POINT('Origin',(186.,-9.55381102611951,30.0300283806134));
#4686=CARTESIAN_POINT('',(182.,-9.55381102611951,30.0300283806134));
#4687=CARTESIAN_POINT('',(182.,-1.9311391113405,16.6343705437271));
#4688=CARTESIAN_POINT('',(186.,-9.55381102611951,30.0300283806134));
#4689=CARTESIAN_POINT('',(186.,-1.9311391113405,16.6343705437271));
#4690=CARTESIAN_POINT('',(186.,-9.55381102611951,30.0300283806134));
#4691=CARTESIAN_POINT('Origin',(186.,-15.3830377360726,30.0664891949209));
#4692=CARTESIAN_POINT('',(182.,-15.3830377360726,30.0664891949209));
#4693=CARTESIAN_POINT('',(182.,-7.59779308003778,30.0177938234993));
#4694=CARTESIAN_POINT('',(186.,-15.3830377360726,30.0664891949209));
#4695=CARTESIAN_POINT('',(186.,-7.59779308003778,30.0177938234993));
#4696=CARTESIAN_POINT('',(186.,-15.3830377360726,30.0664891949209));
#4697=CARTESIAN_POINT('Origin',(186.,-18.3292270824821,25.0364611868365));
#4698=CARTESIAN_POINT('',(182.,-21.4475300189226,19.712583708594));
#4699=CARTESIAN_POINT('',(186.,-21.4475300189226,19.712583708594));
#4700=CARTESIAN_POINT('Origin',(186.,22.0538102810615,7.46997236444462));
#4701=CARTESIAN_POINT('',(182.,19.1707729175179,12.5364611868365));
#4702=CARTESIAN_POINT('',(182.,22.0538102810615,7.46997236444462));
#4703=CARTESIAN_POINT('',(182.,20.9620864763211,9.38850679753903));
#4704=CARTESIAN_POINT('',(186.,19.1707729175179,12.5364611868365));
#4705=CARTESIAN_POINT('',(186.,19.1707729175179,12.5364611868365));
#4706=CARTESIAN_POINT('',(186.,22.0538102810615,7.46997236444462));
#4707=CARTESIAN_POINT('',(186.,20.9620864763211,9.38850679753903));
#4708=CARTESIAN_POINT('',(186.,22.0538102810615,7.46997236444462));
#4709=CARTESIAN_POINT('Origin',(186.,27.8830369910145,7.4335115501371));
#4710=CARTESIAN_POINT('',(182.,27.8830369910145,7.4335115501371));
#4711=CARTESIAN_POINT('',(182.,13.965310667621,7.520564543666));
#4712=CARTESIAN_POINT('',(186.,27.8830369910145,7.4335115501371));
#4713=CARTESIAN_POINT('',(186.,13.965310667621,7.520564543666));
#4714=CARTESIAN_POINT('',(186.,27.8830369910145,7.4335115501371));
#4715=CARTESIAN_POINT('Origin',(186.,30.8292263374241,12.4635395582215));
#4716=CARTESIAN_POINT('',(182.,30.8292263374241,12.4635395582215));
#4717=CARTESIAN_POINT('',(182.,24.1740633899782,1.10118225935519));
#4718=CARTESIAN_POINT('',(186.,30.8292263374241,12.4635395582215));
#4719=CARTESIAN_POINT('',(186.,24.1740633899782,1.10118225935519));
#4720=CARTESIAN_POINT('',(186.,30.8292263374241,12.4635395582215));
#4721=CARTESIAN_POINT('Origin',(186.,27.9461889738805,17.5300283806134));
#4722=CARTESIAN_POINT('',(182.,27.9461889738805,17.5300283806134));
#4723=CARTESIAN_POINT('',(182.,28.2959838509119,16.9153184025119));
#4724=CARTESIAN_POINT('',(186.,27.9461889738805,17.5300283806134));
#4725=CARTESIAN_POINT('',(186.,28.2959838509119,16.9153184025119));
#4726=CARTESIAN_POINT('',(186.,27.9461889738805,17.5300283806134));
#4727=CARTESIAN_POINT('Origin',(186.,22.1169622639274,17.5664891949209));
#4728=CARTESIAN_POINT('',(182.,22.1169622639274,17.5664891949209));
#4729=CARTESIAN_POINT('',(182.,11.1138492955104,17.6353117812961));
#4730=CARTESIAN_POINT('',(186.,22.1169622639274,17.5664891949209));
#4731=CARTESIAN_POINT('',(186.,11.1138492955104,17.6353117812961));
#4732=CARTESIAN_POINT('',(186.,22.1169622639274,17.5664891949209));
#4733=CARTESIAN_POINT('Origin',(186.,19.1707729175179,12.5364611868365));
#4734=CARTESIAN_POINT('',(182.,13.9887046432767,3.68911789201242));
#4735=CARTESIAN_POINT('',(186.,13.9887046432767,3.68911789201242));
#4736=CARTESIAN_POINT('Origin',(186.,-27.9461897189385,7.46997236444462));
#4737=CARTESIAN_POINT('',(182.,-30.8292270824821,12.5364611868365));
#4738=CARTESIAN_POINT('',(182.,-27.9461897189385,7.46997236444462));
#4739=CARTESIAN_POINT('',(182.,-22.9228402218957,-1.35778144810177));
#4740=CARTESIAN_POINT('',(186.,-30.8292270824821,12.5364611868365));
#4741=CARTESIAN_POINT('',(186.,-30.8292270824821,12.5364611868365));
#4742=CARTESIAN_POINT('',(186.,-27.9461897189385,7.46997236444462));
#4743=CARTESIAN_POINT('',(186.,-22.9228402218957,-1.35778144810177));
#4744=CARTESIAN_POINT('',(186.,-27.9461897189385,7.46997236444462));
#4745=CARTESIAN_POINT('Origin',(186.,-22.1169630089855,7.4335115501371));
#4746=CARTESIAN_POINT('',(182.,-22.1169630089855,7.4335115501371));
#4747=CARTESIAN_POINT('',(182.,-11.0356673661555,7.36419994452911));
#4748=CARTESIAN_POINT('',(186.,-22.1169630089855,7.4335115501371));
#4749=CARTESIAN_POINT('',(186.,-11.0356673661555,7.36419994452911));
#4750=CARTESIAN_POINT('',(186.,-22.1169630089855,7.4335115501371));
#4751=CARTESIAN_POINT('Origin',(186.,-19.1707736625759,12.4635395582215));
#4752=CARTESIAN_POINT('',(182.,-19.1707736625759,12.4635395582215));
#4753=CARTESIAN_POINT('',(182.,-19.4400318780284,12.0038351041329));
#4754=CARTESIAN_POINT('',(186.,-19.1707736625759,12.4635395582215));
#4755=CARTESIAN_POINT('',(186.,-19.4400318780284,12.0038351041329));
#4756=CARTESIAN_POINT('',(186.,-19.1707736625759,12.4635395582215));
#4757=CARTESIAN_POINT('Origin',(186.,-22.0538110261195,17.5300283806134));
#4758=CARTESIAN_POINT('',(182.,-22.0538110261195,17.5300283806134));
#4759=CARTESIAN_POINT('',(182.,-15.5889428473049,6.16903015687108));
#4760=CARTESIAN_POINT('',(186.,-22.0538110261195,17.5300283806134));
#4761=CARTESIAN_POINT('',(186.,-15.5889428473049,6.16903015687108));
#4762=CARTESIAN_POINT('',(186.,-22.0538110261195,17.5300283806134));
#4763=CARTESIAN_POINT('Origin',(186.,-27.8830377360726,17.5664891949209));
#4764=CARTESIAN_POINT('',(182.,-27.8830377360726,17.5664891949209));
#4765=CARTESIAN_POINT('',(182.,-13.8871287382661,17.4789471821592));
#4766=CARTESIAN_POINT('',(186.,-27.8830377360726,17.5664891949209));
#4767=CARTESIAN_POINT('',(186.,-13.8871287382661,17.4789471821592));
#4768=CARTESIAN_POINT('',(186.,-27.8830377360726,17.5664891949209));
#4769=CARTESIAN_POINT('Origin',(186.,-30.8292270824821,12.5364611868365));
#4770=CARTESIAN_POINT('',(182.,-29.6253906247299,14.5917707367901));
#4771=CARTESIAN_POINT('',(186.,-29.6253906247299,14.5917707367901));
#4772=CARTESIAN_POINT('Origin',(186.,9.55381028106145,-5.03002763555538));
#4773=CARTESIAN_POINT('',(182.,6.67077291751788,0.0364611868365383));
#4774=CARTESIAN_POINT('',(182.,9.55381028106145,-5.03002763555538));
#4775=CARTESIAN_POINT('',(182.,7.3042827403567,-1.07683358931696));
#4776=CARTESIAN_POINT('',(186.,6.67077291751788,0.0364611868365383));
#4777=CARTESIAN_POINT('',(186.,6.67077291751788,0.0364611868365383));
#4778=CARTESIAN_POINT('',(186.,9.55381028106145,-5.03002763555538));
#4779=CARTESIAN_POINT('',(186.,7.3042827403567,-1.07683358931696));
#4780=CARTESIAN_POINT('',(186.,9.55381028106145,-5.03002763555538));
#4781=CARTESIAN_POINT('Origin',(186.,15.3830369910145,-5.0664884498629));
#4782=CARTESIAN_POINT('',(182.,15.3830369910145,-5.0664884498629));
#4783=CARTESIAN_POINT('',(182.,7.67597500939264,-5.01828209767409));
#4784=CARTESIAN_POINT('',(186.,15.3830369910145,-5.0664884498629));
#4785=CARTESIAN_POINT('',(186.,7.67597500939264,-5.01828209767409));
#4786=CARTESIAN_POINT('',(186.,15.3830369910145,-5.0664884498629));
#4787=CARTESIAN_POINT('Origin',(186.,18.3292263374241,-0.0364604417784875));
#4788=CARTESIAN_POINT('',(182.,18.3292263374241,-0.0364604417784875));
#4789=CARTESIAN_POINT('',(182.,15.9962027841709,-4.01963071244874));
#4790=CARTESIAN_POINT('',(186.,18.3292263374241,-0.0364604417784875));
#4791=CARTESIAN_POINT('',(186.,15.9962027841709,-4.01963071244874));
#4792=CARTESIAN_POINT('',(186.,18.3292263374241,-0.0364604417784875));
#4793=CARTESIAN_POINT('Origin',(186.,15.4461889738805,5.03002838061343));
#4794=CARTESIAN_POINT('',(182.,15.4461889738805,5.03002838061343));
#4795=CARTESIAN_POINT('',(182.,14.6381801149475,6.4499780156559));
#4796=CARTESIAN_POINT('',(186.,15.4461889738805,5.03002838061343));
#4797=CARTESIAN_POINT('',(186.,14.6381801149475,6.4499780156559));
#4798=CARTESIAN_POINT('',(186.,15.4461889738805,5.03002838061343));
#4799=CARTESIAN_POINT('Origin',(186.,9.6169622639274,5.06648919492095));
#4800=CARTESIAN_POINT('',(182.,9.61696226392739,5.06648919492095));
#4801=CARTESIAN_POINT('',(182.,4.82451363728204,5.096465139956));
#4802=CARTESIAN_POINT('',(186.,9.61696226392739,5.06648919492095));
#4803=CARTESIAN_POINT('',(186.,4.82451363728204,5.096465139956));
#4804=CARTESIAN_POINT('',(186.,9.61696226392739,5.06648919492095));
#4805=CARTESIAN_POINT('Origin',(186.,6.67077291751788,0.0364611868365383));
#4806=CARTESIAN_POINT('',(182.,5.81084403746951,-1.43169507979151));
#4807=CARTESIAN_POINT('',(186.,5.81084403746951,-1.43169507979151));
#4808=CARTESIAN_POINT('Origin',(186.,-2.94618971893855,-17.5300276355554));
#4809=CARTESIAN_POINT('',(182.,-5.82922708248212,-12.4635388131635));
#4810=CARTESIAN_POINT('',(182.,-2.94618971893855,-17.5300276355554));
#4811=CARTESIAN_POINT('',(182.,-6.35352099560771,-11.5421739761729));
#4812=CARTESIAN_POINT('',(186.,-5.82922708248212,-12.4635388131635));
#4813=CARTESIAN_POINT('',(186.,-5.82922708248212,-12.4635388131635));
#4814=CARTESIAN_POINT('',(186.,-2.94618971893855,-17.5300276355554));
#4815=CARTESIAN_POINT('',(186.,-6.35352099560771,-11.5421739761729));
#4816=CARTESIAN_POINT('',(186.,-2.94618971893855,-17.5300276355554));
#4817=CARTESIAN_POINT('Origin',(186.,2.88303699101454,-17.5664884498629));
#4818=CARTESIAN_POINT('',(182.,2.88303699101454,-17.5664884498629));
#4819=CARTESIAN_POINT('',(182.,1.38663935116428,-17.5571287390142));
#4820=CARTESIAN_POINT('',(186.,2.88303699101454,-17.5664884498629));
#4821=CARTESIAN_POINT('',(186.,1.38663935116428,-17.5571287390142));
#4822=CARTESIAN_POINT('',(186.,2.88303699101454,-17.5664884498629));
#4823=CARTESIAN_POINT('Origin',(186.,5.82922633742406,-12.5364604417785));
#4824=CARTESIAN_POINT('',(182.,5.82922633742406,-12.5364604417785));
#4825=CARTESIAN_POINT('',(182.,7.81834217836371,-9.14044368425266));
#4826=CARTESIAN_POINT('',(186.,5.82922633742406,-12.5364604417785));
#4827=CARTESIAN_POINT('',(186.,7.81834217836371,-9.14044368425266));
#4828=CARTESIAN_POINT('',(186.,5.82922633742406,-12.5364604417785));
#4829=CARTESIAN_POINT('Origin',(186.,2.94618897388049,-7.46997161938657));
#4830=CARTESIAN_POINT('',(182.,2.94618897388049,-7.46997161938657));
#4831=CARTESIAN_POINT('',(182.,0.980376378983118,-4.01536237120009));
#4832=CARTESIAN_POINT('',(186.,2.94618897388049,-7.46997161938657));
#4833=CARTESIAN_POINT('',(186.,0.980376378983118,-4.01536237120009));
#4834=CARTESIAN_POINT('',(186.,2.94618897388049,-7.46997161938657));
#4835=CARTESIAN_POINT('Origin',(186.,-2.8830377360726,-7.43351080507905));
#4836=CARTESIAN_POINT('',(182.,-2.8830377360726,-7.43351080507905));
#4837=CARTESIAN_POINT('',(182.,-1.46482202094632,-7.44238150138409));
#4838=CARTESIAN_POINT('',(186.,-2.8830377360726,-7.43351080507905));
#4839=CARTESIAN_POINT('',(186.,-1.46482202094632,-7.44238150138409));
#4840=CARTESIAN_POINT('',(186.,-2.8830377360726,-7.43351080507905));
#4841=CARTESIAN_POINT('Origin',(186.,-5.82922708248212,-12.4635388131635));
#4842=CARTESIAN_POINT('',(182.,-2.36701656833772,-6.55250805159543));
#4843=CARTESIAN_POINT('',(186.,-2.36701656833772,-6.55250805159543));
#4844=CARTESIAN_POINT('Origin',(186.,-15.4461897189385,-30.0300276355554));
#4845=CARTESIAN_POINT('',(182.,-18.3292270824821,-24.9635388131635));
#4846=CARTESIAN_POINT('',(182.,-15.4461897189385,-30.0300276355554));
#4847=CARTESIAN_POINT('',(182.,-20.0113247315721,-22.0075143630289));
#4848=CARTESIAN_POINT('',(186.,-18.3292270824821,-24.9635388131635));
#4849=CARTESIAN_POINT('',(186.,-18.3292270824821,-24.9635388131635));
#4850=CARTESIAN_POINT('',(186.,-15.4461897189385,-30.0300276355554));
#4851=CARTESIAN_POINT('',(186.,-20.0113247315721,-22.0075143630289));
#4852=CARTESIAN_POINT('',(186.,-15.4461897189385,-30.0300276355554));
#4853=CARTESIAN_POINT('Origin',(186.,-9.61696300898546,-30.0664884498629));
#4854=CARTESIAN_POINT('',(182.,-9.61696300898545,-30.0664884498629));
#4855=CARTESIAN_POINT('',(182.,-4.90269630706408,-30.0959753803543));
#4856=CARTESIAN_POINT('',(186.,-9.61696300898545,-30.0664884498629));
#4857=CARTESIAN_POINT('',(186.,-4.90269630706408,-30.0959753803543));
#4858=CARTESIAN_POINT('',(186.,-9.61696300898545,-30.0664884498629));
#4859=CARTESIAN_POINT('Origin',(186.,-6.67077366257594,-25.0364604417785));
#4860=CARTESIAN_POINT('',(182.,-6.67077366257594,-25.0364604417785));
#4861=CARTESIAN_POINT('',(182.,-0.359518427443518,-14.2612566560566));
#4862=CARTESIAN_POINT('',(186.,-6.67077366257594,-25.0364604417785));
#4863=CARTESIAN_POINT('',(186.,-0.359518427443518,-14.2612566560566));
#4864=CARTESIAN_POINT('',(186.,-6.67077366257594,-25.0364604417785));
#4865=CARTESIAN_POINT('Origin',(186.,-9.55381102611951,-19.9699716193866));
#4866=CARTESIAN_POINT('',(182.,-9.55381102611951,-19.9699716193866));
#4867=CARTESIAN_POINT('',(182.,-12.6774273569813,-14.4807027580561));
#4868=CARTESIAN_POINT('',(186.,-9.55381102611951,-19.9699716193866));
#4869=CARTESIAN_POINT('',(186.,-12.6774273569813,-14.4807027580561));
#4870=CARTESIAN_POINT('',(186.,-9.55381102611951,-19.9699716193866));
#4871=CARTESIAN_POINT('Origin',(186.,-15.3830377360726,-19.9335108050791));
#4872=CARTESIAN_POINT('',(182.,-15.3830377360726,-19.9335108050791));
#4873=CARTESIAN_POINT('',(182.,-7.75415767917468,-19.9812281427242));
#4874=CARTESIAN_POINT('',(186.,-15.3830377360726,-19.9335108050791));
#4875=CARTESIAN_POINT('',(186.,-7.75415767917468,-19.9812281427242));
#4876=CARTESIAN_POINT('',(186.,-15.3830377360726,-19.9335108050791));
#4877=CARTESIAN_POINT('Origin',(186.,-18.3292270824821,-24.9635388131635));
#4878=CARTESIAN_POINT('',(182.,-10.5448771741449,-11.6733210233994));
#4879=CARTESIAN_POINT('',(186.,-10.5448771741449,-11.6733210233994));
#4880=CARTESIAN_POINT('Origin',(186.,9.55381028106145,-30.0300276355554));
#4881=CARTESIAN_POINT('',(182.,6.67077291751788,-24.9635388131635));
#4882=CARTESIAN_POINT('',(182.,9.55381028106145,-30.0300276355554));
#4883=CARTESIAN_POINT('',(182.,1.93113861753631,-16.6343702402085));
#4884=CARTESIAN_POINT('',(186.,6.67077291751788,-24.9635388131635));
#4885=CARTESIAN_POINT('',(186.,6.67077291751788,-24.9635388131635));
#4886=CARTESIAN_POINT('',(186.,9.55381028106145,-30.0300276355554));
#4887=CARTESIAN_POINT('',(186.,1.93113861753631,-16.6343702402085));
#4888=CARTESIAN_POINT('',(186.,9.55381028106145,-30.0300276355554));
#4889=CARTESIAN_POINT('Origin',(186.,15.3830369910145,-30.0664884498629));
#4890=CARTESIAN_POINT('',(182.,15.3830369910145,-30.0664884498629));
#4891=CARTESIAN_POINT('',(182.,7.59779270982419,-30.0177930807858));
#4892=CARTESIAN_POINT('',(186.,15.3830369910145,-30.0664884498629));
#4893=CARTESIAN_POINT('',(186.,7.59779270982419,-30.0177930807858));
#4894=CARTESIAN_POINT('',(186.,15.3830369910145,-30.0664884498629));
#4895=CARTESIAN_POINT('Origin',(186.,18.3292263374241,-25.0364604417785));
#4896=CARTESIAN_POINT('',(182.,18.3292263374241,-25.0364604417785));
#4897=CARTESIAN_POINT('',(182.,21.4475292065598,-19.7125830784454));
#4898=CARTESIAN_POINT('',(186.,18.3292263374241,-25.0364604417785));
#4899=CARTESIAN_POINT('',(186.,21.4475292065598,-19.7125830784454));
#4900=CARTESIAN_POINT('',(186.,18.3292263374241,-25.0364604417785));
#4901=CARTESIAN_POINT('Origin',(186.,15.4461889738805,-19.9699716193866));
#4902=CARTESIAN_POINT('',(182.,15.4461889738805,-19.9699716193866));
#4903=CARTESIAN_POINT('',(182.,9.26503599212713,-9.10755863523567));
#4904=CARTESIAN_POINT('',(186.,15.4461889738805,-19.9699716193866));
#4905=CARTESIAN_POINT('',(186.,9.26503599212713,-9.10755863523567));
#4906=CARTESIAN_POINT('',(186.,15.4461889738805,-19.9699716193866));
#4907=CARTESIAN_POINT('Origin',(186.,9.6169622639274,-19.9335108050791));
#4908=CARTESIAN_POINT('',(182.,9.61696226392739,-19.9335108050791));
#4909=CARTESIAN_POINT('',(182.,4.74633133771359,-19.9030458431557));
#4910=CARTESIAN_POINT('',(186.,9.61696226392739,-19.9335108050791));
#4911=CARTESIAN_POINT('',(186.,4.74633133771359,-19.9030458431557));
#4912=CARTESIAN_POINT('',(186.,9.61696226392739,-19.9335108050791));
#4913=CARTESIAN_POINT('Origin',(186.,6.67077291751788,-24.9635388131635));
#4914=CARTESIAN_POINT('',(182.,11.2621704598584,-17.1246474457882));
#4915=CARTESIAN_POINT('',(186.,11.2621704598584,-17.1246474457882));
#4916=CARTESIAN_POINT('Origin',(186.,-27.9461897189385,-17.5300276355554));
#4917=CARTESIAN_POINT('',(182.,-30.8292270824821,-12.4635388131635));
#4918=CARTESIAN_POINT('',(182.,-27.9461897189385,-17.5300276355554));
#4919=CARTESIAN_POINT('',(182.,-28.2959843447161,-16.9153180989933));
#4920=CARTESIAN_POINT('',(186.,-30.8292270824821,-12.4635388131635));
#4921=CARTESIAN_POINT('',(186.,-30.8292270824821,-12.4635388131635));
#4922=CARTESIAN_POINT('',(186.,-27.9461897189385,-17.5300276355554));
#4923=CARTESIAN_POINT('',(186.,-28.2959843447161,-16.9153180989933));
#4924=CARTESIAN_POINT('',(186.,-27.9461897189385,-17.5300276355554));
#4925=CARTESIAN_POINT('Origin',(186.,-22.1169630089855,-17.5664884498629));
#4926=CARTESIAN_POINT('',(182.,-22.1169630089855,-17.5664884498629));
#4927=CARTESIAN_POINT('',(182.,-11.113849665724,-17.6353110385826));
#4928=CARTESIAN_POINT('',(186.,-22.1169630089855,-17.5664884498629));
#4929=CARTESIAN_POINT('',(186.,-11.113849665724,-17.6353110385826));
#4930=CARTESIAN_POINT('',(186.,-22.1169630089855,-17.5664884498629));
#4931=CARTESIAN_POINT('Origin',(186.,-19.1707736625759,-12.5364604417785));
#4932=CARTESIAN_POINT('',(182.,-19.1707736625759,-12.5364604417785));
#4933=CARTESIAN_POINT('',(182.,-13.9887054556396,-3.68911726186381));
#4934=CARTESIAN_POINT('',(186.,-19.1707736625759,-12.5364604417785));
#4935=CARTESIAN_POINT('',(186.,-13.9887054556396,-3.68911726186381));
#4936=CARTESIAN_POINT('',(186.,-19.1707736625759,-12.5364604417785));
#4937=CARTESIAN_POINT('Origin',(186.,-22.0538110261195,-7.46997161938657));
#4938=CARTESIAN_POINT('',(182.,-22.0538110261195,-7.46997161938657));
#4939=CARTESIAN_POINT('',(182.,-20.9620869701253,-9.38850649402049));
#4940=CARTESIAN_POINT('',(186.,-22.0538110261195,-7.46997161938657));
#4941=CARTESIAN_POINT('',(186.,-20.9620869701253,-9.38850649402049));
#4942=CARTESIAN_POINT('',(186.,-22.0538110261195,-7.46997161938657));
#4943=CARTESIAN_POINT('Origin',(186.,-27.8830377360726,-7.43351080507905));
#4944=CARTESIAN_POINT('',(182.,-27.8830377360726,-7.43351080507905));
#4945=CARTESIAN_POINT('',(182.,-13.9653110378346,-7.52056380095254));
#4946=CARTESIAN_POINT('',(186.,-27.8830377360726,-7.43351080507905));
#4947=CARTESIAN_POINT('',(186.,-13.9653110378346,-7.52056380095254));
#4948=CARTESIAN_POINT('',(186.,-27.8830377360726,-7.43351080507905));
#4949=CARTESIAN_POINT('Origin',(186.,-30.8292270824821,-12.4635388131635));
#4950=CARTESIAN_POINT('',(182.,-24.174064202341,-1.10118162920658));
#4951=CARTESIAN_POINT('',(186.,-24.174064202341,-1.10118162920658));
#4952=CARTESIAN_POINT('Origin',(186.,22.0538102810615,-17.5300276355554));
#4953=CARTESIAN_POINT('',(182.,19.1707729175179,-12.4635388131635));
#4954=CARTESIAN_POINT('',(182.,22.0538102810615,-17.5300276355554));
#4955=CARTESIAN_POINT('',(182.,15.5889423535007,-6.16902985335254));
#4956=CARTESIAN_POINT('',(186.,19.1707729175179,-12.4635388131635));
#4957=CARTESIAN_POINT('',(186.,19.1707729175179,-12.4635388131635));
#4958=CARTESIAN_POINT('',(186.,22.0538102810615,-17.5300276355554));
#4959=CARTESIAN_POINT('',(186.,15.5889423535007,-6.16902985335254));
#4960=CARTESIAN_POINT('',(186.,22.0538102810615,-17.5300276355554));
#4961=CARTESIAN_POINT('Origin',(186.,27.8830369910145,-17.5664884498629));
#4962=CARTESIAN_POINT('',(182.,27.8830369910145,-17.5664884498629));
#4963=CARTESIAN_POINT('',(182.,13.8871283680525,-17.4789464394457));
#4964=CARTESIAN_POINT('',(186.,27.8830369910145,-17.5664884498629));
#4965=CARTESIAN_POINT('',(186.,13.8871283680525,-17.4789464394457));
#4966=CARTESIAN_POINT('',(186.,27.8830369910145,-17.5664884498629));
#4967=CARTESIAN_POINT('Origin',(186.,30.8292263374241,-12.5364604417785));
#4968=CARTESIAN_POINT('',(182.,30.8292263374241,-12.5364604417785));
#4969=CARTESIAN_POINT('',(182.,29.625389812367,-14.5917701066415));
#4970=CARTESIAN_POINT('',(186.,30.8292263374241,-12.5364604417785));
#4971=CARTESIAN_POINT('',(186.,29.625389812367,-14.5917701066415));
#4972=CARTESIAN_POINT('',(186.,30.8292263374241,-12.5364604417785));
#4973=CARTESIAN_POINT('Origin',(186.,27.9461889738805,-7.46997161938657));
#4974=CARTESIAN_POINT('',(182.,27.9461889738805,-7.46997161938657));
#4975=CARTESIAN_POINT('',(182.,22.9228397280915,1.35778175162031));
#4976=CARTESIAN_POINT('',(186.,27.9461889738805,-7.46997161938657));
#4977=CARTESIAN_POINT('',(186.,22.9228397280915,1.35778175162031));
#4978=CARTESIAN_POINT('',(186.,27.9461889738805,-7.46997161938657));
#4979=CARTESIAN_POINT('Origin',(186.,22.1169622639274,-7.43351080507905));
#4980=CARTESIAN_POINT('',(182.,22.1169622639274,-7.43351080507905));
#4981=CARTESIAN_POINT('',(182.,11.0356669959419,-7.36419920181564));
#4982=CARTESIAN_POINT('',(186.,22.1169622639274,-7.43351080507905));
#4983=CARTESIAN_POINT('',(186.,11.0356669959419,-7.36419920181564));
#4984=CARTESIAN_POINT('',(186.,22.1169622639274,-7.43351080507905));
#4985=CARTESIAN_POINT('Origin',(186.,19.1707729175179,-12.4635388131635));
#4986=CARTESIAN_POINT('',(182.,19.4400310656656,-12.0038344739843));
#4987=CARTESIAN_POINT('',(186.,19.4400310656656,-12.0038344739843));
#4988=CARTESIAN_POINT('Origin',(186.,-15.4461897189385,-5.03002763555538));
#4989=CARTESIAN_POINT('',(182.,-18.3292270824821,0.0364611868365383));
#4990=CARTESIAN_POINT('',(182.,-15.4461897189385,-5.03002763555538));
#4991=CARTESIAN_POINT('',(182.,-14.6381806087517,-6.44997771213736));
#4992=CARTESIAN_POINT('',(186.,-18.3292270824821,0.0364611868365383));
#4993=CARTESIAN_POINT('',(186.,-18.3292270824821,0.0364611868365383));
#4994=CARTESIAN_POINT('',(186.,-15.4461897189385,-5.03002763555538));
#4995=CARTESIAN_POINT('',(186.,-14.6381806087517,-6.44997771213736));
#4996=CARTESIAN_POINT('',(186.,-15.4461897189385,-5.03002763555538));
#4997=CARTESIAN_POINT('Origin',(186.,-9.61696300898546,-5.0664884498629));
#4998=CARTESIAN_POINT('',(182.,-9.61696300898545,-5.0664884498629));
#4999=CARTESIAN_POINT('',(182.,-4.82451400749563,-5.09646439724254));
#5000=CARTESIAN_POINT('',(186.,-9.61696300898545,-5.0664884498629));
#5001=CARTESIAN_POINT('',(186.,-4.82451400749563,-5.09646439724254));
#5002=CARTESIAN_POINT('',(186.,-9.61696300898545,-5.0664884498629));
#5003=CARTESIAN_POINT('Origin',(186.,-6.67077366257594,-0.0364604417784875));
#5004=CARTESIAN_POINT('',(182.,-6.67077366257594,-0.0364604417784875));
#5005=CARTESIAN_POINT('',(182.,-5.81084484983236,1.43169570994011));
#5006=CARTESIAN_POINT('',(186.,-6.67077366257594,-0.0364604417784875));
#5007=CARTESIAN_POINT('',(186.,-5.81084484983236,1.43169570994011));
#5008=CARTESIAN_POINT('',(186.,-6.67077366257594,-0.0364604417784875));
#5009=CARTESIAN_POINT('Origin',(186.,-9.55381102611951,5.03002838061343));
#5010=CARTESIAN_POINT('',(182.,-9.55381102611951,5.03002838061343));
#5011=CARTESIAN_POINT('',(182.,-7.3042832341609,1.0768338928355));
#5012=CARTESIAN_POINT('',(186.,-9.55381102611951,5.03002838061343));
#5013=CARTESIAN_POINT('',(186.,-7.3042832341609,1.0768338928355));
#5014=CARTESIAN_POINT('',(186.,-9.55381102611951,5.03002838061343));
#5015=CARTESIAN_POINT('Origin',(186.,-15.3830377360726,5.06648919492095));
#5016=CARTESIAN_POINT('',(182.,-15.3830377360726,5.06648919492095));
#5017=CARTESIAN_POINT('',(182.,-7.67597537960623,5.01828284038755));
#5018=CARTESIAN_POINT('',(186.,-15.3830377360726,5.06648919492095));
#5019=CARTESIAN_POINT('',(186.,-7.67597537960623,5.01828284038755));
#5020=CARTESIAN_POINT('',(186.,-15.3830377360726,5.06648919492095));
#5021=CARTESIAN_POINT('Origin',(186.,-18.3292270824821,0.0364611868365383));
#5022=CARTESIAN_POINT('',(182.,-15.9962035965338,4.01963134259734));
#5023=CARTESIAN_POINT('',(186.,-15.9962035965338,4.01963134259734));
#5024=CARTESIAN_POINT('Origin',(186.,-2.94618971893855,7.46997236444462));
#5025=CARTESIAN_POINT('',(182.,-5.82922708248212,12.5364611868365));
#5026=CARTESIAN_POINT('',(182.,-2.94618971893855,7.46997236444462));
#5027=CARTESIAN_POINT('',(182.,-0.980376872787311,4.01536267471863));
#5028=CARTESIAN_POINT('',(186.,-5.82922708248212,12.5364611868365));
#5029=CARTESIAN_POINT('',(186.,-5.82922708248212,12.5364611868365));
#5030=CARTESIAN_POINT('',(186.,-2.94618971893855,7.46997236444462));
#5031=CARTESIAN_POINT('',(186.,-0.980376872787311,4.01536267471863));
#5032=CARTESIAN_POINT('',(186.,-2.94618971893855,7.46997236444462));
#5033=CARTESIAN_POINT('Origin',(186.,2.88303699101454,7.4335115501371));
#5034=CARTESIAN_POINT('',(182.,2.88303699101454,7.4335115501371));
#5035=CARTESIAN_POINT('',(182.,1.46482165073273,7.44238224409755));
#5036=CARTESIAN_POINT('',(186.,2.88303699101454,7.4335115501371));
#5037=CARTESIAN_POINT('',(186.,1.46482165073273,7.44238224409755));
#5038=CARTESIAN_POINT('',(186.,2.88303699101454,7.4335115501371));
#5039=CARTESIAN_POINT('Origin',(186.,5.82922633742406,12.4635395582215));
#5040=CARTESIAN_POINT('',(182.,5.82922633742406,12.4635395582215));
#5041=CARTESIAN_POINT('',(182.,2.36701575597487,6.55250868174403));
#5042=CARTESIAN_POINT('',(186.,5.82922633742406,12.4635395582215));
#5043=CARTESIAN_POINT('',(186.,2.36701575597487,6.55250868174403));
#5044=CARTESIAN_POINT('',(186.,5.82922633742406,12.4635395582215));
#5045=CARTESIAN_POINT('Origin',(186.,2.94618897388049,17.5300283806134));
#5046=CARTESIAN_POINT('',(182.,2.94618897388049,17.5300283806134));
#5047=CARTESIAN_POINT('',(182.,6.35352050180352,11.5421742796915));
#5048=CARTESIAN_POINT('',(186.,2.94618897388049,17.5300283806134));
#5049=CARTESIAN_POINT('',(186.,6.35352050180352,11.5421742796915));
#5050=CARTESIAN_POINT('',(186.,2.94618897388049,17.5300283806134));
#5051=CARTESIAN_POINT('Origin',(186.,-2.8830377360726,17.5664891949209));
#5052=CARTESIAN_POINT('',(182.,-2.8830377360726,17.5664891949209));
#5053=CARTESIAN_POINT('',(182.,-1.38663972137787,17.5571294817276));
#5054=CARTESIAN_POINT('',(186.,-2.8830377360726,17.5664891949209));
#5055=CARTESIAN_POINT('',(186.,-1.38663972137787,17.5571294817276));
#5056=CARTESIAN_POINT('',(186.,-2.8830377360726,17.5664891949209));
#5057=CARTESIAN_POINT('Origin',(186.,-5.82922708248212,12.5364611868365));
#5058=CARTESIAN_POINT('',(182.,-7.81834299072656,9.14044431440126));
#5059=CARTESIAN_POINT('',(186.,-7.81834299072656,9.14044431440126));
#5060=CARTESIAN_POINT('Origin',(186.,9.55381028106145,19.9699723644446));
#5061=CARTESIAN_POINT('',(182.,6.67077291751788,25.0364611868365));
#5062=CARTESIAN_POINT('',(182.,9.55381028106145,19.9699723644446));
#5063=CARTESIAN_POINT('',(182.,12.6774268631771,14.4807030615746));
#5064=CARTESIAN_POINT('',(186.,6.67077291751788,25.0364611868365));
#5065=CARTESIAN_POINT('',(186.,6.67077291751788,25.0364611868365));
#5066=CARTESIAN_POINT('',(186.,9.55381028106145,19.9699723644446));
#5067=CARTESIAN_POINT('',(186.,12.6774268631771,14.4807030615746));
#5068=CARTESIAN_POINT('',(186.,9.55381028106145,19.9699723644446));
#5069=CARTESIAN_POINT('Origin',(186.,15.3830369910145,19.9335115501371));
#5070=CARTESIAN_POINT('',(182.,15.3830369910145,19.9335115501371));
#5071=CARTESIAN_POINT('',(182.,7.75415730896109,19.9812288854376));
#5072=CARTESIAN_POINT('',(186.,15.3830369910145,19.9335115501371));
#5073=CARTESIAN_POINT('',(186.,7.75415730896109,19.9812288854376));
#5074=CARTESIAN_POINT('',(186.,15.3830369910145,19.9335115501371));
#5075=CARTESIAN_POINT('Origin',(186.,18.3292263374241,24.9635395582215));
#5076=CARTESIAN_POINT('',(182.,18.3292263374241,24.9635395582215));
#5077=CARTESIAN_POINT('',(182.,10.5448763617821,11.673321653548));
#5078=CARTESIAN_POINT('',(186.,18.3292263374241,24.9635395582215));
#5079=CARTESIAN_POINT('',(186.,10.5448763617821,11.673321653548));
#5080=CARTESIAN_POINT('',(186.,18.3292263374241,24.9635395582215));
#5081=CARTESIAN_POINT('Origin',(186.,15.4461889738805,30.0300283806134));
#5082=CARTESIAN_POINT('',(182.,15.4461889738805,30.0300283806134));
#5083=CARTESIAN_POINT('',(182.,20.0113242377679,22.0075146665475));
#5084=CARTESIAN_POINT('',(186.,15.4461889738805,30.0300283806134));
#5085=CARTESIAN_POINT('',(186.,20.0113242377679,22.0075146665475));
#5086=CARTESIAN_POINT('',(186.,15.4461889738805,30.0300283806134));
#5087=CARTESIAN_POINT('Origin',(186.,9.6169622639274,30.0664891949209));
#5088=CARTESIAN_POINT('',(182.,9.61696226392739,30.0664891949209));
#5089=CARTESIAN_POINT('',(182.,4.90269593685049,30.0959761230677));
#5090=CARTESIAN_POINT('',(186.,9.61696226392739,30.0664891949209));
#5091=CARTESIAN_POINT('',(186.,4.90269593685049,30.0959761230677));
#5092=CARTESIAN_POINT('',(186.,9.61696226392739,30.0664891949209));
#5093=CARTESIAN_POINT('Origin',(186.,6.67077291751788,25.0364611868365));
#5094=CARTESIAN_POINT('',(182.,0.359517615080666,14.2612572862052));
#5095=CARTESIAN_POINT('',(186.,0.359517615080666,14.2612572862052));
#5096=CARTESIAN_POINT('Origin',(186.,-22.1169630089855,19.9335115501371));
#5097=CARTESIAN_POINT('',(182.,-27.9461897189385,19.9699723644446));
#5098=CARTESIAN_POINT('',(182.,-22.1169630089855,19.9335115501371));
#5099=CARTESIAN_POINT('',(182.,-10.9965762163713,19.863955436085));
#5100=CARTESIAN_POINT('',(186.,-27.9461897189385,19.9699723644446));
#5101=CARTESIAN_POINT('',(186.,-27.9461897189385,19.9699723644446));
#5102=CARTESIAN_POINT('',(186.,-22.1169630089855,19.9335115501371));
#5103=CARTESIAN_POINT('',(186.,-10.9965762163713,19.863955436085));
#5104=CARTESIAN_POINT('',(186.,-22.1169630089855,19.9335115501371));
#5105=CARTESIAN_POINT('Origin',(186.,-19.1707736625759,24.9635395582215));
#5106=CARTESIAN_POINT('',(182.,-19.1707736625759,24.9635395582215));
#5107=CARTESIAN_POINT('',(182.,-22.1656950892229,19.8503112871312));
#5108=CARTESIAN_POINT('',(186.,-19.1707736625759,24.9635395582215));
#5109=CARTESIAN_POINT('',(186.,-22.1656950892229,19.8503112871312));
#5110=CARTESIAN_POINT('',(186.,-19.1707736625759,24.9635395582215));
#5111=CARTESIAN_POINT('Origin',(186.,-22.0538110261195,30.0300283806134));
#5112=CARTESIAN_POINT('',(182.,-22.0538110261195,30.0300283806134));
#5113=CARTESIAN_POINT('',(182.,-12.9023707858947,13.9477984823169));
#5114=CARTESIAN_POINT('',(186.,-22.0538110261195,30.0300283806134));
#5115=CARTESIAN_POINT('',(186.,-12.9023707858947,13.9477984823169));
#5116=CARTESIAN_POINT('',(186.,-22.0538110261195,30.0300283806134));
#5117=CARTESIAN_POINT('Origin',(186.,-27.8830377360726,30.0664891949209));
#5118=CARTESIAN_POINT('',(182.,-27.8830377360726,30.0664891949209));
#5119=CARTESIAN_POINT('',(182.,-13.8480375884819,29.9787026737151));
#5120=CARTESIAN_POINT('',(186.,-27.8830377360726,30.0664891949209));
#5121=CARTESIAN_POINT('',(186.,-13.8480375884819,29.9787026737151));
#5122=CARTESIAN_POINT('',(186.,-27.8830377360726,30.0664891949209));
#5123=CARTESIAN_POINT('Origin',(186.,-30.8292270824821,25.0364611868365));
#5124=CARTESIAN_POINT('',(182.,-30.8292270824821,25.0364611868365));
#5125=CARTESIAN_POINT('',(182.,-32.3510538359243,22.4382469197885));
#5126=CARTESIAN_POINT('',(186.,-30.8292270824821,25.0364611868365));
#5127=CARTESIAN_POINT('',(186.,-32.3510538359243,22.4382469197885));
#5128=CARTESIAN_POINT('',(186.,-30.8292270824821,25.0364611868365));
#5129=CARTESIAN_POINT('Origin',(186.,-27.9461897189385,19.9699723644446));
#5130=CARTESIAN_POINT('',(182.,-20.2362681604855,6.42098687734402));
#5131=CARTESIAN_POINT('',(186.,-20.2362681604855,6.42098687734402));
#5132=CARTESIAN_POINT('Origin',(186.,22.0538102810615,19.9699723644446));
#5133=CARTESIAN_POINT('',(182.,19.1707729175179,25.0364611868365));
#5134=CARTESIAN_POINT('',(182.,22.0538102810615,19.9699723644446));
#5135=CARTESIAN_POINT('',(182.,23.6486585377313,17.1672751229848));
#5136=CARTESIAN_POINT('',(186.,19.1707729175179,25.0364611868365));
#5137=CARTESIAN_POINT('',(186.,19.1707729175179,25.0364611868365));
#5138=CARTESIAN_POINT('',(186.,22.0538102810615,19.9699723644446));
#5139=CARTESIAN_POINT('',(186.,23.6486585377313,17.1672751229848));
#5140=CARTESIAN_POINT('',(186.,22.0538102810615,19.9699723644446));
#5141=CARTESIAN_POINT('Origin',(186.,27.8830369910145,19.9335115501371));
#5142=CARTESIAN_POINT('',(182.,27.8830369910145,19.9335115501371));
#5143=CARTESIAN_POINT('',(182.,14.0044018174052,20.0203200352219));
#5144=CARTESIAN_POINT('',(186.,27.8830369910145,19.9335115501371));
#5145=CARTESIAN_POINT('',(186.,14.0044018174052,20.0203200352219));
#5146=CARTESIAN_POINT('',(186.,27.8830369910145,19.9335115501371));
#5147=CARTESIAN_POINT('Origin',(186.,30.8292263374241,24.9635395582215));
#5148=CARTESIAN_POINT('',(182.,30.8292263374241,24.9635395582215));
#5149=CARTESIAN_POINT('',(182.,21.4484001787837,8.94765844235353));
#5150=CARTESIAN_POINT('',(186.,30.8292263374241,24.9635395582215));
#5151=CARTESIAN_POINT('',(186.,21.4484001787837,8.94765844235353));
#5152=CARTESIAN_POINT('',(186.,30.8292263374241,24.9635395582215));
#5153=CARTESIAN_POINT('Origin',(186.,27.9461889738805,30.0300283806134));
#5154=CARTESIAN_POINT('',(182.,27.9461889738805,30.0300283806134));
#5155=CARTESIAN_POINT('',(182.,30.9825559123221,24.6940867279577));
#5156=CARTESIAN_POINT('',(186.,27.9461889738805,30.0300283806134));
#5157=CARTESIAN_POINT('',(186.,30.9825559123221,24.6940867279577));
#5158=CARTESIAN_POINT('',(186.,27.9461889738805,30.0300283806134));
#5159=CARTESIAN_POINT('Origin',(186.,22.1169622639274,30.0664891949209));
#5160=CARTESIAN_POINT('',(182.,22.1169622639274,30.0664891949209));
#5161=CARTESIAN_POINT('',(182.,11.1529404452946,30.135067272852));
#5162=CARTESIAN_POINT('',(186.,22.1169622639274,30.0664891949209));
#5163=CARTESIAN_POINT('',(186.,11.1529404452946,30.135067272852));
#5164=CARTESIAN_POINT('',(186.,22.1169622639274,30.0664891949209));
#5165=CARTESIAN_POINT('Origin',(186.,19.1707729175179,25.0364611868365));
#5166=CARTESIAN_POINT('',(182.,11.2630414320823,11.5355940750108));
#5167=CARTESIAN_POINT('',(186.,11.2630414320823,11.5355940750108));
#5168=CARTESIAN_POINT('Origin',(186.,-15.4461897189385,7.46997236444462));
#5169=CARTESIAN_POINT('',(182.,-18.3292270824821,12.5364611868365));
#5170=CARTESIAN_POINT('',(182.,-15.4461897189385,7.46997236444462));
#5171=CARTESIAN_POINT('',(182.,-11.9516085473415,1.32879061330843));
#5172=CARTESIAN_POINT('',(186.,-18.3292270824821,12.5364611868365));
#5173=CARTESIAN_POINT('',(186.,-18.3292270824821,12.5364611868365));
#5174=CARTESIAN_POINT('',(186.,-15.4461897189385,7.46997236444462));
#5175=CARTESIAN_POINT('',(186.,-11.9516085473415,1.32879061330843));
#5176=CARTESIAN_POINT('',(186.,-15.4461897189385,7.46997236444462));
#5177=CARTESIAN_POINT('Origin',(186.,-9.61696300898546,7.4335115501371));
#5178=CARTESIAN_POINT('',(182.,-9.61696300898545,7.4335115501371));
#5179=CARTESIAN_POINT('',(182.,-4.7854228577114,7.40329109431333));
#5180=CARTESIAN_POINT('',(186.,-9.61696300898545,7.4335115501371));
#5181=CARTESIAN_POINT('',(186.,-4.7854228577114,7.40329109431333));
#5182=CARTESIAN_POINT('',(186.,-9.61696300898545,7.4335115501371));
#5183=CARTESIAN_POINT('Origin',(186.,-6.67077366257594,12.4635395582215));
#5184=CARTESIAN_POINT('',(182.,-6.67077366257594,12.4635395582215));
#5185=CARTESIAN_POINT('',(182.,-8.53650806102679,9.27817189293846));
#5186=CARTESIAN_POINT('',(186.,-6.67077366257594,12.4635395582215));
#5187=CARTESIAN_POINT('',(186.,-8.53650806102679,9.27817189293846));
#5188=CARTESIAN_POINT('',(186.,-6.67077366257594,12.4635395582215));
#5189=CARTESIAN_POINT('Origin',(186.,-9.55381102611951,17.5300283806134));
#5190=CARTESIAN_POINT('',(182.,-9.55381102611951,17.5300283806134));
#5191=CARTESIAN_POINT('',(182.,-4.6177111727507,8.85560221828128));
#5192=CARTESIAN_POINT('',(186.,-9.55381102611951,17.5300283806134));
#5193=CARTESIAN_POINT('',(186.,-4.6177111727507,8.85560221828128));
#5194=CARTESIAN_POINT('',(186.,-9.55381102611951,17.5300283806134));
#5195=CARTESIAN_POINT('Origin',(186.,-15.3830377360726,17.5664891949209));
#5196=CARTESIAN_POINT('',(182.,-15.3830377360726,17.5664891949209));
#5197=CARTESIAN_POINT('',(182.,-7.636884229822,17.5180383319434));
#5198=CARTESIAN_POINT('',(186.,-15.3830377360726,17.5664891949209));
#5199=CARTESIAN_POINT('',(186.,-7.636884229822,17.5180383319434));
#5200=CARTESIAN_POINT('',(186.,-15.3830377360726,17.5664891949209));
#5201=CARTESIAN_POINT('Origin',(186.,-18.3292270824821,12.5364611868365));
#5202=CARTESIAN_POINT('',(182.,-18.7218668077282,11.8661075255957));
#5203=CARTESIAN_POINT('',(186.,-18.7218668077282,11.8661075255957));
#5204=CARTESIAN_POINT('Origin',(186.,-2.94618971893855,-5.03002763555538));
#5205=CARTESIAN_POINT('',(182.,-5.82922708248212,0.0364611868365383));
#5206=CARTESIAN_POINT('',(182.,-2.94618971893855,-5.03002763555538));
#5207=CARTESIAN_POINT('',(182.,-3.66694893419751,-3.76340565072716));
#5208=CARTESIAN_POINT('',(186.,-5.82922708248212,0.0364611868365383));
#5209=CARTESIAN_POINT('',(186.,-5.82922708248212,0.0364611868365383));
#5210=CARTESIAN_POINT('',(186.,-2.94618971893855,-5.03002763555538));
#5211=CARTESIAN_POINT('',(186.,-3.66694893419751,-3.76340565072716));
#5212=CARTESIAN_POINT('',(186.,-2.94618971893855,-5.03002763555538));
#5213=CARTESIAN_POINT('Origin',(186.,2.88303699101454,-5.0664884498629));
#5214=CARTESIAN_POINT('',(182.,2.88303699101454,-5.0664884498629));
#5215=CARTESIAN_POINT('',(182.,1.42573050094851,-5.05737324745831));
#5216=CARTESIAN_POINT('',(186.,2.88303699101454,-5.0664884498629));
#5217=CARTESIAN_POINT('',(186.,1.42573050094851,-5.05737324745831));
#5218=CARTESIAN_POINT('',(186.,2.88303699101454,-5.0664884498629));
#5219=CARTESIAN_POINT('Origin',(186.,5.82922633742406,-0.0364604417784875));
#5220=CARTESIAN_POINT('',(182.,5.82922633742406,-0.0364604417784875));
#5221=CARTESIAN_POINT('',(182.,5.09267896716929,-1.29396750125431));
#5222=CARTESIAN_POINT('',(186.,5.82922633742406,-0.0364604417784875));
#5223=CARTESIAN_POINT('',(186.,5.09267896716929,-1.29396750125431));
#5224=CARTESIAN_POINT('',(186.,5.82922633742406,-0.0364604417784875));
#5225=CARTESIAN_POINT('Origin',(186.,2.94618897388049,5.03002838061343));
#5226=CARTESIAN_POINT('',(182.,2.94618897388049,5.03002838061343));
#5227=CARTESIAN_POINT('',(182.,3.66694844039332,3.7634059542457));
#5228=CARTESIAN_POINT('',(186.,2.94618897388049,5.03002838061343));
#5229=CARTESIAN_POINT('',(186.,3.66694844039332,3.7634059542457));
#5230=CARTESIAN_POINT('',(186.,2.94618897388049,5.03002838061343));
#5231=CARTESIAN_POINT('Origin',(186.,-2.8830377360726,5.06648919492095));
#5232=CARTESIAN_POINT('',(182.,-2.8830377360726,5.06648919492095));
#5233=CARTESIAN_POINT('',(182.,-1.4257308711621,5.05737399017177));
#5234=CARTESIAN_POINT('',(186.,-2.8830377360726,5.06648919492095));
#5235=CARTESIAN_POINT('',(186.,-1.4257308711621,5.05737399017177));
#5236=CARTESIAN_POINT('',(186.,-2.8830377360726,5.06648919492095));
#5237=CARTESIAN_POINT('Origin',(186.,-5.82922708248212,0.0364611868365383));
#5238=CARTESIAN_POINT('',(182.,-5.09267977953214,1.29396813140292));
#5239=CARTESIAN_POINT('',(186.,-5.09267977953214,1.29396813140292));
#5240=CARTESIAN_POINT('Origin',(186.,9.55381028106145,-17.5300276355554));
#5241=CARTESIAN_POINT('',(182.,6.67077291751788,-12.4635388131635));
#5242=CARTESIAN_POINT('',(182.,9.55381028106145,-17.5300276355554));
#5243=CARTESIAN_POINT('',(182.,4.6177106789465,-8.85560191476274));
#5244=CARTESIAN_POINT('',(186.,6.67077291751788,-12.4635388131635));
#5245=CARTESIAN_POINT('',(186.,6.67077291751788,-12.4635388131635));
#5246=CARTESIAN_POINT('',(186.,9.55381028106145,-17.5300276355554));
#5247=CARTESIAN_POINT('',(186.,4.6177106789465,-8.85560191476274));
#5248=CARTESIAN_POINT('',(186.,9.55381028106145,-17.5300276355554));
#5249=CARTESIAN_POINT('Origin',(186.,15.3830369910145,-17.5664884498629));
#5250=CARTESIAN_POINT('',(182.,15.3830369910145,-17.5664884498629));
#5251=CARTESIAN_POINT('',(182.,7.63688385960841,-17.51803758923));
#5252=CARTESIAN_POINT('',(186.,15.3830369910145,-17.5664884498629));
#5253=CARTESIAN_POINT('',(186.,7.63688385960841,-17.51803758923));
#5254=CARTESIAN_POINT('',(186.,15.3830369910145,-17.5664884498629));
#5255=CARTESIAN_POINT('Origin',(186.,18.3292263374241,-12.5364604417785));
#5256=CARTESIAN_POINT('',(182.,18.3292263374241,-12.5364604417785));
#5257=CARTESIAN_POINT('',(182.,18.7218659953654,-11.8661068954471));
#5258=CARTESIAN_POINT('',(186.,18.3292263374241,-12.5364604417785));
#5259=CARTESIAN_POINT('',(186.,18.7218659953654,-11.8661068954471));
#5260=CARTESIAN_POINT('',(186.,18.3292263374241,-12.5364604417785));
#5261=CARTESIAN_POINT('Origin',(186.,15.4461889738805,-7.46997161938657));
#5262=CARTESIAN_POINT('',(182.,15.4461889738805,-7.46997161938657));
#5263=CARTESIAN_POINT('',(182.,11.9516080535373,-1.32879030978989));
#5264=CARTESIAN_POINT('',(186.,15.4461889738805,-7.46997161938657));
#5265=CARTESIAN_POINT('',(186.,11.9516080535373,-1.32879030978989));
#5266=CARTESIAN_POINT('',(186.,15.4461889738805,-7.46997161938657));
#5267=CARTESIAN_POINT('Origin',(186.,9.6169622639274,-7.43351080507905));
#5268=CARTESIAN_POINT('',(182.,9.61696226392739,-7.43351080507905));
#5269=CARTESIAN_POINT('',(182.,4.78542248749781,-7.40329035159987));
#5270=CARTESIAN_POINT('',(186.,9.61696226392739,-7.43351080507905));
#5271=CARTESIAN_POINT('',(186.,4.78542248749781,-7.40329035159987));
#5272=CARTESIAN_POINT('',(186.,9.61696226392739,-7.43351080507905));
#5273=CARTESIAN_POINT('Origin',(186.,6.67077291751788,-12.4635388131635));
#5274=CARTESIAN_POINT('',(182.,8.53650724866394,-9.27817126278985));
#5275=CARTESIAN_POINT('',(186.,8.53650724866394,-9.27817126278985));
#5276=CARTESIAN_POINT('Origin',(186.,-27.9461897189385,-30.0300276355554));
#5277=CARTESIAN_POINT('',(182.,-30.8292270824821,-24.9635388131635));
#5278=CARTESIAN_POINT('',(182.,-27.9461897189385,-30.0300276355554));
#5279=CARTESIAN_POINT('',(182.,-30.9825564061263,-24.6940864244391));
#5280=CARTESIAN_POINT('',(186.,-30.8292270824821,-24.9635388131635));
#5281=CARTESIAN_POINT('',(186.,-30.8292270824821,-24.9635388131635));
#5282=CARTESIAN_POINT('',(186.,-27.9461897189385,-30.0300276355554));
#5283=CARTESIAN_POINT('',(186.,-30.9825564061263,-24.6940864244391));
#5284=CARTESIAN_POINT('',(186.,-27.9461897189385,-30.0300276355554));
#5285=CARTESIAN_POINT('Origin',(186.,-22.1169630089855,-30.0664884498629));
#5286=CARTESIAN_POINT('',(182.,-22.1169630089855,-30.0664884498629));
#5287=CARTESIAN_POINT('',(182.,-11.1529408155082,-30.1350665301385));
#5288=CARTESIAN_POINT('',(186.,-22.1169630089855,-30.0664884498629));
#5289=CARTESIAN_POINT('',(186.,-11.1529408155082,-30.1350665301385));
#5290=CARTESIAN_POINT('',(186.,-22.1169630089855,-30.0664884498629));
#5291=CARTESIAN_POINT('Origin',(186.,-19.1707736625759,-25.0364604417785));
#5292=CARTESIAN_POINT('',(182.,-19.1707736625759,-25.0364604417785));
#5293=CARTESIAN_POINT('',(182.,-11.2630422444452,-11.5355934448622));
#5294=CARTESIAN_POINT('',(186.,-19.1707736625759,-25.0364604417785));
#5295=CARTESIAN_POINT('',(186.,-11.2630422444452,-11.5355934448622));
#5296=CARTESIAN_POINT('',(186.,-19.1707736625759,-25.0364604417785));
#5297=CARTESIAN_POINT('Origin',(186.,-22.0538110261195,-19.9699716193866));
#5298=CARTESIAN_POINT('',(182.,-22.0538110261195,-19.9699716193866));
#5299=CARTESIAN_POINT('',(182.,-23.6486590315355,-17.1672748194663));
#5300=CARTESIAN_POINT('',(186.,-22.0538110261195,-19.9699716193866));
#5301=CARTESIAN_POINT('',(186.,-23.6486590315355,-17.1672748194663));
#5302=CARTESIAN_POINT('',(186.,-22.0538110261195,-19.9699716193866));
#5303=CARTESIAN_POINT('Origin',(186.,-27.8830377360726,-19.9335108050791));
#5304=CARTESIAN_POINT('',(182.,-27.8830377360726,-19.9335108050791));
#5305=CARTESIAN_POINT('',(182.,-14.0044021876188,-20.0203192925084));
#5306=CARTESIAN_POINT('',(186.,-27.8830377360726,-19.9335108050791));
#5307=CARTESIAN_POINT('',(186.,-14.0044021876188,-20.0203192925084));
#5308=CARTESIAN_POINT('',(186.,-27.8830377360726,-19.9335108050791));
#5309=CARTESIAN_POINT('Origin',(186.,-30.8292270824821,-24.9635388131635));
#5310=CARTESIAN_POINT('',(182.,-21.4484009911466,-8.94765781220493));
#5311=CARTESIAN_POINT('',(186.,-21.4484009911466,-8.94765781220493));
#5312=CARTESIAN_POINT('Origin',(186.,22.0538102810615,-30.0300276355554));
#5313=CARTESIAN_POINT('',(182.,19.1707729175179,-24.9635388131635));
#5314=CARTESIAN_POINT('',(182.,22.0538102810615,-30.0300276355554));
#5315=CARTESIAN_POINT('',(182.,12.9023702920905,-13.9477981787983));
#5316=CARTESIAN_POINT('',(186.,19.1707729175179,-24.9635388131635));
#5317=CARTESIAN_POINT('',(186.,19.1707729175179,-24.9635388131635));
#5318=CARTESIAN_POINT('',(186.,22.0538102810615,-30.0300276355554));
#5319=CARTESIAN_POINT('',(186.,12.9023702920905,-13.9477981787983));
#5320=CARTESIAN_POINT('',(186.,22.0538102810615,-30.0300276355554));
#5321=CARTESIAN_POINT('Origin',(186.,27.8830369910145,-30.0664884498629));
#5322=CARTESIAN_POINT('',(182.,27.8830369910145,-30.0664884498629));
#5323=CARTESIAN_POINT('',(182.,13.8480372182683,-29.9787019310016));
#5324=CARTESIAN_POINT('',(186.,27.8830369910145,-30.0664884498629));
#5325=CARTESIAN_POINT('',(186.,13.8480372182683,-29.9787019310016));
#5326=CARTESIAN_POINT('',(186.,27.8830369910145,-30.0664884498629));
#5327=CARTESIAN_POINT('Origin',(186.,30.8292263374241,-25.0364604417785));
#5328=CARTESIAN_POINT('',(182.,30.8292263374241,-25.0364604417785));
#5329=CARTESIAN_POINT('',(182.,32.3510530235614,-22.4382462896399));
#5330=CARTESIAN_POINT('',(186.,30.8292263374241,-25.0364604417785));
#5331=CARTESIAN_POINT('',(186.,32.3510530235614,-22.4382462896399));
#5332=CARTESIAN_POINT('',(186.,30.8292263374241,-25.0364604417785));
#5333=CARTESIAN_POINT('Origin',(186.,27.9461889738805,-19.9699716193866));
#5334=CARTESIAN_POINT('',(182.,27.9461889738805,-19.9699716193866));
#5335=CARTESIAN_POINT('',(182.,20.2362676666813,-6.42098657382547));
#5336=CARTESIAN_POINT('',(186.,27.9461889738805,-19.9699716193866));
#5337=CARTESIAN_POINT('',(186.,20.2362676666813,-6.42098657382547));
#5338=CARTESIAN_POINT('',(186.,27.9461889738805,-19.9699716193866));
#5339=CARTESIAN_POINT('Origin',(186.,22.1169622639274,-19.9335108050791));
#5340=CARTESIAN_POINT('',(182.,22.1169622639274,-19.9335108050791));
#5341=CARTESIAN_POINT('',(182.,10.9965758461577,-19.8639546933715));
#5342=CARTESIAN_POINT('',(186.,22.1169622639274,-19.9335108050791));
#5343=CARTESIAN_POINT('',(186.,10.9965758461577,-19.8639546933715));
#5344=CARTESIAN_POINT('',(186.,22.1169622639274,-19.9335108050791));
#5345=CARTESIAN_POINT('Origin',(186.,19.1707729175179,-24.9635388131635));
#5346=CARTESIAN_POINT('',(182.,22.16569427686,-19.8503106569826));
#5347=CARTESIAN_POINT('',(186.,22.16569427686,-19.8503106569826));
#5348=CARTESIAN_POINT('Origin',(182.,-35.,35.));
#5349=CARTESIAN_POINT('',(182.,-35.,-35.));
#5350=CARTESIAN_POINT('',(182.,-35.,35.));
#5351=CARTESIAN_POINT('',(182.,-35.,-35.));
#5352=CARTESIAN_POINT('',(186.,-35.,-35.));
#5353=CARTESIAN_POINT('',(182.,-35.,-35.));
#5354=CARTESIAN_POINT('',(186.,-35.,35.));
#5355=CARTESIAN_POINT('',(186.,-35.,-35.));
#5356=CARTESIAN_POINT('',(182.,-35.,35.));
#5357=CARTESIAN_POINT('Origin',(182.,35.,35.));
#5358=CARTESIAN_POINT('',(182.,35.,35.));
#5359=CARTESIAN_POINT('',(182.,-35.,35.));
#5360=CARTESIAN_POINT('',(186.,35.,35.));
#5361=CARTESIAN_POINT('',(186.,-35.,35.));
#5362=CARTESIAN_POINT('',(182.,35.,35.));
#5363=CARTESIAN_POINT('Origin',(182.,35.,-35.));
#5364=CARTESIAN_POINT('',(182.,35.,-35.));
#5365=CARTESIAN_POINT('',(182.,35.,35.));
#5366=CARTESIAN_POINT('',(186.,35.,-35.));
#5367=CARTESIAN_POINT('',(186.,35.,35.));
#5368=CARTESIAN_POINT('',(182.,35.,-35.));
#5369=CARTESIAN_POINT('Origin',(182.,-35.,-35.));
#5370=CARTESIAN_POINT('',(182.,35.,-35.));
#5371=CARTESIAN_POINT('',(186.,35.,-35.));
#5372=CARTESIAN_POINT('Origin',(186.,0.,-4.44089209850063E-15));
#5373=CARTESIAN_POINT('Origin',(182.,0.,-4.44089209850063E-15));
#5374=UNCERTAINTY_MEASURE_WITH_UNIT(LENGTH_MEASURE(0.01),#5378,
'DISTANCE_ACCURACY_VALUE',
'Maximum model space distance between geometric entities at asserted c
onnectivities');
#5375=UNCERTAINTY_MEASURE_WITH_UNIT(LENGTH_MEASURE(0.01),#5378,
'DISTANCE_ACCURACY_VALUE',
'Maximum model space distance between geometric entities at asserted c
onnectivities');
#5376=(
GEOMETRIC_REPRESENTATION_CONTEXT(3)
GLOBAL_UNCERTAINTY_ASSIGNED_CONTEXT((#5374))
GLOBAL_UNIT_ASSIGNED_CONTEXT((#5378,#5379,#5380))
REPRESENTATION_CONTEXT('','3D')
);
#5377=(
GEOMETRIC_REPRESENTATION_CONTEXT(3)
GLOBAL_UNCERTAINTY_ASSIGNED_CONTEXT((#5375))
GLOBAL_UNIT_ASSIGNED_CONTEXT((#5378,#5379,#5380))
REPRESENTATION_CONTEXT('','3D')
);
#5378=(
LENGTH_UNIT()
NAMED_UNIT(*)
SI_UNIT(.MILLI.,.METRE.)
);
#5379=(
NAMED_UNIT(*)
PLANE_ANGLE_UNIT()
SI_UNIT($,.RADIAN.)
);
#5380=(
NAMED_UNIT(*)
SI_UNIT($,.STERADIAN.)
SOLID_ANGLE_UNIT()
);
#5381=SHAPE_DEFINITION_REPRESENTATION(#5382,#5383);
#5382=PRODUCT_DEFINITION_SHAPE('',$,#5385);
#5383=SHAPE_REPRESENTATION('',(#3450),#5376);
#5384=PRODUCT_DEFINITION_CONTEXT('part definition',#5389,'design');
#5385=PRODUCT_DEFINITION('2026-07-21-18-37-04-393','Main Housing',#5386,
#5384);
#5386=PRODUCT_DEFINITION_FORMATION('',$,#5391);
#5387=PRODUCT_RELATED_PRODUCT_CATEGORY('Main Housing','Main Housing',(#5391));
#5388=APPLICATION_PROTOCOL_DEFINITION('international standard',
'automotive_design',2009,#5389);
#5389=APPLICATION_CONTEXT(
'Core Data for Automotive Mechanical Design Process');
#5390=PRODUCT_CONTEXT('part definition',#5389,'mechanical');
#5391=PRODUCT('2026-07-21-18-37-04-393','Main Housing',$,(#5390));
#5392=PRESENTATION_STYLE_ASSIGNMENT((#5393));
#5393=SURFACE_STYLE_USAGE(.BOTH.,#5394);
#5394=SURFACE_SIDE_STYLE('',(#5395));
#5395=SURFACE_STYLE_FILL_AREA(#5396);
#5396=FILL_AREA_STYLE('Steel - Satin',(#5397));
#5397=FILL_AREA_STYLE_COLOUR('Steel - Satin',#5398);
#5398=COLOUR_RGB('Steel - Satin',0.627450980392157,0.627450980392157,0.627450980392157);
ENDSEC;
END-ISO-10303-21;
